ISO-10303-21;
HEADER;
FILE_DESCRIPTION (( 'STEP AP214' ),
    '1' );
FILE_NAME ('Base_Link.STEP',
    '2021-06-22T07:08:34',
    ( 'User' ),
    ( '' ),
    'SwSTEP 2.0',
    'SolidWorks 2016',
    '' );
FILE_SCHEMA (( 'AUTOMOTIVE_DESIGN' ));
ENDSEC;

DATA;
#1 = DIRECTION ( 'NONE',  ( 0.0000000000000000000, 0.0000000000000000000, 1.000000000000000000 ) ) ;
#2 = CARTESIAN_POINT ( 'NONE',  ( -0.02574038683519799500, 3.417060338971700300, -4.000000000000000000 ) ) ;
#3 = VERTEX_POINT ( 'NONE', #1224 ) ;
#4 = CARTESIAN_POINT ( 'NONE',  ( 43.58992986388000200, 80.68293798109000600, 18.80000000000000100 ) ) ;
#5 = CARTESIAN_POINT ( 'NONE',  ( 52.67671713119000300, -67.09522889883000100, 39.60000000000000100 ) ) ;
#7 = B_SPLINE_SURFACE_WITH_KNOTS ( 'NONE', 3, 3, ( 
 ( #1986, #2508, #2952, #3267 ),
 ( #1555, #1099, #2478, #2283 ),
 ( #3846, #1391, #3010, #1077 ),
 ( #2093, #3182, #2909, #3781 ),
 ( #2108, #1210, #2886, #3191 ),
 ( #4, #2827, #433, #2335 ),
 ( #2654, #3576, #730, #2443 ),
 ( #2417, #2613, #1697, #1851 ),
 ( #139, #2840, #2238, #3047 ),
 ( #596, #517, #3502, #1319 ),
 ( #2021, #1020, #3794, #806 ),
 ( #1417, #1361, #2375, #3217 ),
 ( #1732, #816, #3203, #204 ),
 ( #436, #3714, #3472, #3734 ),
 ( #2667, #259, #1162, #2676 ),
 ( #3608, #1173, #2403, #3590 ),
 ( #1047, #315, #1310, #2717 ),
 ( #926, #330, #2428, #1305 ),
 ( #1535, #3630, #2743, #2297 ),
 ( #793, #342, #664, #2152 ) ),
 .UNSPECIFIED., .F., .F., .F.,
 ( 4, 1, 1, 1, 1, 1, 1, 1, 1, 1, 1, 1, 1, 1, 1, 1, 1, 4 ),
 ( 4, 4 ),
 ( -0.009511749430291999800, 0.0000000000000000000, 0.06250000000000000000, 0.1250000000000000000, 0.1875000000000000000, 0.2500000000000000000, 0.3750000000000000000, 0.4375000000000000000, 0.5000000000000000000, 0.6250000000000000000, 0.7187500000000000000, 0.7500000000000000000, 0.8125000000000000000, 0.8750000000000000000, 0.9062500000000000000, 0.9531250000000000000, 1.000000000000000000, 1.009552215836000000 ),
 ( -0.02000000000000000000, 1.020000000000000000 ),
 .UNSPECIFIED. ) ;
#6 = DIRECTION ( 'NONE',  ( -1.000000000000000000, 0.0000000000000000000, 0.0000000000000000000 ) ) ;
#8 = LINE ( 'NONE', #717, #3536 ) ;
#9 = EDGE_CURVE ( 'NONE', #2395, #1808, #1461, .T. ) ;
#10 = CARTESIAN_POINT ( 'NONE',  ( 0.02105367410250324000, -3.299937306577854100, -3.999999999989524800 ) ) ;
#11 = B_SPLINE_SURFACE_WITH_KNOTS ( 'NONE', 3, 3, ( 
 ( #1102, #2546, #1685, #1032 ),
 ( #1612, #757, #583, #217 ),
 ( #190, #1628, #2346, #3294 ),
 ( #3647, #3617, #2640, #625 ),
 ( #3459, #3901, #478, #179 ),
 ( #170, #742, #1639, #3419 ),
 ( #1946, #3740, #2248, #448 ),
 ( #2558, #2850, #1333, #2142 ),
 ( #567, #1238, #244, #1520 ) ),
 .UNSPECIFIED., .F., .F., .F.,
 ( 4, 1, 1, 1, 1, 1, 4 ),
 ( 4, 4 ),
 ( -0.02042424038407000100, 0.0000000000000000000, 0.2500000000000000000, 0.5000000000000000000, 0.7500000000000000000, 1.000000000000000000, 1.020566973914000000 ),
 ( 0.3147762786453999800, 1.013435759242000000 ),
 .UNSPECIFIED. ) ;
#12 = CARTESIAN_POINT ( 'NONE',  ( -57.85446736565863500, -66.97149708379551200, 38.90842666240381200 ) ) ;
#13 = CARTESIAN_POINT ( 'NONE',  ( 4.233710771758373100, 59.85153839913870400, 31.23513435795956300 ) ) ;
#14 = LINE ( 'NONE', #2279, #2431 ) ;
#15 = CARTESIAN_POINT ( 'NONE',  ( 1.978114776087211500, 2.642732990787967300, -3.999999148600713800 ) ) ;
#16 = CARTESIAN_POINT ( 'NONE',  ( -66.79963367521000400, -59.44919673276000100, 38.88657671872000100 ) ) ;
#17 = CARTESIAN_POINT ( 'NONE',  ( -66.26074232477999700, 59.20897427781000000, 39.60000000000000100 ) ) ;
#18 = CYLINDRICAL_SURFACE ( 'NONE', #1309, 10.00000000000000200 ) ;
#19 = CARTESIAN_POINT ( 'NONE',  ( -42.22578581893115800, -28.64637112899211100, 80.00000000000001400 ) ) ;
#20 = CARTESIAN_POINT ( 'NONE',  ( 1.732050807568977100, -1.336279177588384200E-014, -4.000000000000000000 ) ) ;
#22 = B_SPLINE_SURFACE_WITH_KNOTS ( 'NONE', 3, 3, ( 
 ( #1624, #3675, #2826, #1008 ),
 ( #2167, #1611, #728, #3323 ),
 ( #3110, #1211, #3037, #2744 ),
 ( #3395, #996, #2838, #692 ),
 ( #2810, #940, #2183, #3648 ),
 ( #1331, #1852, #2624, #1968 ),
 ( #543, #650, #379, #1507 ),
 ( #3307, #1031, #446, #755 ),
 ( #2849, #2194, #419, #86 ),
 ( #706, #1582, #3686, #3048 ),
 ( #3372, #2418, #3025, #37 ),
 ( #1223, #3364, #666, #1565 ),
 ( #2460, #54, #2787, #3411 ),
 ( #1865, #1019, #3829, #1931 ),
 ( #1728, #1344, #3444, #529 ),
 ( #1043, #3154, #164, #767 ),
 ( #2032, #5, #3767, #2131 ),
 ( #3074, #2153, #1252, #2477 ),
 ( #967, #2492, #679, #2143 ),
 ( #343, #3712, #3348, #977 ) ),
 .UNSPECIFIED., .F., .F., .F.,
 ( 4, 1, 1, 1, 1, 1, 1, 1, 1, 1, 1, 1, 1, 1, 1, 1, 1, 4 ),
 ( 4, 4 ),
 ( -0.009511749430291999800, 0.0000000000000000000, 0.06250000000000000000, 0.1250000000000000000, 0.1875000000000000000, 0.2500000000000000000, 0.3750000000000000000, 0.4375000000000000000, 0.5000000000000000000, 0.6250000000000000000, 0.7187500000000000000, 0.7500000000000000000, 0.8125000000000000000, 0.8750000000000000000, 0.9062500000000000000, 0.9531250000000000000, 1.000000000000000000, 1.009552215836000000 ),
 ( -0.02000000000000000000, 1.020000000000000000 ),
 .UNSPECIFIED. ) ;
#21 = DIRECTION ( 'NONE',  ( 0.0000000000000000000, 0.0000000000000000000, -1.000000000000000000 ) ) ;
#23 = ORIENTED_EDGE ( 'NONE', *, *, #2099, .T. ) ;
#24 = FACE_OUTER_BOUND ( 'NONE', #2177, .T. ) ;
#25 = ADVANCED_FACE ( 'NONE', ( #2278 ), #2189, .F. ) ;
#26 = FACE_OUTER_BOUND ( 'NONE', #3708, .T. ) ;
#27 = AXIS2_PLACEMENT_3D ( 'NONE', #1982, #1263, #1363 ) ;
#28 = B_SPLINE_SURFACE_WITH_KNOTS ( 'NONE', 3, 3, ( 
 ( #2626, #17, #3871, #299 ),
 ( #3587, #3280, #1479, #1762 ),
 ( #1170, #1112, #878, #2686 ),
 ( #255, #2674, #2063, #579 ),
 ( #3830, #2638, #229, #1124 ),
 ( #2413, #544, #1747, #1491 ),
 ( #202, #1563, #2222, #1504 ),
 ( #463, #2515, #986, #1546 ),
 ( #607, #3615, #635, #2327 ),
 ( #811, #1410, #1743, #471 ),
 ( #2528, #713, #703, #3495 ),
 ( #2490, #924, #31, #2932 ),
 ( #198, #2127, #2310, #3085 ),
 ( #3369, #1911, #2819, #1924 ),
 ( #414, #1290, #107, #3390 ),
 ( #117, #2219, #1302, #2524 ),
 ( #3638, #1845, #657, #3445 ),
 ( #1969, #3168, #1357, #2882 ),
 ( #166, #2863, #2581, #3156 ),
 ( #1058, #475, #1672, #1345 ) ),
 .UNSPECIFIED., .F., .F., .F.,
 ( 4, 1, 1, 1, 1, 1, 1, 1, 1, 1, 1, 1, 1, 1, 1, 1, 1, 4 ),
 ( 4, 4 ),
 ( -0.009511749430291999800, 0.0000000000000000000, 0.06250000000000000000, 0.1250000000000000000, 0.1875000000000000000, 0.2500000000000000000, 0.3750000000000000000, 0.4375000000000000000, 0.5000000000000000000, 0.6250000000000000000, 0.7187500000000000000, 0.7500000000000000000, 0.8125000000000000000, 0.8750000000000000000, 0.9062500000000000000, 0.9531250000000000000, 1.000000000000000000, 1.009552215836000000 ),
 ( -0.02000000000000000000, 1.020000000000000000 ),
 .UNSPECIFIED. ) ;
#29 = CARTESIAN_POINT ( 'NONE',  ( -4.147073309757054500E-016, 3.299999999999999800, -4.000000000000000000 ) ) ;
#30 = VERTEX_POINT ( 'NONE', #1670 ) ;
#31 = CARTESIAN_POINT ( 'NONE',  ( -59.08486581428000800, -18.73765394535000100, 60.40000000000000600 ) ) ;
#32 = CARTESIAN_POINT ( 'NONE',  ( -59.99999999999650400, 0.0000000000000000000, 40.00000000000000000 ) ) ;
#33 = EDGE_CURVE ( 'NONE', #1453, #1746, #3080, .T. ) ;
#34 = DIRECTION ( 'NONE',  ( 0.0000000000000000000, 0.0000000000000000000, -1.000000000000000000 ) ) ;
#35 = CARTESIAN_POINT ( 'NONE',  ( 58.30176939622641200, -65.57309218624730800, 40.60450666239710700 ) ) ;
#36 = SHAPE_DEFINITION_REPRESENTATION ( #892, #2747 ) ;
#37 = CARTESIAN_POINT ( 'NONE',  ( 8.455449541561002000, -49.90385560309999800, 81.20000000000000300 ) ) ;
#38 = EDGE_CURVE ( 'NONE', #2898, #3529, #3849, .T. ) ;
#39 = CARTESIAN_POINT ( 'NONE',  ( 2.968222093868587000, -1.445110963306704300, -3.999999642844537000 ) ) ;
#40 = PRODUCT_RELATED_PRODUCT_CATEGORY ( 'part', '', ( #1592 ) ) ;
#41 = ORIENTED_EDGE ( 'NONE', *, *, #2366, .F. ) ;
#42 = DIRECTION ( 'NONE',  ( 0.0000000000000000000, 0.0000000000000000000, -1.000000000000000000 ) ) ;
#43 = CARTESIAN_POINT ( 'NONE',  ( 80.57710843475000200, 2.884031466045999800, 18.80000000000000100 ) ) ;
#44 = ORIENTED_EDGE ( 'NONE', *, *, #420, .T. ) ;
#45 = EDGE_LOOP ( 'NONE', ( #2114, #1515, #3112, #1362 ) ) ;
#46 = CARTESIAN_POINT ( 'NONE',  ( 1.732050807569000200, 0.0000000000000000000, -1.399999999999999900 ) ) ;
#47 = CARTESIAN_POINT ( 'NONE',  ( 1.617146800293795900, 2.879553670877939900, -3.999998899345365000 ) ) ;
#48 = CARTESIAN_POINT ( 'NONE',  ( -26.46729574821743800, -43.67263709774530900, 80.00000000000014200 ) ) ;
#49 = FACE_OUTER_BOUND ( 'NONE', #1282, .T. ) ;
#50 = CARTESIAN_POINT ( 'NONE',  ( 38.38141143005538700, 33.58373500129312100, 80.00000000000000000 ) ) ;
#51 = ADVANCED_FACE ( 'NONE', ( #1370 ), #7, .T. ) ;
#52 = CARTESIAN_POINT ( 'NONE',  ( -57.24157392664000800, 49.92310439746999900, 52.85976633066000100 ) ) ;
#53 = VERTEX_POINT ( 'NONE', #3011 ) ;
#54 = CARTESIAN_POINT ( 'NONE',  ( 30.37262943109999800, -69.34533378615000700, 39.60000000000000100 ) ) ;
#55 = DIRECTION ( 'NONE',  ( 0.0000000000000000000, 0.0000000000000000000, -1.000000000000000000 ) ) ;
#56 = AXIS2_PLACEMENT_3D ( 'NONE', #3604, #3797, #493 ) ;
#57 = ORIENTED_EDGE ( 'NONE', *, *, #3139, .T. ) ;
#58 = AXIS2_PLACEMENT_3D ( 'NONE', #2955, #353, #1779 ) ;
#59 = ORIENTED_EDGE ( 'NONE', *, *, #1369, .F. ) ;
#60 = CARTESIAN_POINT ( 'NONE',  ( -3.500000000000000000, 0.0000000000000000000, 0.0000000000000000000 ) ) ;
#61 = DIRECTION ( 'NONE',  ( 0.0000000000000000000, 0.0000000000000000000, -1.000000000000000000 ) ) ;
#62 = ORIENTED_EDGE ( 'NONE', *, *, #2475, .T. ) ;
#63 = FACE_OUTER_BOUND ( 'NONE', #2383, .T. ) ;
#64 = DIRECTION ( 'NONE',  ( 0.0000000000000000000, 0.0000000000000000000, -1.000000000000000000 ) ) ;
#65 = CARTESIAN_POINT ( 'NONE',  ( -59.35953546365330900, 63.43462339177277400, 42.47667239397891600 ) ) ;
#66 = CARTESIAN_POINT ( 'NONE',  ( 0.8660254037843999600, -1.500000000000000000, -1.400000000000000100 ) ) ;
#67 = CARTESIAN_POINT ( 'NONE',  ( 27.50000000000000000, 0.0000000000000000000, 72.20000000000000300 ) ) ;
#68 = EDGE_CURVE ( 'NONE', #520, #2370, #593, .T. ) ;
#69 = VECTOR ( 'NONE', #3510, 1000.000000000000000 ) ;
#70 = CARTESIAN_POINT ( 'NONE',  ( 30.19356410998213000, 41.18121496680429100, 80.00000000000014200 ) ) ;
#71 = CARTESIAN_POINT ( 'NONE',  ( -38.38141143005538700, -33.58373500129312100, 79.99999999999998600 ) ) ;
#72 = CARTESIAN_POINT ( 'NONE',  ( -0.8660254037844229400, 1.500000000000013500, -4.000000000000000000 ) ) ;
#73 = CARTESIAN_POINT ( 'NONE',  ( -75.88417646599877700, 58.95462534921706100, 26.29168921989736400 ) ) ;
#74 = ORIENTED_EDGE ( 'NONE', *, *, #2293, .T. ) ;
#75 = FACE_OUTER_BOUND ( 'NONE', #1751, .T. ) ;
#76 = CARTESIAN_POINT ( 'NONE',  ( 0.02064485030652080100, -3.299938312524612400, -3.999999999988014000 ) ) ;
#77 = CARTESIAN_POINT ( 'NONE',  ( -19.42342732946762100, 77.52195638305593700, 24.92603798934179000 ) ) ;
#78 = CONICAL_SURFACE ( 'NONE', #1510, 59.99999999999752700, 0.5717090198497873900 ) ;
#79 = ADVANCED_FACE ( 'NONE', ( #3780 ), #1273, .T. ) ;
#80 = CARTESIAN_POINT ( 'NONE',  ( 0.0000000000000000000, -31.00000000000000000, 67.20000000000000300 ) ) ;
#81 = CARTESIAN_POINT ( 'NONE',  ( 4.962086516435181100, 59.79557492521285400, 9.066895698741133100 ) ) ;
#82 = LINE ( 'NONE', #1571, #2495 ) ;
#83 =( BOUNDED_CURVE ( )  B_SPLINE_CURVE ( 3, ( #2147, #1041, #1231, #2752 ),
 .UNSPECIFIED., .F., .T. ) 
 B_SPLINE_CURVE_WITH_KNOTS ( ( 4, 4 ),
 ( 0.002397752400834782400, 1.000000000000000000 ),
 .UNSPECIFIED. ) 
 CURVE ( )  GEOMETRIC_REPRESENTATION_ITEM ( )  RATIONAL_B_SPLINE_CURVE ( ( 1.000000000000000000, 0.3358442478393725000, 0.3358442478393725000, 1.000000000000000000 ) ) 
 REPRESENTATION_ITEM ( '' )  );
#84 = CARTESIAN_POINT ( 'NONE',  ( -7.311433969657053400, 59.55363909655852700, 29.52344949936910700 ) ) ;
#85 = ORIENTED_EDGE ( 'NONE', *, *, #2775, .F. ) ;
#87 = CARTESIAN_POINT ( 'NONE',  ( -37.99049656455601800, -34.03049484755960900, 79.99999999999998600 ) ) ;
#86 = CARTESIAN_POINT ( 'NONE',  ( -4.612062068061000300, -50.27253017230999900, 81.20000000000000300 ) ) ;
#88 = CARTESIAN_POINT ( 'NONE',  ( 0.0000000000000000000, 31.00000000000000000, 67.20000000000000300 ) ) ;
#89 = EDGE_LOOP ( 'NONE', ( #3403, #565 ) ) ;
#90 = CIRCLE ( 'NONE', #3446, 3.500000000000000000 ) ;
#91 = DIRECTION ( 'NONE',  ( -1.000000000000000000, 0.0000000000000000000, 0.0000000000000000000 ) ) ;
#92 = ORIENTED_EDGE ( 'NONE', *, *, #2906, .T. ) ;
#93 = DIRECTION ( 'NONE',  ( 0.0000000000000000000, 0.0000000000000000000, 1.000000000000000000 ) ) ;
#94 = LINE ( 'NONE', #1025, #105 ) ;
#95 = DIRECTION ( 'NONE',  ( 0.0000000000000000000, 0.0000000000000000000, -1.000000000000000000 ) ) ;
#96 = VERTEX_POINT ( 'NONE', #3831 ) ;
#97 = CARTESIAN_POINT ( 'NONE',  ( -19.77031021678000000, 21.92031021677999900, 67.20000000000000300 ) ) ;
#98 = VERTEX_POINT ( 'NONE', #3818 ) ;
#99 = DIRECTION ( 'NONE',  ( 0.0000000000000000000, 0.0000000000000000000, -1.000000000000000000 ) ) ;
#100 = EDGE_CURVE ( 'NONE', #895, #2950, #2097, .T. ) ;
#101 = DIRECTION ( 'NONE',  ( 0.5000000000000167600, -0.8660254037844289400, 0.0000000000000000000 ) ) ;
#102 = ORIENTED_EDGE ( 'NONE', *, *, #100, .F. ) ;
#103 = CIRCLE ( 'NONE', #113, 2.149999999999999000 ) ;
#104 = CARTESIAN_POINT ( 'NONE',  ( -0.8660254037843999600, -1.500000000000000000, -4.000000000000000000 ) ) ;
#105 = VECTOR ( 'NONE', #3600, 1000.000000000000000 ) ;
#106 = CARTESIAN_POINT ( 'NONE',  ( -35.51529994007000100, 35.51529994007000100, 80.80614555453000500 ) ) ;
#107 = CARTESIAN_POINT ( 'NONE',  ( -55.78427214429999700, -33.87605007215000100, 60.40000000000000600 ) ) ;
#108 = DIRECTION ( 'NONE',  ( -1.000000000000000000, 0.0000000000000000000, 0.0000000000000000000 ) ) ;
#109 = CARTESIAN_POINT ( 'NONE',  ( 0.0000000000000000000, 0.0000000000000000000, 0.0000000000000000000 ) ) ;
#110 = CARTESIAN_POINT ( 'NONE',  ( 0.0000000000000000000, 80.00000000000000000, 0.0000000000000000000 ) ) ;
#111 = FACE_BOUND ( 'NONE', #817, .T. ) ;
#112 = AXIS2_PLACEMENT_3D ( 'NONE', #2414, #314, #3913 ) ;
#113 = AXIS2_PLACEMENT_3D ( 'NONE', #1482, #2700, #1493 ) ;
#114 = FACE_BOUND ( 'NONE', #304, .T. ) ;
#115 = DIRECTION ( 'NONE',  ( 0.5100435470783132300, 0.4462881036936951500, 0.7353111644639009900 ) ) ;
#116 = CARTESIAN_POINT ( 'NONE',  ( -24.07031021677999800, -21.92031021677999900, 67.20000000000000300 ) ) ;
#117 = CARTESIAN_POINT ( 'NONE',  ( -80.75548428362000700, -57.75559491341000000, 18.80000000000000100 ) ) ;
#118 = CARTESIAN_POINT ( 'NONE',  ( 58.64472651849301600, 64.75563935324309700, 41.43359478515321100 ) ) ;
#119 = EDGE_CURVE ( 'NONE', #599, #1840, #2985, .T. ) ;
#120 = VERTEX_POINT ( 'NONE', #1936 ) ;
#121 = EDGE_LOOP ( 'NONE', ( #1603, #1448, #2422, #2100 ) ) ;
#122 = APPLICATION_CONTEXT ( 'automotive_design' ) ;
#123 = DIRECTION ( 'NONE',  ( 1.000000000000000000, 0.0000000000000000000, 0.0000000000000000000 ) ) ;
#124 = DIRECTION ( 'NONE',  ( -0.0000000000000000000, -1.000000000000000000, -0.0000000000000000000 ) ) ;
#125 = VECTOR ( 'NONE', #2673, 1000.000000000000000 ) ;
#126 = CARTESIAN_POINT ( 'NONE',  ( -16.23050394074153500, 74.13597657034343100, 31.75566283590162400 ) ) ;
#127 = ORIENTED_EDGE ( 'NONE', *, *, #2616, .F. ) ;
#128 = CIRCLE ( 'NONE', #3198, 4.250000000000003600 ) ;
#129 = CARTESIAN_POINT ( 'NONE',  ( -60.73590912399750900, -61.60260323704843400, 43.25020868304251600 ) ) ;
#130 = ADVANCED_BREP_SHAPE_REPRESENTATION ( '', ( #1326, #1825 ), #2494 ) ;
#131 = CARTESIAN_POINT ( 'NONE',  ( 4.955341550269628700, 59.79611647726508000, 30.93604778064167600 ) ) ;
#132 = DIRECTION ( 'NONE',  ( 0.0000000000000000000, 0.0000000000000000000, -1.000000000000000000 ) ) ;
#133 = CARTESIAN_POINT ( 'NONE',  ( -59.44861395710999800, -66.79979600846999700, 38.88657671872000100 ) ) ;
#134 = AXIS2_PLACEMENT_3D ( 'NONE', #3368, #1081, #1002 ) ;
#135 =( NAMED_UNIT ( * ) SI_UNIT ( $, .STERADIAN. ) SOLID_ANGLE_UNIT ( ) );
#136 = ORIENTED_EDGE ( 'NONE', *, *, #1887, .F. ) ;
#137 = SHAPE_REPRESENTATION ( 'BOLT-M4', ( #1825 ), #2494 ) ;
#138 = AXIS2_PLACEMENT_3D ( 'NONE', #3745, #3132, #1022 ) ;
#139 = CARTESIAN_POINT ( 'NONE',  ( 8.653175558324999600, 80.58289156524999400, 18.80000000000000100 ) ) ;
#140 = ORIENTED_EDGE ( 'NONE', *, *, #3247, .T. ) ;
#141 = DIRECTION ( 'NONE',  ( 0.0000000000000000000, -1.000000000000000000, -0.0000000000000000000 ) ) ;
#142 = CARTESIAN_POINT ( 'NONE',  ( 0.4995748102197742300, 3.262564855271977000, -3.999999397647833600 ) ) ;
#143 = FILL_AREA_STYLE_COLOUR ( '', #3657 ) ;
#144 = CARTESIAN_POINT ( 'NONE',  ( -65.57309218624730800, -58.30176939622641200, 40.60450666239710700 ) ) ;
#145 = EDGE_CURVE ( 'NONE', #3420, #957, #3687, .T. ) ;
#146 = CARTESIAN_POINT ( 'NONE',  ( 66.34027823144948900, -58.04774345251917100, 39.69272227325493000 ) ) ;
#147 = CARTESIAN_POINT ( 'NONE',  ( 2.700391385207960400, -1.899029285974942000, -3.999998372585706500 ) ) ;
#148 = ORIENTED_EDGE ( 'NONE', *, *, #3050, .F. ) ;
#149 = CARTESIAN_POINT ( 'NONE',  ( 80.82083348930000000, 68.87232966759999900, 18.80000000000000100 ) ) ;
#150 = EDGE_CURVE ( 'NONE', #2126, #237, #496, .T. ) ;
#151 = CIRCLE ( 'NONE', #2026, 12.49999999999999600 ) ;
#152 = CARTESIAN_POINT ( 'NONE',  ( -70.69350036788934200, 57.50453865868152500, 33.91062629371692300 ) ) ;
#153 = CARTESIAN_POINT ( 'NONE',  ( -70.00000000000000000, -70.00000000000000000, 20.00000000000000400 ) ) ;
#154 = VERTEX_POINT ( 'NONE', #2918 ) ;
#155 = VERTEX_POINT ( 'NONE', #1010 ) ;
#156 = CARTESIAN_POINT ( 'NONE',  ( -21.92031021677999900, -21.92031021677999900, 67.20000000000000300 ) ) ;
#157 = CARTESIAN_POINT ( 'NONE',  ( 9.539801874386626000, 59.23838257631675900, 12.67868497316759700 ) ) ;
#158 = CARTESIAN_POINT ( 'NONE',  ( 2.652505926517325200, -1.964338427079935600, -3.999998912563427700 ) ) ;
#159 = CARTESIAN_POINT ( 'NONE',  ( 66.59305300802999700, 56.65844293619000600, 39.60000000000000100 ) ) ;
#160 = ORIENTED_EDGE ( 'NONE', *, *, #1117, .T. ) ;
#161 = ADVANCED_FACE ( 'NONE', ( #63 ), #11, .T. ) ;
#162 = CARTESIAN_POINT ( 'NONE',  ( 39.34016298634434600, -32.48801893695677000, 80.00000000000012800 ) ) ;
#163 = CARTESIAN_POINT ( 'NONE',  ( -34.03049484755955900, 37.99049656455591900, 80.00000000000011400 ) ) ;
#164 = CARTESIAN_POINT ( 'NONE',  ( 37.96893299458999800, -54.56536245141000300, 60.40000000000000600 ) ) ;
#165 = ORIENTED_EDGE ( 'NONE', *, *, #68, .T. ) ;
#166 = CARTESIAN_POINT ( 'NONE',  ( -80.83825087852000000, -71.67675316864999500, 18.80000000000000100 ) ) ;
#167 = VECTOR ( 'NONE', #3562, 1000.000000000000000 ) ;
#168 = AXIS2_PLACEMENT_3D ( 'NONE', #3266, #2065, #301 ) ;
#169 = EDGE_CURVE ( 'NONE', #1079, #53, #2800, .T. ) ;
#170 = CARTESIAN_POINT ( 'NONE',  ( 66.20774637620000600, -61.57406936065999800, 38.88657671872000100 ) ) ;
#171 = LINE ( 'NONE', #1180, #968 ) ;
#172 = CARTESIAN_POINT ( 'NONE',  ( 21.92031021677999900, -21.92031021677999900, 67.20000000000000300 ) ) ;
#173 = CARTESIAN_POINT ( 'NONE',  ( 7.311393544538413300, 59.55364405440924700, 10.47651957573486600 ) ) ;
#174 = ORIENTED_EDGE ( 'NONE', *, *, #956, .T. ) ;
#175 = CARTESIAN_POINT ( 'NONE',  ( 2.643037579641703200, -1.976939277390108200, -3.999999111794934100 ) ) ;
#176 = CARTESIAN_POINT ( 'NONE',  ( 59.65304044168608000, 62.98117627642675800, 42.74881836071123300 ) ) ;
#177 = CYLINDRICAL_SURFACE ( 'NONE', #1111, 12.49999999999999600 ) ;
#178 = ORIENTED_EDGE ( 'NONE', *, *, #3674, .T. ) ;
#179 = CARTESIAN_POINT ( 'NONE',  ( 35.51529994007000100, -35.51529994007000100, 80.80614555453000500 ) ) ;
#180 = DIRECTION ( 'NONE',  ( 0.0000000000000000000, 0.0000000000000000000, -1.000000000000000000 ) ) ;
#181 = DIRECTION ( 'NONE',  ( 0.0000000000000000000, 0.0000000000000000000, -1.000000000000000000 ) ) ;
#182 = DIRECTION ( 'NONE',  ( -1.000000000000000000, 0.0000000000000000000, 0.0000000000000000000 ) ) ;
#183 = CARTESIAN_POINT ( 'NONE',  ( 6.349345314166342300, 59.66399508225044500, 9.809902426428021000 ) ) ;
#184 = EDGE_LOOP ( 'NONE', ( #2551, #62, #1619, #786 ) ) ;
#185 = CARTESIAN_POINT ( 'NONE',  ( 2.087609029197154500, 2.556244061671237000, -3.999999645732641400 ) ) ;
#186 = ORIENTED_EDGE ( 'NONE', *, *, #1625, .T. ) ;
#187 = EDGE_LOOP ( 'NONE', ( #1613, #1089 ) ) ;
#188 = CARTESIAN_POINT ( 'NONE',  ( 28.85000000000000100, 0.0000000000000000000, 72.20000000000000300 ) ) ;
#189 = ORIENTED_EDGE ( 'NONE', *, *, #2792, .F. ) ;
#190 = CARTESIAN_POINT ( 'NONE',  ( 59.44919673276000100, -66.79963367521000400, 38.88657671872000100 ) ) ;
#191 = CARTESIAN_POINT ( 'NONE',  ( -19.85500669763390400, 78.75066540167262000, 22.48318971085372200 ) ) ;
#192 = ADVANCED_FACE ( 'NONE', ( #3165 ), #399, .T. ) ;
#193 = LINE ( 'NONE', #2716, #1168 ) ;
#194 = EDGE_CURVE ( 'NONE', #1360, #1742, #1177, .T. ) ;
#195 = CARTESIAN_POINT ( 'NONE',  ( 6.014150526385091800, 59.69883607973930900, 9.608446061208546500 ) ) ;
#196 = CARTESIAN_POINT ( 'NONE',  ( -5.472038847681704800, 70.64131582604881000, 39.28698519597175900 ) ) ;
#197 = VECTOR ( 'NONE', #1494, 1000.000000000000000 ) ;
#198 = CARTESIAN_POINT ( 'NONE',  ( -80.65232650289000600, -36.24214412709000000, 18.80000000000000100 ) ) ;
#199 = APPLICATION_CONTEXT ( 'automotive_design' ) ;
#200 = B_SPLINE_CURVE_WITH_KNOTS ( 'NONE', 3,
 ( #3586, #1478, #1559, #2451, #2242, #748, #3052, #1720, #65, #1576, #3315, #3771, #1846, #1675, #3159, #2872, #1049, #3813, #1399, #213, #3683, #1266, #2555, #444, #2399, #2796, #1371, #497 ),
 .UNSPECIFIED., .F., .F.,
 ( 4, 2, 2, 2, 2, 2, 2, 2, 2, 2, 2, 2, 2, 4 ),
 ( 2.899428255234173600E-016, 0.001819040584310376600, 0.002728560876465420300, 0.003638081168620463600, 0.004547601460775506400, 0.005457121752930550000, 0.006366642045085593700, 0.007276162337240636500, 0.008185682629395679400, 0.009095202921550723000, 0.01000472321370575100, 0.01091424350586077700, 0.01273328409017082500, 0.01455232467448087400 ),
 .UNSPECIFIED. ) ;
#201 = ORIENTED_EDGE ( 'NONE', *, *, #1040, .T. ) ;
#202 = CARTESIAN_POINT ( 'NONE',  ( -80.63395961596999900, 31.83367296288000500, 18.80000000000000100 ) ) ;
#203 = VECTOR ( 'NONE', #1376, 1000.000000000000000 ) ;
#204 = CARTESIAN_POINT ( 'NONE',  ( -18.63360003912000100, 46.73134835266999700, 81.20000000000000300 ) ) ;
#205 = CARTESIAN_POINT ( 'NONE',  ( 0.02486482435968299900, -3.299909562781217600, -3.999999999986880300 ) ) ;
#206 = CARTESIAN_POINT ( 'NONE',  ( 57.95457276427915600, 73.35376764553946300, 30.07398243571031000 ) ) ;
#207 = VECTOR ( 'NONE', #668, 1000.000000000000000 ) ;
#208 =( NAMED_UNIT ( * ) SI_UNIT ( $, .STERADIAN. ) SOLID_ANGLE_UNIT ( ) );
#209 = AXIS2_PLACEMENT_3D ( 'NONE', #3382, #3109, #2206 ) ;
#210 = EDGE_CURVE ( 'NONE', #1706, #2489, #3875, .T. ) ;
#211 = ORIENTED_EDGE ( 'NONE', *, *, #1828, .F. ) ;
#212 = CARTESIAN_POINT ( 'NONE',  ( -2.131628201168918100E-014, 60.00000000000000000, 32.00000000000000000 ) ) ;
#213 = CARTESIAN_POINT ( 'NONE',  ( -62.75190543377877400, 59.81185196053733900, 42.86824708500333300 ) ) ;
#214 = CARTESIAN_POINT ( 'NONE',  ( 32.76194795303872100, -39.10047509726829400, 80.00000000000014200 ) ) ;
#215 = FACE_OUTER_BOUND ( 'NONE', #3354, .T. ) ;
#216 = DIRECTION ( 'NONE',  ( -1.000000000000000000, 0.0000000000000000000, 0.0000000000000000000 ) ) ;
#217 = CARTESIAN_POINT ( 'NONE',  ( 33.02303750320999900, -37.88704769067999900, 80.80614555453000500 ) ) ;
#218 = CARTESIAN_POINT ( 'NONE',  ( 1.625950687558834800, -2.872299248445396600, -3.999999188015612300 ) ) ;
#219 = CYLINDRICAL_SURFACE ( 'NONE', #602, 2.149999999999999000 ) ;
#220 = DIRECTION ( 'NONE',  ( -0.0000000000000000000, 0.0000000000000000000, -1.000000000000000000 ) ) ;
#221 = CARTESIAN_POINT ( 'NONE',  ( 80.81599860029000100, -68.09406068477000000, 18.80000000000000100 ) ) ;
#222 = EDGE_CURVE ( 'NONE', #3367, #718, #3585, .T. ) ;
#223 = FACE_OUTER_BOUND ( 'NONE', #988, .T. ) ;
#224 = CARTESIAN_POINT ( 'NONE',  ( -9.539845466896911900, 59.23837554777946200, 27.32125879363410400 ) ) ;
#225 = CARTESIAN_POINT ( 'NONE',  ( -0.02636441575317245700, 3.499900701103103400, -3.918357890360455000 ) ) ;
#226 = CARTESIAN_POINT ( 'NONE',  ( 25.80290032997090700, -44.03604773904933700, 80.00000000000014200 ) ) ;
#227 = CARTESIAN_POINT ( 'NONE',  ( 62.05268033127379100, 60.34703405064944800, 43.14624763435022500 ) ) ;
#228 = CARTESIAN_POINT ( 'NONE',  ( -4.147073309757054500E-016, 3.299999999999999800, -4.000000000000000000 ) ) ;
#229 = CARTESIAN_POINT ( 'NONE',  ( -55.53957564582000100, 34.80311838795999800, 60.40000000000000600 ) ) ;
#230 = DIRECTION ( 'NONE',  ( 0.4462881036937271200, 0.5100435470785176200, -0.7353111644637397900 ) ) ;
#231 = CARTESIAN_POINT ( 'NONE',  ( 2.190012764968524400, -2.479574663684434500, -4.000000001986247600 ) ) ;
#232 = ORIENTED_EDGE ( 'NONE', *, *, #1553, .F. ) ;
#233 = CARTESIAN_POINT ( 'NONE',  ( 60.73859623405631000, -61.59964037553108100, 43.25067838717667700 ) ) ;
#234 = DIRECTION ( 'NONE',  ( 0.0000000000000000000, 0.0000000000000000000, -1.000000000000000000 ) ) ;
#235 = CARTESIAN_POINT ( 'NONE',  ( -38.38141143005102400, 33.58373500129091100, 80.00000000000001400 ) ) ;
#236 = VERTEX_POINT ( 'NONE', #3485 ) ;
#237 = VERTEX_POINT ( 'NONE', #3306 ) ;
#238 = ORIENTED_EDGE ( 'NONE', *, *, #511, .F. ) ;
#239 = AXIS2_PLACEMENT_3D ( 'NONE', #1997, #1627, #2934 ) ;
#240 = EDGE_CURVE ( 'NONE', #2308, #2221, #1996, .T. ) ;
#241 = CARTESIAN_POINT ( 'NONE',  ( 70.00000000000000000, -70.00000000000000000, 0.0000000000000000000 ) ) ;
#242 = LINE ( 'NONE', #1367, #3340 ) ;
#243 = APPLICATION_CONTEXT ( 'automotive_design' ) ;
#244 = CARTESIAN_POINT ( 'NONE',  ( 47.58903021927000100, -41.42148965057001000, 66.83295594259999500 ) ) ;
#245 = EDGE_CURVE ( 'NONE', #2784, #3199, #3479, .T. ) ;
#246 = CARTESIAN_POINT ( 'NONE',  ( 68.87039585443201900, 57.53512476099268000, 36.42094869074317400 ) ) ;
#247 = EDGE_CURVE ( 'NONE', #1159, #3560, #2699, .T. ) ;
#248 = CARTESIAN_POINT ( 'NONE',  ( -37.22665080293328500, -34.87274480919919000, 79.99999999999998600 ) ) ;
#249 = CARTESIAN_POINT ( 'NONE',  ( -1.732050807568908300, 5.334274688628681800E-014, -4.000000000000000000 ) ) ;
#250 = ORIENTED_EDGE ( 'NONE', *, *, #3181, .T. ) ;
#251 = B_SPLINE_CURVE_WITH_KNOTS ( 'NONE', 3,
 ( #2488, #3758, #389, #2203, #974, #684, #442 ),
 .UNSPECIFIED., .F., .F.,
 ( 4, 1, 1, 1, 4 ),
 ( 7.071546578084214500E-016, 0.001697301106902296100, 0.003394602213803885200, 0.005091903320705473500, 0.006789204427607062700 ),
 .UNSPECIFIED. ) ;
#252 = DIRECTION ( 'NONE',  ( -1.000000000000000000, 0.0000000000000000000, 0.0000000000000000000 ) ) ;
#253 = VERTEX_POINT ( 'NONE', #1348 ) ;
#254 = CARTESIAN_POINT ( 'NONE',  ( 12.00032053760760300, 58.78768839735396100, 19.61244685269985400 ) ) ;
#255 = CARTESIAN_POINT ( 'NONE',  ( -80.77637570065999700, 61.51757065843000300, 18.80000000000000100 ) ) ;
#256 = ADVANCED_FACE ( 'NONE', ( #307 ), #2009, .T. ) ;
#257 = DIRECTION ( 'NONE',  ( 0.0000000000000000000, 0.0000000000000000000, -1.000000000000000000 ) ) ;
#258 = VERTEX_POINT ( 'NONE', #1601 ) ;
#259 = CARTESIAN_POINT ( 'NONE',  ( -42.44347428833999900, 68.25177559476000500, 39.60000000000000100 ) ) ;
#260 = CARTESIAN_POINT ( 'NONE',  ( -36.06881985773505100, -36.06881985773505100, 79.99999999999998600 ) ) ;
#261 = CARTESIAN_POINT ( 'NONE',  ( 2.800132970942599300, -1.749519938255528900, -3.999998582148785300 ) ) ;
#262 = FACE_OUTER_BOUND ( 'NONE', #1414, .T. ) ;
#263 = CARTESIAN_POINT ( 'NONE',  ( 2.149999999999999900, -31.00000000000000000, 72.20000000000000300 ) ) ;
#264 = VERTEX_POINT ( 'NONE', #2982 ) ;
#265 = CARTESIAN_POINT ( 'NONE',  ( 80.68293798109000600, 43.59007836928999800, 18.80000000000000100 ) ) ;
#266 = FACE_OUTER_BOUND ( 'NONE', #3598, .T. ) ;
#267 = AXIS2_PLACEMENT_3D ( 'NONE', #1150, #1798, #3304 ) ;
#268 = AXIS2_PLACEMENT_3D ( 'NONE', #3737, #864, #2973 ) ;
#269 = CARTESIAN_POINT ( 'NONE',  ( 6.619496886979746400, -3.247652283035233500, -3.999983393933619300 ) ) ;
#270 = CARTESIAN_POINT ( 'NONE',  ( 62.97898396164049500, 59.65451840916973200, 42.75003112680625600 ) ) ;
#271 = CARTESIAN_POINT ( 'NONE',  ( 10.39272283844206500, 59.09337570931388200, 13.98778620633106800 ) ) ;
#272 = CARTESIAN_POINT ( 'NONE',  ( -10.77710722054174200, 59.02498085488517900, 14.66410620436550600 ) ) ;
#273 = DIRECTION ( 'NONE',  ( 0.9999716288866009600, 0.007532690215192130500, 0.0000000000000000000 ) ) ;
#274 = DIRECTION ( 'NONE',  ( 0.0000000000000000000, 0.0000000000000000000, -1.000000000000000000 ) ) ;
#275 = EDGE_CURVE ( 'NONE', #3869, #733, #2604, .T. ) ;
#276 = DIRECTION ( 'NONE',  ( 0.0000000000000000000, 0.0000000000000000000, 1.000000000000000000 ) ) ;
#277 = CARTESIAN_POINT ( 'NONE',  ( 58.86035422361633400, -64.32418959965120600, 41.80636513585133700 ) ) ;
#278 = FACE_OUTER_BOUND ( 'NONE', #3770, .T. ) ;
#279 = CARTESIAN_POINT ( 'NONE',  ( -70.00000000000000000, 70.00000000000000000, 46.07200000000000300 ) ) ;
#280 = EDGE_CURVE ( 'NONE', #3434, #1353, #1085, .T. ) ;
#281 = LINE ( 'NONE', #3346, #805 ) ;
#282 = ORIENTED_EDGE ( 'NONE', *, *, #1658, .T. ) ;
#283 = PLANE ( 'NONE',  #3526 ) ;
#284 = CARTESIAN_POINT ( 'NONE',  ( 45.10964517965000200, 45.10964517965000200, 66.83295594259999500 ) ) ;
#285 = CARTESIAN_POINT ( 'NONE',  ( 1.910392355265280800, 2.691763381367719100, -3.999998884747169000 ) ) ;
#286 = EDGE_LOOP ( 'NONE', ( #2598, #2678, #398, #385, #2878, #44, #3757, #2244, #488 ) ) ;
#287 = DIRECTION ( 'NONE',  ( -1.000000000000000000, 0.0000000000000000000, 0.0000000000000000000 ) ) ;
#288 = CARTESIAN_POINT ( 'NONE',  ( 79.53391692550927400, -61.87855590067933800, 20.71108409029051600 ) ) ;
#289 = DIRECTION ( 'NONE',  ( 0.0000000000000000000, 0.0000000000000000000, 1.000000000000000000 ) ) ;
#290 = DIRECTION ( 'NONE',  ( -1.000000000000000000, 0.0000000000000000000, -0.0000000000000000000 ) ) ;
#291 = VERTEX_POINT ( 'NONE', #1126 ) ;
#292 = CARTESIAN_POINT ( 'NONE',  ( 57.51642091950290600, -70.70803992784637200, 33.88588090765571100 ) ) ;
#293 = ORIENTED_EDGE ( 'NONE', *, *, #1981, .F. ) ;
#294 = DIRECTION ( 'NONE',  ( 0.0000000000000000000, 0.0000000000000000000, 1.000000000000000000 ) ) ;
#295 = EDGE_LOOP ( 'NONE', ( #41, #2110 ) ) ;
#296 = VECTOR ( 'NONE', #897, 1000.000000000000000 ) ;
#297 = DIRECTION ( 'NONE',  ( -1.000000000000000000, 0.0000000000000000000, 0.0000000000000000000 ) ) ;
#298 = DIRECTION ( 'NONE',  ( 0.0000000000000000000, 0.0000000000000000000, -1.000000000000000000 ) ) ;
#299 = CARTESIAN_POINT ( 'NONE',  ( -37.09986889164999700, 33.33401278641999700, 81.20000000000000300 ) ) ;
#300 = ADVANCED_FACE ( 'NONE', ( #1905 ), #3202, .F. ) ;
#301 = DIRECTION ( 'NONE',  ( -1.000000000000000000, 0.0000000000000000000, 0.0000000000000000000 ) ) ;
#302 = CARTESIAN_POINT ( 'NONE',  ( 59.98667751512791600, -77.51033472444052600, 23.81367843567863200 ) ) ;
#303 = EDGE_CURVE ( 'NONE', #3886, #2971, #1809, .T. ) ;
#304 = EDGE_LOOP ( 'NONE', ( #3041, #3286, #186, #1218, #1937, #3860 ) ) ;
#305 = CARTESIAN_POINT ( 'NONE',  ( -58.29356837992000400, 66.92639293601999400, 38.88657671872000100 ) ) ;
#306 = CARTESIAN_POINT ( 'NONE',  ( 62.05579582032167000, -60.34446935146272000, 43.14531333087454400 ) ) ;
#307 = FACE_OUTER_BOUND ( 'NONE', #686, .T. ) ;
#308 = ORIENTED_EDGE ( 'NONE', *, *, #760, .F. ) ;
#309 = CARTESIAN_POINT ( 'NONE',  ( 8.352813060484528800, 71.13201681477701800, 38.17547467024192500 ) ) ;
#310 = CARTESIAN_POINT ( 'NONE',  ( -59.06619919310552500, -76.12823826596368800, 25.92428600598966400 ) ) ;
#311 = EDGE_LOOP ( 'NONE', ( #1833, #491, #1994, #575 ) ) ;
#312 = CYLINDRICAL_SURFACE ( 'NONE', #1383, 4.250000000000003600 ) ;
#313 = DIRECTION ( 'NONE',  ( 1.000000000000000000, 0.0000000000000000000, 0.0000000000000000000 ) ) ;
#314 = DIRECTION ( 'NONE',  ( 0.0000000000000000000, 0.0000000000000000000, -1.000000000000000000 ) ) ;
#315 = CARTESIAN_POINT ( 'NONE',  ( -52.67671713119000300, 67.09522889883000100, 39.60000000000000100 ) ) ;
#316 = CARTESIAN_POINT ( 'NONE',  ( -1.732050807569000200, 0.0000000000000000000, -1.399999999999999900 ) ) ;
#317 = ORIENTED_EDGE ( 'NONE', *, *, #1158, .F. ) ;
#318 = CIRCLE ( 'NONE', #2732, 34.50000000000003600 ) ;
#319 = CARTESIAN_POINT ( 'NONE',  ( 70.00000000000000000, 70.00000000000000000, 20.00000000000000000 ) ) ;
#320 = CARTESIAN_POINT ( 'NONE',  ( -2.149999999999999900, 31.00000000000000000, 67.20000000000000300 ) ) ;
#321 = AXIS2_PLACEMENT_3D ( 'NONE', #3821, #2160, #3692 ) ;
#322 = CARTESIAN_POINT ( 'NONE',  ( 19.88431047114596200, 78.75314279831246700, 22.47769493803066300 ) ) ;
#323 = CARTESIAN_POINT ( 'NONE',  ( 49.85668041696000300, 57.25779439690000300, 52.85976633066000100 ) ) ;
#324 = CARTESIAN_POINT ( 'NONE',  ( 0.5758091260899467200, 3.250337151731542900, -3.999999260244422300 ) ) ;
#325 = CIRCLE ( 'NONE', #473, 2.000000000000000000 ) ;
#326 = VECTOR ( 'NONE', #941, 1000.000000000000000 ) ;
#327 = CARTESIAN_POINT ( 'NONE',  ( 3.550762114890027000E-016, -3.299999999999999800, -4.000000000000000000 ) ) ;
#328 = DIRECTION ( 'NONE',  ( 0.0000000000000000000, 0.0000000000000000000, -1.000000000000000000 ) ) ;
#329 = CARTESIAN_POINT ( 'NONE',  ( -3.534524860037308700, 2.005959210154225000, -3.917157287525381700 ) ) ;
#330 = CARTESIAN_POINT ( 'NONE',  ( -56.65844293619000600, 66.59305300802999700, 39.60000000000000100 ) ) ;
#331 = CARTESIAN_POINT ( 'NONE',  ( -66.34027823144948900, 58.04774345251917100, 39.69272227325493000 ) ) ;
#332 = EDGE_CURVE ( 'NONE', #1561, #96, #1715, .T. ) ;
#333 = DIRECTION ( 'NONE',  ( 0.0000000000000000000, 0.0000000000000000000, -1.000000000000000000 ) ) ;
#334 = ITEM_DEFINED_TRANSFORMATION ( 'NONE', 'NONE', #1869,  #1825 ) ;
#335 = CARTESIAN_POINT ( 'NONE',  ( 3.461956884197579000, 70.45798462436306400, 39.71012712566916700 ) ) ;
#336 = CARTESIAN_POINT ( 'NONE',  ( 9.045121939529797900, 59.31696871283326500, 12.07488426372316900 ) ) ;
#337 = VERTEX_POINT ( 'NONE', #1710 ) ;
#338 = CARTESIAN_POINT ( 'NONE',  ( -0.7847260056185104700, 60.00000000000000700, 7.999999999999994700 ) ) ;
#339 = CIRCLE ( 'NONE', #2465, 2.149999999999999000 ) ;
#340 = ADVANCED_FACE ( 'NONE', ( #111, #1616 ), #1187, .T. ) ;
#341 = DIRECTION ( 'NONE',  ( -0.007532690215192126100, 0.9999716288866009600, 0.0000000000000000000 ) ) ;
#342 = CARTESIAN_POINT ( 'NONE',  ( -59.21377306094999700, 66.26012668635000600, 39.60000000000000100 ) ) ;
#343 = CARTESIAN_POINT ( 'NONE',  ( 72.15264451392999900, -80.84121673349000000, 18.80000000000000100 ) ) ;
#344 = LINE ( 'NONE', #2815, #1757 ) ;
#345 = AXIS2_PLACEMENT_3D ( 'NONE', #1078, #180, #697 ) ;
#346 = CARTESIAN_POINT ( 'NONE',  ( 0.8660254037843999600, 1.500000000000000000, -1.400000000000000100 ) ) ;
#347 = CARTESIAN_POINT ( 'NONE',  ( -70.00000000000000000, -70.00000000000000000, 20.00000000000000000 ) ) ;
#348 = CARTESIAN_POINT ( 'NONE',  ( 1.017449598205048400, 3.140620107093938400, -3.999999788789637500 ) ) ;
#349 = FACE_BOUND ( 'NONE', #3685, .T. ) ;
#350 = EDGE_CURVE ( 'NONE', #3671, #2701, #3120, .T. ) ;
#351 = DIRECTION ( 'NONE',  ( -1.000000000000000000, 0.0000000000000000000, 0.0000000000000000000 ) ) ;
#352 = DIRECTION ( 'NONE',  ( 0.0000000000000000000, 0.0000000000000000000, -1.000000000000000000 ) ) ;
#353 = DIRECTION ( 'NONE',  ( 0.0000000000000000000, 0.0000000000000000000, 1.000000000000000000 ) ) ;
#354 = DIRECTION ( 'NONE',  ( 0.0000000000000000000, 0.0000000000000000000, 1.000000000000000000 ) ) ;
#355 = CARTESIAN_POINT ( 'NONE',  ( 3.139026693210952100, -1.046051139553692200, -3.999999952796255500 ) ) ;
#356 = FACE_BOUND ( 'NONE', #2806, .T. ) ;
#357 = EDGE_CURVE ( 'NONE', #258, #1673, #820, .T. ) ;
#358 = CARTESIAN_POINT ( 'NONE',  ( -0.008286057050846498300, 3.300000000000000700, -4.000000000000000900 ) ) ;
#359 = ORIENTED_EDGE ( 'NONE', *, *, #481, .T. ) ;
#360 = ORIENTED_EDGE ( 'NONE', *, *, #2797, .F. ) ;
#361 = ADVANCED_FACE ( 'NONE', ( #734 ), #2237, .T. ) ;
#362 = SHAPE_REPRESENTATION_RELATIONSHIP ( 'NONE' , 'NONE' ,  #2693, #3865 ) ;
#363 = CARTESIAN_POINT ( 'NONE',  ( 1.714023304403826400, 2.823031807419064800, -3.999998659357347600 ) ) ;
#364 = CARTESIAN_POINT ( 'NONE',  ( -10.87704275762344300, -49.99775340050992200, 80.00000000000014200 ) ) ;
#365 = CARTESIAN_POINT ( 'NONE',  ( -66.91861028214999900, 58.37338801780000400, 38.88657671872000100 ) ) ;
#366 = CARTESIAN_POINT ( 'NONE',  ( -65.75000000000000000, -70.00000000000000000, 20.00000000000000000 ) ) ;
#367 = CARTESIAN_POINT ( 'NONE',  ( 63.66287383870780300, -59.22241874790729100, 42.32104261467992500 ) ) ;
#368 = CARTESIAN_POINT ( 'NONE',  ( -2.149999999999999900, 31.00000000000000000, 72.20000000000000300 ) ) ;
#369 = CARTESIAN_POINT ( 'NONE',  ( 45.17016296447999900, -22.06702114807000500, 81.20000000000000300 ) ) ;
#370 = EDGE_CURVE ( 'NONE', #2268, #3334, #3032, .T. ) ;
#371 = DIRECTION ( 'NONE',  ( -1.000000000000000000, 0.0000000000000000000, 0.0000000000000000000 ) ) ;
#372 = DIRECTION ( 'NONE',  ( 1.000000000000000000, 0.0000000000000000000, 0.0000000000000000000 ) ) ;
#373 = B_SPLINE_CURVE_WITH_KNOTS ( 'NONE', 3,
 ( #1288, #3874, #2379, #3594, #3534, #3659, #1274, #3378, #2485, #2780, #1090, #2912, #2602, #507, #2299, #1999 ),
 .UNSPECIFIED., .F., .F.,
 ( 4, 2, 2, 2, 2, 2, 2, 4 ),
 ( 1.086662687844035600E-016, 0.002360898490197354700, 0.004721796980394600000, 0.007082695470591846700, 0.009443593960789092500, 0.01416539094118358600, 0.01652628943138082300, 0.01888718792157806700 ),
 .UNSPECIFIED. ) ;
#374 = ORIENTED_EDGE ( 'NONE', *, *, #2974, .F. ) ;
#375 = CARTESIAN_POINT ( 'NONE',  ( -2.131628207279999800E-014, 80.00000000000000000, 20.00000000000000000 ) ) ;
#376 = ADVANCED_FACE ( 'NONE', ( #2421, #3827, #1509, #1416, #640, #3735 ), #3433, .F. ) ;
#377 = DIRECTION ( 'NONE',  ( -1.000000000000000000, 0.0000000000000000000, 0.0000000000000000000 ) ) ;
#378 = EDGE_CURVE ( 'NONE', #3254, #2559, #1941, .T. ) ;
#379 = CARTESIAN_POINT ( 'NONE',  ( -21.66025328545000100, -58.65669292905001000, 60.40000000000000600 ) ) ;
#380 = CARTESIAN_POINT ( 'NONE',  ( -77.49377481681060000, 59.97475466694648100, 23.83898451455408100 ) ) ;
#381 = EDGE_LOOP ( 'NONE', ( #386, #1394 ) ) ;
#382 = CARTESIAN_POINT ( 'NONE',  ( 5.999826588268325300, 59.70027307727803400, 30.39978960770807600 ) ) ;
#383 = CARTESIAN_POINT ( 'NONE',  ( -19.08228030325687300, 76.92335972344187700, 26.11876140087058600 ) ) ;
#384 = ORIENTED_EDGE ( 'NONE', *, *, #511, .T. ) ;
#385 = ORIENTED_EDGE ( 'NONE', *, *, #1608, .T. ) ;
#386 = ORIENTED_EDGE ( 'NONE', *, *, #853, .F. ) ;
#387 = CARTESIAN_POINT ( 'NONE',  ( -57.54215437754588400, 68.80372340262131600, 36.51022612655138000 ) ) ;
#388 = CARTESIAN_POINT ( 'NONE',  ( 65.75000000000000000, -70.00000000000000000, 0.0000000000000000000 ) ) ;
#389 = CARTESIAN_POINT ( 'NONE',  ( 34.87274480919919000, -37.22665080293328500, 79.99999999999998600 ) ) ;
#390 = EDGE_LOOP ( 'NONE', ( #3673, #1768 ) ) ;
#391 = VECTOR ( 'NONE', #3640, 1000.000000000000000 ) ;
#392 = CARTESIAN_POINT ( 'NONE',  ( 4.689775789027608600, 50.85542173755897000, 80.00000000000014200 ) ) ;
#393 = CARTESIAN_POINT ( 'NONE',  ( 1.964004437556697700E-011, 70.33333333330438100, 39.99999999999999300 ) ) ;
#394 = ORIENTED_EDGE ( 'NONE', *, *, #3360, .F. ) ;
#395 = DIRECTION ( 'NONE',  ( -1.000000000000000000, 0.0000000000000000000, 0.0000000000000000000 ) ) ;
#396 = AXIS2_PLACEMENT_3D ( 'NONE', #1998, #2298, #2599 ) ;
#397 = ORIENTED_EDGE ( 'NONE', *, *, #370, .T. ) ;
#398 = ORIENTED_EDGE ( 'NONE', *, *, #2969, .T. ) ;
#399 = CYLINDRICAL_SURFACE ( 'NONE', #526, 3.500000000000000000 ) ;
#400 = CARTESIAN_POINT ( 'NONE',  ( 79.99999999999946000, 62.49999999999933200, 19.99999999999909400 ) ) ;
#401 = ORIENTED_EDGE ( 'NONE', *, *, #2068, .T. ) ;
#402 = EDGE_CURVE ( 'NONE', #2395, #1615, #339, .T. ) ;
#403 = ORIENTED_EDGE ( 'NONE', *, *, #3247, .F. ) ;
#404 = CARTESIAN_POINT ( 'NONE',  ( 21.92031021677999900, -21.92031021677999900, 67.20000000000000300 ) ) ;
#405 = DIRECTION ( 'NONE',  ( -0.5410700854470187300, 0.0000000000000000000, -0.8409775042379883400 ) ) ;
#406 = CARTESIAN_POINT ( 'NONE',  ( 0.0000000000000000000, 0.0000000000000000000, 0.0000000000000000000 ) ) ;
#407 = VERTEX_POINT ( 'NONE', #2209 ) ;
#408 = FACE_OUTER_BOUND ( 'NONE', #934, .T. ) ;
#409 = EDGE_CURVE ( 'NONE', #3689, #53, #2643, .T. ) ;
#410 = CARTESIAN_POINT ( 'NONE',  ( -19.76806134272328600, 78.44039589211030300, 23.09961217319475700 ) ) ;
#411 = FACE_OUTER_BOUND ( 'NONE', #2876, .T. ) ;
#412 = APPLICATION_CONTEXT ( 'automotive_design' ) ;
#413 = DIRECTION ( 'NONE',  ( 0.0000000000000000000, 0.0000000000000000000, 1.000000000000000000 ) ) ;
#414 = CARTESIAN_POINT ( 'NONE',  ( -80.71927904522002000, -51.01089850452000000, 18.80000000000000100 ) ) ;
#415 = CIRCLE ( 'NONE', #1179, 2.000000000000000000 ) ;
#416 = CARTESIAN_POINT ( 'NONE',  ( 51.67903663922000100, 46.27490160797999900, 60.40000000000000600 ) ) ;
#417 = AXIS2_PLACEMENT_3D ( 'NONE', #3557, #3251, #868 ) ;
#418 = DIRECTION ( 'NONE',  ( 1.000000000000000000, 0.0000000000000000000, 0.0000000000000000000 ) ) ;
#419 = CARTESIAN_POINT ( 'NONE',  ( -5.959099898149000700, -60.37598396995999700, 60.40000000000000600 ) ) ;
#420 = EDGE_CURVE ( 'NONE', #850, #1260, #1843, .T. ) ;
#421 = CARTESIAN_POINT ( 'NONE',  ( 0.0000000000000000000, 0.0000000000000000000, 72.20000000000000300 ) ) ;
#422 = SURFACE_SIDE_STYLE ('',( #2862 ) ) ;
#423 = DIRECTION ( 'NONE',  ( -1.000000000000000000, 0.0000000000000000000, 0.0000000000000000000 ) ) ;
#424 = CARTESIAN_POINT ( 'NONE',  ( 56.35796225979000000, 52.49910938239000300, 52.85976633066000100 ) ) ;
#425 = ORIENTED_EDGE ( 'NONE', *, *, #2573, .T. ) ;
#426 = DIRECTION ( 'NONE',  ( 1.000000000000000000, 0.0000000000000000000, 0.0000000000000000000 ) ) ;
#427 = ORIENTED_EDGE ( 'NONE', *, *, #2261, .T. ) ;
#428 = CARTESIAN_POINT ( 'NONE',  ( -66.91848487222000600, -58.37452246448999900, 38.88657671872000100 ) ) ;
#429 = VERTEX_POINT ( 'NONE', #72 ) ;
#430 = CARTESIAN_POINT ( 'NONE',  ( -38.38141143005538700, -33.58373500129312100, 79.99999999999998600 ) ) ;
#431 = CARTESIAN_POINT ( 'NONE',  ( -58.37452246448999900, 66.91848487222000600, 38.88657671872000100 ) ) ;
#432 = EDGE_CURVE ( 'NONE', #911, #2632, #3520, .T. ) ;
#433 = CARTESIAN_POINT ( 'NONE',  ( 29.24132405334000100, 57.00775463667999800, 60.40000000000000600 ) ) ;
#434 = EDGE_LOOP ( 'NONE', ( #1206, #2709 ) ) ;
#435 = CIRCLE ( 'NONE', #971, 20.00000000000000000 ) ;
#436 = CARTESIAN_POINT ( 'NONE',  ( -43.59007836928999800, 80.68293798109000600, 18.80000000000000100 ) ) ;
#437 = CARTESIAN_POINT ( 'NONE',  ( 62.49999999999917600, 79.99999999999940300, 19.99999999999888100 ) ) ;
#438 = LINE ( 'NONE', #249, #197 ) ;
#439 = ORIENTED_EDGE ( 'NONE', *, *, #2164, .F. ) ;
#440 = CARTESIAN_POINT ( 'NONE',  ( -61.37379418093429000, -60.94836561463033300, 43.27818157747850600 ) ) ;
#441 = CARTESIAN_POINT ( 'NONE',  ( 21.92031021677999900, 21.92031021677999900, 72.20000000000000300 ) ) ;
#442 = CARTESIAN_POINT ( 'NONE',  ( 38.38141143005102400, -33.58373500129091800, 80.00000000000001400 ) ) ;
#443 = VERTEX_POINT ( 'NONE', #228 ) ;
#444 = CARTESIAN_POINT ( 'NONE',  ( -64.33217087581415700, 58.84708936925383000, 41.81618042981936900 ) ) ;
#445 = CARTESIAN_POINT ( 'NONE',  ( 0.0000000000000000000, 0.0000000000000000000, 0.0000000000000000000 ) ) ;
#446 = CARTESIAN_POINT ( 'NONE',  ( -13.86630891686000000, -59.79848728967999700, 60.40000000000000600 ) ) ;
#447 = FACE_BOUND ( 'NONE', #1978, .T. ) ;
#448 = CARTESIAN_POINT ( 'NONE',  ( 37.45764441015000300, -33.49677597422000000, 80.80614555453000500 ) ) ;
#449 = AXIS2_PLACEMENT_3D ( 'NONE', #937, #2846, #2571 ) ;
#450 = AXIS2_PLACEMENT_3D ( 'NONE', #912, #3061, #3322 ) ;
#451 = CARTESIAN_POINT ( 'NONE',  ( 65.75000000000000000, -70.00000000000000000, 0.0000000000000000000 ) ) ;
#452 = VERTEX_POINT ( 'NONE', #20 ) ;
#453 = EDGE_CURVE ( 'NONE', #1095, #1122, #435, .T. ) ;
#454 = FACE_OUTER_BOUND ( 'NONE', #1907, .T. ) ;
#455 = CARTESIAN_POINT ( 'NONE',  ( 0.0000000000000000000, -31.00000000000000000, 67.20000000000000300 ) ) ;
#456 = CARTESIAN_POINT ( 'NONE',  ( -0.8660254037844920000, 1.500000000000053300, -4.000000000000000000 ) ) ;
#457 = CARTESIAN_POINT ( 'NONE',  ( 0.0000000000000000000, 0.0000000000000000000, 80.00000000000000000 ) ) ;
#458 = LINE ( 'NONE', #3305, #2851 ) ;
#459 = CARTESIAN_POINT ( 'NONE',  ( 3.278883027781677800, 0.4262574493214494300, -3.999999999823528300 ) ) ;
#460 = EDGE_CURVE ( 'NONE', #3392, #1744, #1209, .T. ) ;
#461 = EDGE_CURVE ( 'NONE', #2660, #3012, #2734, .T. ) ;
#462 = ORIENTED_EDGE ( 'NONE', *, *, #1942, .T. ) ;
#463 = CARTESIAN_POINT ( 'NONE',  ( -80.60004493198999900, 20.21087382626999900, 18.80000000000000100 ) ) ;
#464 = FACE_OUTER_BOUND ( 'NONE', #1387, .T. ) ;
#465 = FILL_AREA_STYLE ('',( #2258 ) ) ;
#466 = ORIENTED_EDGE ( 'NONE', *, *, #194, .F. ) ;
#467 = ADVANCED_FACE ( 'NONE', ( #3623 ), #22, .T. ) ;
#468 = CARTESIAN_POINT ( 'NONE',  ( 70.00000000000000000, -70.00000000000000000, 20.00000000000000000 ) ) ;
#469 = CARTESIAN_POINT ( 'NONE',  ( 0.0000000000000000000, 0.0000000000000000000, 9.999999999990905100 ) ) ;
#470 = CARTESIAN_POINT ( 'NONE',  ( 60.13261056152001100, 10.92497700582000100, 60.40000000000000600 ) ) ;
#471 = CARTESIAN_POINT ( 'NONE',  ( -50.56746982768999700, -1.537361089093000100, 81.20000000000000300 ) ) ;
#472 = PRODUCT ( 'BOLT-M4', 'BOLT-M4', '', ( #722 ) ) ;
#473 = AXIS2_PLACEMENT_3D ( 'NONE', #3466, #1927, #1402 ) ;
#474 = APPLICATION_CONTEXT ( 'automotive_design' ) ;
#475 = CARTESIAN_POINT ( 'NONE',  ( -66.26012668635000600, -59.21377306094999700, 39.60000000000000100 ) ) ;
#476 = ORIENTED_EDGE ( 'NONE', *, *, #3642, .F. ) ;
#477 = CARTESIAN_POINT ( 'NONE',  ( -70.00000000000000000, 70.00000000000000000, 20.00000000000000000 ) ) ;
#478 = CARTESIAN_POINT ( 'NONE',  ( 45.10964517965000200, -45.10964517965000200, 66.83295594259999500 ) ) ;
#479 = CARTESIAN_POINT ( 'NONE',  ( 74.25000000000001400, -70.00000000000000000, 20.00000000000000000 ) ) ;
#480 = ORIENTED_EDGE ( 'NONE', *, *, #881, .F. ) ;
#481 = EDGE_CURVE ( 'NONE', #3233, #236, #2763, .T. ) ;
#482 = CARTESIAN_POINT ( 'NONE',  ( 2.337361854736594400, 2.329613945887837100, -3.999999994317881200 ) ) ;
#483 = ORIENTED_EDGE ( 'NONE', *, *, #2948, .T. ) ;
#484 = ORIENTED_EDGE ( 'NONE', *, *, #1343, .F. ) ;
#485 = DIRECTION ( 'NONE',  ( 0.0000000000000000000, 0.0000000000000000000, 1.000000000000000000 ) ) ;
#486 = EDGE_LOOP ( 'NONE', ( #1714, #2829, #3409, #1957, #425 ) ) ;
#487 = CIRCLE ( 'NONE', #3089, 10.00000000000000200 ) ;
#488 = ORIENTED_EDGE ( 'NONE', *, *, #1466, .T. ) ;
#489 = DIRECTION ( 'NONE',  ( 1.000000000000000000, 0.0000000000000000000, 0.0000000000000000000 ) ) ;
#490 = CARTESIAN_POINT ( 'NONE',  ( -17.56471882302155100, 75.20003104672245800, 29.58566419148975500 ) ) ;
#491 = ORIENTED_EDGE ( 'NONE', *, *, #1573, .T. ) ;
#492 = CARTESIAN_POINT ( 'NONE',  ( 70.00000000000000000, 70.00000000000000000, 0.0000000000000000000 ) ) ;
#493 = DIRECTION ( 'NONE',  ( 0.0000000000000000000, -0.0000000000000000000, 1.000000000000000000 ) ) ;
#494 = CARTESIAN_POINT ( 'NONE',  ( 2.079214798847817600, 2.563097990768133700, -3.999999611728486800 ) ) ;
#495 = CARTESIAN_POINT ( 'NONE',  ( 66.30856898413999500, 58.84352944428000100, 39.60000000000000100 ) ) ;
#496 = LINE ( 'NONE', #2130, #2658 ) ;
#497 = CARTESIAN_POINT ( 'NONE',  ( -66.34027823144948900, 58.04774345251917100, 39.69272227325493000 ) ) ;
#498 = CARTESIAN_POINT ( 'NONE',  ( 70.00000000000000000, 70.00000000000000000, 0.0000000000000000000 ) ) ;
#499 = CARTESIAN_POINT ( 'NONE',  ( 22.48092323875956200, -45.85310094556837900, 80.00000000000014200 ) ) ;
#500 = EDGE_LOOP ( 'NONE', ( #849, #2825, #2083, #3386 ) ) ;
#501 = B_SPLINE_CURVE_WITH_KNOTS ( 'NONE', 3,
 ( #327, #3458, #930, #2731, #76, #10, #3298 ),
 .UNSPECIFIED., .F., .F.,
 ( 4, 1, 2, 4 ),
 ( 0.0000000000000000000, 0.001236149017137665600, 0.001854223525706498400, 0.002472298034275331200 ),
 .UNSPECIFIED. ) ;
#502 = VERTEX_POINT ( 'NONE', #741 ) ;
#503 = ADVANCED_FACE ( 'NONE', ( #535 ), #2929, .F. ) ;
#504 = DIRECTION ( 'NONE',  ( -1.000000000000000000, 0.0000000000000000000, 0.0000000000000000000 ) ) ;
#505 = CARTESIAN_POINT ( 'NONE',  ( -19.97100476975310500, 79.37454159442127400, 21.24357974801596100 ) ) ;
#506 = EDGE_LOOP ( 'NONE', ( #1404, #559, #3186 ) ) ;
#507 = CARTESIAN_POINT ( 'NONE',  ( -57.52578827447804600, 70.92222908060789200, 33.58574706049813600 ) ) ;
#508 = EDGE_LOOP ( 'NONE', ( #3399, #3371 ) ) ;
#509 = CARTESIAN_POINT ( 'NONE',  ( 0.0000000000000000000, 0.0000000000000000000, -3.799999999999999800 ) ) ;
#510 = CYLINDRICAL_SURFACE ( 'NONE', #1933, 9.999999999999994700 ) ;
#511 = EDGE_CURVE ( 'NONE', #1547, #1276, #3163, .T. ) ;
#512 = CARTESIAN_POINT ( 'NONE',  ( 1.563258596342093100, -51.14457826244108000, 80.00000000000014200 ) ) ;
#513 = LINE ( 'NONE', #3477, #3447 ) ;
#514 = DIRECTION ( 'NONE',  ( 1.000000000000000000, 0.0000000000000000000, 0.0000000000000000000 ) ) ;
#515 = DIRECTION ( 'NONE',  ( -1.000000000000000000, 0.0000000000000000000, 0.0000000000000000000 ) ) ;
#516 = LINE ( 'NONE', #3441, #2015 ) ;
#517 = CARTESIAN_POINT ( 'NONE',  ( -2.435141340395000000, 70.57389556572999800, 39.60000000000000100 ) ) ;
#518 = CARTESIAN_POINT ( 'NONE',  ( 66.34027823144767000, 58.04774345251978200, 39.69272227325816300 ) ) ;
#519 = CARTESIAN_POINT ( 'NONE',  ( 57.87757739042905300, 73.06384388438819100, 30.50001736538737200 ) ) ;
#520 = VERTEX_POINT ( 'NONE', #1551 ) ;
#521 = EDGE_LOOP ( 'NONE', ( #3660, #2174, #1135, #2970 ) ) ;
#522 = CARTESIAN_POINT ( 'NONE',  ( 41.18121496680429100, -30.19356410998213000, 80.00000000000014200 ) ) ;
#523 = AXIS2_PLACEMENT_3D ( 'NONE', #1575, #3081, #371 ) ;
#524 = CARTESIAN_POINT ( 'NONE',  ( 0.02636441575317288700, -3.499900701103103400, -3.799999999999999800 ) ) ;
#525 = EDGE_LOOP ( 'NONE', ( #85, #3351, #2920, #859 ) ) ;
#526 = AXIS2_PLACEMENT_3D ( 'NONE', #2588, #1764, #2995 ) ;
#527 = VECTOR ( 'NONE', #3355, 1000.000000000000000 ) ;
#528 = CARTESIAN_POINT ( 'NONE',  ( 37.09794659208999700, 33.33603015500000300, 81.20000000000000300 ) ) ;
#529 = CARTESIAN_POINT ( 'NONE',  ( 25.30862585595999900, -43.31676869382999900, 81.20000000000000300 ) ) ;
#530 = ORIENTED_EDGE ( 'NONE', *, *, #1188, .F. ) ;
#531 = CARTESIAN_POINT ( 'NONE',  ( -70.00000000000000000, -70.00000000000000000, 20.00000000000000400 ) ) ;
#532 = CARTESIAN_POINT ( 'NONE',  ( 0.8660254037843999600, -1.500000000000000000, -4.000000000000000000 ) ) ;
#533 = VERTEX_POINT ( 'NONE', #3373 ) ;
#534 = DIRECTION ( 'NONE',  ( 0.0000000000000000000, 1.000000000000000000, 0.0000000000000000000 ) ) ;
#535 = FACE_OUTER_BOUND ( 'NONE', #2751, .T. ) ;
#536 = EDGE_CURVE ( 'NONE', #3092, #2225, #2030, .T. ) ;
#537 = CARTESIAN_POINT ( 'NONE',  ( 37.25047923713000100, -33.17572534680999800, 81.20000000000000300 ) ) ;
#538 = CIRCLE ( 'NONE', #1537, 2.149999999999999000 ) ;
#539 = ADVANCED_FACE ( 'NONE', ( #1123 ), #1405, .F. ) ;
#540 = DIRECTION ( 'NONE',  ( 0.0000000000000000000, 0.0000000000000000000, -1.000000000000000000 ) ) ;
#541 = VERTEX_POINT ( 'NONE', #707 ) ;
#542 = CARTESIAN_POINT ( 'NONE',  ( 65.96393521539691600, 58.16297782042455100, 40.16033215937799400 ) ) ;
#543 = CARTESIAN_POINT ( 'NONE',  ( -31.83367296288000500, -80.63395961596999900, 18.80000000000000100 ) ) ;
#544 = CARTESIAN_POINT ( 'NONE',  ( -68.84534630887999600, 36.41562695860999800, 39.60000000000000100 ) ) ;
#545 = VECTOR ( 'NONE', #3385, 1000.000000000000000 ) ;
#546 = CARTESIAN_POINT ( 'NONE',  ( 2.501515414119809500, -2.154847294876161400, -4.000000170245615800 ) ) ;
#547 = CARTESIAN_POINT ( 'NONE',  ( -36.65839402699000300, 34.34918942584000200, 80.80614555453000500 ) ) ;
#548 = SURFACE_STYLE_FILL_AREA ( #969 ) ;
#549 = CARTESIAN_POINT ( 'NONE',  ( -57.62421082123821500, -71.81541470578471800, 32.31370458018859200 ) ) ;
#550 = AXIS2_PLACEMENT_3D ( 'NONE', #3541, #1, #3505 ) ;
#551 = MECHANICAL_DESIGN_GEOMETRIC_PRESENTATION_REPRESENTATION (  '', ( #3840 ), #1132 ) ;
#552 = LINE ( 'NONE', #3812, #3741 ) ;
#553 = CARTESIAN_POINT ( 'NONE',  ( 6.805617890117826400, 3.467133803755155800, -4.001508575632190200 ) ) ;
#554 = CARTESIAN_POINT ( 'NONE',  ( -47.56419341786000400, -41.47353249030999900, 66.83295594259999500 ) ) ;
#555 = CARTESIAN_POINT ( 'NONE',  ( 34.03049484756005700, 37.99049656456190900, 79.99999999999998600 ) ) ;
#556 = DIRECTION ( 'NONE',  ( 1.000000000000000000, 0.0000000000000000000, 0.0000000000000000000 ) ) ;
#557 = EDGE_CURVE ( 'NONE', #2902, #970, #631, .T. ) ;
#558 = DIRECTION ( 'NONE',  ( 0.0000000000000000000, -0.0000000000000000000, 1.000000000000000000 ) ) ;
#559 = ORIENTED_EDGE ( 'NONE', *, *, #2094, .F. ) ;
#560 = CARTESIAN_POINT ( 'NONE',  ( 80.63395961596999900, -31.83367296288000500, 18.80000000000000100 ) ) ;
#561 = EDGE_CURVE ( 'NONE', #253, #1420, #1308, .T. ) ;
#562 = CYLINDRICAL_SURFACE ( 'NONE', #1332, 2.149999999999999900 ) ;
#563 = DIRECTION ( 'NONE',  ( 0.0000000000000000000, 0.0000000000000000000, -1.000000000000000000 ) ) ;
#564 = ORIENTED_EDGE ( 'NONE', *, *, #860, .T. ) ;
#565 = ORIENTED_EDGE ( 'NONE', *, *, #2060, .T. ) ;
#566 = CARTESIAN_POINT ( 'NONE',  ( -33.58373500129311400, 38.38141143005537300, 80.00000000000001400 ) ) ;
#567 = CARTESIAN_POINT ( 'NONE',  ( 66.92655857452000100, -58.29187118336000100, 38.88657671872000100 ) ) ;
#568 = CARTESIAN_POINT ( 'NONE',  ( 34.50000000000000000, 0.0000000000000000000, 72.20000000000000300 ) ) ;
#569 = EDGE_LOOP ( 'NONE', ( #1119, #634, #3432 ) ) ;
#570 = DIRECTION ( 'NONE',  ( -0.0000000000000000000, -0.0000000000000000000, -1.000000000000000000 ) ) ;
#571 = ORIENTED_EDGE ( 'NONE', *, *, #1771, .F. ) ;
#572 = PRODUCT_DEFINITION_SHAPE ( 'NONE', 'NONE',  #792 ) ;
#573 = CARTESIAN_POINT ( 'NONE',  ( -57.50000000000006400, 70.00000000000000000, 34.87197004572181000 ) ) ;
#574 = ORIENTED_EDGE ( 'NONE', *, *, #2530, .F. ) ;
#575 = ORIENTED_EDGE ( 'NONE', *, *, #2504, .F. ) ;
#576 = AXIS2_PLACEMENT_3D ( 'NONE', #1560, #2179, #372 ) ;
#577 = EDGE_CURVE ( 'NONE', #970, #2124, #2939, .T. ) ;
#578 = CARTESIAN_POINT ( 'NONE',  ( 10.77714593842049400, 59.02497376807377800, 25.33581645258974300 ) ) ;
#579 = CARTESIAN_POINT ( 'NONE',  ( -40.40483926614000200, 29.57936790315000100, 81.20000000000000300 ) ) ;
#580 = LINE ( 'NONE', #2737, #1554 ) ;
#581 = CARTESIAN_POINT ( 'NONE',  ( 80.00000000000000000, -70.00000000000000000, 20.00000000000000000 ) ) ;
#582 = DIRECTION ( 'NONE',  ( 1.000000000000000000, 0.0000000000000000000, -0.0000000000000000000 ) ) ;
#583 = CARTESIAN_POINT ( 'NONE',  ( 41.47353249030999900, -47.56419341786000400, 66.83295594259999500 ) ) ;
#584 = CARTESIAN_POINT ( 'NONE',  ( -60.00000000000000000, 0.0000000000000000000, 0.0000000000000000000 ) ) ;
#585 = CARTESIAN_POINT ( 'NONE',  ( 59.35953546365330900, -63.43462339177277400, 42.47667239397891600 ) ) ;
#586 = EDGE_CURVE ( 'NONE', #673, #291, #3724, .T. ) ;
#587 = ORIENTED_EDGE ( 'NONE', *, *, #835, .F. ) ;
#588 = CARTESIAN_POINT ( 'NONE',  ( 1.999999999936970600, 2.449293598217517900E-016, 9.800000000000000700 ) ) ;
#589 = DIRECTION ( 'NONE',  ( -1.000000000000000000, 0.0000000000000000000, 0.0000000000000000000 ) ) ;
#590 = CARTESIAN_POINT ( 'NONE',  ( 0.0000000000000000000, 0.0000000000000000000, 67.20000000000000300 ) ) ;
#591 = ORIENTED_EDGE ( 'NONE', *, *, #461, .F. ) ;
#592 = CARTESIAN_POINT ( 'NONE',  ( -56.35796225979000000, -52.49910938239000300, 52.85976633066000100 ) ) ;
#593 = CIRCLE ( 'NONE', #3494, 4.250000000000003600 ) ;
#594 = DIRECTION ( 'NONE',  ( 0.0000000000000000000, 0.0000000000000000000, -1.000000000000000000 ) ) ;
#595 = ORIENTED_EDGE ( 'NONE', *, *, #3873, .T. ) ;
#596 = CARTESIAN_POINT ( 'NONE',  ( -2.884031466045999800, 80.57710843475000200, 18.80000000000000100 ) ) ;
#597 = CARTESIAN_POINT ( 'NONE',  ( 57.56513096151830000, -71.30961795736703800, 33.03523788204083200 ) ) ;
#598 = DIRECTION ( 'NONE',  ( -1.000000000000000000, 0.0000000000000000000, 0.0000000000000000000 ) ) ;
#599 = VERTEX_POINT ( 'NONE', #3358 ) ;
#600 = CARTESIAN_POINT ( 'NONE',  ( 57.00775463667999800, -29.24132405334000100, 60.40000000000000600 ) ) ;
#601 = CIRCLE ( 'NONE', #1006, 0.2000000000000000700 ) ;
#602 = AXIS2_PLACEMENT_3D ( 'NONE', #2284, #1349, #1557 ) ;
#603 = DIRECTION ( 'NONE',  ( 0.0000000000000000000, 0.0000000000000000000, -1.000000000000000000 ) ) ;
#604 = LINE ( 'NONE', #46, #2712 ) ;
#605 = DIRECTION ( 'NONE',  ( 0.0000000000000000000, 0.0000000000000000000, -1.000000000000000000 ) ) ;
#606 = EDGE_LOOP ( 'NONE', ( #397, #3855, #3377, #293 ) ) ;
#607 = CARTESIAN_POINT ( 'NONE',  ( -80.58289156524999400, 8.653175558324999600, 18.80000000000000100 ) ) ;
#608 = CIRCLE ( 'NONE', #2633, 2.149999999999999000 ) ;
#609 = CARTESIAN_POINT ( 'NONE',  ( 70.00000000000000000, 70.00000000000000000, 46.07200000000000300 ) ) ;
#610 = CARTESIAN_POINT ( 'NONE',  ( -57.50000000000000700, 70.00000000000000000, 20.00000000000000400 ) ) ;
#611 = CARTESIAN_POINT ( 'NONE',  ( 0.0000000000000000000, 0.0000000000000000000, -1.399999999999999900 ) ) ;
#612 = EDGE_CURVE ( 'NONE', #1353, #2126, #2481, .T. ) ;
#613 = CIRCLE ( 'NONE', #2260, 42.50000000000246600 ) ;
#614 = CARTESIAN_POINT ( 'NONE',  ( -41.42255834726999800, 47.58852024331999800, 66.83295594259999500 ) ) ;
#615 = EDGE_CURVE ( 'NONE', #765, #3205, #2128, .T. ) ;
#616 = CARTESIAN_POINT ( 'NONE',  ( 8.664619849968625300, 71.19747815624440100, 38.02890878618727300 ) ) ;
#617 = CARTESIAN_POINT ( 'NONE',  ( 32.98629888416999700, 37.92026604163999800, 80.80614555453000500 ) ) ;
#618 = DIRECTION ( 'NONE',  ( 1.000000000000000000, 0.0000000000000000000, 0.0000000000000000000 ) ) ;
#619 = CARTESIAN_POINT ( 'NONE',  ( 33.14999999999999900, 2.632990618166810200E-016, 72.20000000000000300 ) ) ;
#620 = ORIENTED_EDGE ( 'NONE', *, *, #2999, .T. ) ;
#621 = DIRECTION ( 'NONE',  ( 0.0000000000000000000, 0.0000000000000000000, 1.000000000000000000 ) ) ;
#622 = DIRECTION ( 'NONE',  ( -0.0000000000000000000, -0.0000000000000000000, -1.000000000000000000 ) ) ;
#623 = ADVANCED_FACE ( 'NONE', ( #2842 ), #1750, .F. ) ;
#624 = DIRECTION ( 'NONE',  ( 0.0000000000000000000, -1.000000000000000000, -0.0000000000000000000 ) ) ;
#625 = CARTESIAN_POINT ( 'NONE',  ( 34.34918942584000200, -36.65839402699000300, 80.80614555453000500 ) ) ;
#626 = DIRECTION ( 'NONE',  ( 0.0000000000000000000, 0.0000000000000000000, -1.000000000000000000 ) ) ;
#627 = CARTESIAN_POINT ( 'NONE',  ( 70.00000000000000000, -70.00000000000000000, 0.0000000000000000000 ) ) ;
#628 = DIRECTION ( 'NONE',  ( -1.000000000000000000, 0.0000000000000000000, 0.0000000000000000000 ) ) ;
#629 = EDGE_CURVE ( 'NONE', #1840, #599, #1219, .T. ) ;
#630 = ORIENTED_EDGE ( 'NONE', *, *, #3593, .F. ) ;
#631 = LINE ( 'NONE', #1583, #2226 ) ;
#632 = CARTESIAN_POINT ( 'NONE',  ( 0.6611151236393986200, 3.233487609400249600, -3.999999725235899600 ) ) ;
#633 = CYLINDRICAL_SURFACE ( 'NONE', #2156, 4.250000000000003600 ) ;
#634 = ORIENTED_EDGE ( 'NONE', *, *, #3383, .T. ) ;
#635 = CARTESIAN_POINT ( 'NONE',  ( -60.37598396995999700, 5.959099898149000700, 60.40000000000000600 ) ) ;
#636 = DIRECTION ( 'NONE',  ( 0.0000000000000000000, 0.0000000000000000000, -1.000000000000000000 ) ) ;
#637 = DIRECTION ( 'NONE',  ( -1.000000000000000000, 0.0000000000000000000, 0.0000000000000000000 ) ) ;
#638 = EDGE_CURVE ( 'NONE', #452, #1347, #2042, .T. ) ;
#639 = ORIENTED_EDGE ( 'NONE', *, *, #2122, .F. ) ;
#640 = FACE_BOUND ( 'NONE', #381, .T. ) ;
#641 = ADVANCED_FACE ( 'NONE', ( #447, #3531, #2140, #2749, #1949, #1133, #349, #2653, #356, #1953 ), #3376, .F. ) ;
#642 = CARTESIAN_POINT ( 'NONE',  ( -58.04774345251917100, -66.34027823144948900, 39.69272227325493000 ) ) ;
#643 = CARTESIAN_POINT ( 'NONE',  ( 0.05183217975668710800, 3.299999999999999400, -4.000000000000000900 ) ) ;
#644 = AXIS2_PLACEMENT_3D ( 'NONE', #1635, #1992, #1792 ) ;
#645 = CARTESIAN_POINT ( 'NONE',  ( -36.65839402699000300, -34.34918942584000200, 80.80614555453000500 ) ) ;
#646 = VERTEX_POINT ( 'NONE', #3056 ) ;
#647 = VERTEX_POINT ( 'NONE', #3436 ) ;
#648 = CARTESIAN_POINT ( 'NONE',  ( 51.14457826244108000, 1.563258596342093100, 80.00000000000014200 ) ) ;
#649 = CARTESIAN_POINT ( 'NONE',  ( 21.92031021677999900, 21.92031021677999900, 67.20000000000000300 ) ) ;
#650 = CARTESIAN_POINT ( 'NONE',  ( -26.74696312416000100, -69.64532627251000500, 39.60000000000000100 ) ) ;
#651 = FACE_OUTER_BOUND ( 'NONE', #521, .T. ) ;
#652 = AXIS2_PLACEMENT_3D ( 'NONE', #375, #2756, #2105 ) ;
#653 = AXIS2_PLACEMENT_3D ( 'NONE', #1483, #902, #1465 ) ;
#654 = EDGE_CURVE ( 'NONE', #1061, #1026, #251, .T. ) ;
#655 = MANIFOLD_SOLID_BREP ( '¿é¤J1', #3836 ) ;
#656 = CARTESIAN_POINT ( 'NONE',  ( -32.98705333094999800, 37.91958389697000300, 80.80614555453000500 ) ) ;
#657 = CARTESIAN_POINT ( 'NONE',  ( -53.40036977106000600, -41.54753629745999900, 60.40000000000000600 ) ) ;
#658 = CARTESIAN_POINT ( 'NONE',  ( 49.92310439746999900, 57.24157392664000800, 52.85976633066000100 ) ) ;
#659 = ORIENTED_EDGE ( 'NONE', *, *, #2948, .F. ) ;
#660 = FACE_OUTER_BOUND ( 'NONE', #3064, .T. ) ;
#661 = ADVANCED_FACE ( 'NONE', ( #2046, #454 ), #3091, .T. ) ;
#662 = ORIENTED_EDGE ( 'NONE', *, *, #778, .F. ) ;
#663 = EDGE_CURVE ( 'NONE', #3671, #3392, #8, .T. ) ;
#664 = CARTESIAN_POINT ( 'NONE',  ( -46.27490160797999900, 51.67903663922000100, 60.40000000000000600 ) ) ;
#665 = CARTESIAN_POINT ( 'NONE',  ( -24.07031021677999800, -21.92031021677999900, 67.20000000000000300 ) ) ;
#666 = CARTESIAN_POINT ( 'NONE',  ( 18.73765394535000100, -59.08486581428000800, 60.40000000000000600 ) ) ;
#667 = EDGE_CURVE ( 'NONE', #2684, #2339, #3636, .T. ) ;
#668 = DIRECTION ( 'NONE',  ( 0.0000000000000000000, 0.0000000000000000000, 1.000000000000000000 ) ) ;
#669 = FACE_OUTER_BOUND ( 'NONE', #3699, .T. ) ;
#670 = ORIENTED_EDGE ( 'NONE', *, *, #1359, .F. ) ;
#671 = CARTESIAN_POINT ( 'NONE',  ( 50.56746982768999700, 1.537361089093000100, 81.20000000000000300 ) ) ;
#672 = CARTESIAN_POINT ( 'NONE',  ( -57.50000000000000700, 70.00000000000000000, 80.00000000000000000 ) ) ;
#673 = VERTEX_POINT ( 'NONE', #1566 ) ;
#674 = CARTESIAN_POINT ( 'NONE',  ( 1.964004437556697700E-011, 70.33333333330438100, 39.99999999999999300 ) ) ;
#675 =( BOUNDED_SURFACE ( )  B_SPLINE_SURFACE ( 3, 3, ( 
 ( #3567, #2976, #269, #3552 ),
 ( #1445, #553, #2342, #2329 ),
 ( #225, #2028, #3213, #1109 ),
 ( #2927, #822, #2621, #524 ) ),
 .UNSPECIFIED., .F., .F., .T. ) 
 B_SPLINE_SURFACE_WITH_KNOTS ( ( 4, 4 ),
 ( 4, 4 ),
 ( 0.0000000000000000000, 1.000000000000000000 ),
 ( 0.0000000000000000000, 1.000000000000000000 ),
 .UNSPECIFIED. ) 
 GEOMETRIC_REPRESENTATION_ITEM ( )  RATIONAL_B_SPLINE_SURFACE ( (
 ( 1.000000000000000000, 0.3333333333333334300, 0.3333333333333334300, 1.000000000000000000),
 ( 0.8016907027688231500, 0.2672302342562744600, 0.2672302342562744600, 0.8016907027688231500),
 ( 0.8016907027688231500, 0.2672302342562744600, 0.2672302342562744600, 0.8016907027688231500),
 ( 1.000000000000000000, 0.3333333333333334300, 0.3333333333333334300, 1.000000000000000000) ) ) 
 REPRESENTATION_ITEM ( '' )  SURFACE ( )  );
#676 = CARTESIAN_POINT ( 'NONE',  ( 36.06881985773505100, 36.06881985773505100, 79.99999999999998600 ) ) ;
#677 = ORIENTED_EDGE ( 'NONE', *, *, #1771, .T. ) ;
#678 = CARTESIAN_POINT ( 'NONE',  ( -58.04774345251976800, 66.34027823144764100, 39.69272227325815500 ) ) ;
#679 = CARTESIAN_POINT ( 'NONE',  ( 46.01030571990000300, -51.77888708975000000, 60.40000000000000600 ) ) ;
#680 = AXIS2_PLACEMENT_3D ( 'NONE', #3282, #289, #2374 ) ;
#681 = LINE ( 'NONE', #953, #2272 ) ;
#682 = AXIS2_PLACEMENT_3D ( 'NONE', #2871, #869, #589 ) ;
#683 = CARTESIAN_POINT ( 'NONE',  ( 69.48109949763005500, -57.49607105101416900, 35.59139817766182300 ) ) ;
#684 = CARTESIAN_POINT ( 'NONE',  ( 37.99049656456190900, -34.03049484756005700, 79.99999999999998600 ) ) ;
#685 = ADVANCED_FACE ( 'NONE', ( #114, #824 ), #2210, .T. ) ;
#686 = EDGE_LOOP ( 'NONE', ( #1590, #2516, #762, #3719, #2733, #201 ) ) ;
#687 = ORIENTED_EDGE ( 'NONE', *, *, #150, .T. ) ;
#688 = CARTESIAN_POINT ( 'NONE',  ( 0.0000000000000000000, 0.0000000000000000000, 80.00000000000000000 ) ) ;
#689 = DIRECTION ( 'NONE',  ( -0.7071067810860616200, 0.0000000000000000000, -0.7071067812870334100 ) ) ;
#690 = EDGE_CURVE ( 'NONE', #3012, #775, #2527, .T. ) ;
#691 = DIRECTION ( 'NONE',  ( 0.0000000000000000000, 0.0000000000000000000, -1.000000000000000000 ) ) ;
#692 = CARTESIAN_POINT ( 'NONE',  ( -29.57936790315000100, -40.40483926614000200, 81.20000000000000300 ) ) ;
#693 = CARTESIAN_POINT ( 'NONE',  ( -78.01821836137915500, 60.38498447057237700, 23.03512354165184600 ) ) ;
#694 = VECTOR ( 'NONE', #3662, 1000.000000000000000 ) ;
#695 =( GEOMETRIC_REPRESENTATION_CONTEXT ( 3 ) GLOBAL_UNCERTAINTY_ASSIGNED_CONTEXT ( ( #2641 ) ) GLOBAL_UNIT_ASSIGNED_CONTEXT ( ( #1716, #1693, #3766 ) ) REPRESENTATION_CONTEXT ( 'NONE', 'WORKASPACE' ) );
#696 = ORIENTED_EDGE ( 'NONE', *, *, #33, .T. ) ;
#697 = DIRECTION ( 'NONE',  ( -1.000000000000000000, 0.0000000000000000000, 0.0000000000000000000 ) ) ;
#698 = CARTESIAN_POINT ( 'NONE',  ( -21.92031021677999900, 21.92031021677999900, 67.20000000000000300 ) ) ;
#699 = CARTESIAN_POINT ( 'NONE',  ( 59.44861395710999800, 66.79979600846999700, 38.88657671872000100 ) ) ;
#700 = VERTEX_POINT ( 'NONE', #3703 ) ;
#701 = CARTESIAN_POINT ( 'NONE',  ( 80.00000000000000000, -80.00000000000000000, 20.00000000000000000 ) ) ;
#702 = ORIENTED_EDGE ( 'NONE', *, *, #2745, .T. ) ;
#703 = CARTESIAN_POINT ( 'NONE',  ( -60.13261056152001100, -10.92497700582000100, 60.40000000000000600 ) ) ;
#704 = FACE_OUTER_BOUND ( 'NONE', #2877, .T. ) ;
#705 = DIRECTION ( 'NONE',  ( 1.000000000000000000, 0.0000000000000000000, 0.0000000000000000000 ) ) ;
#706 = CARTESIAN_POINT ( 'NONE',  ( 2.884031466045999800, -80.57710843475000200, 18.80000000000000100 ) ) ;
#707 = CARTESIAN_POINT ( 'NONE',  ( 33.14999999999999900, 2.632990618166810200E-016, 67.20000000000000300 ) ) ;
#708 = CYLINDRICAL_SURFACE ( 'NONE', #2433, 12.49999999999999600 ) ;
#709 = CARTESIAN_POINT ( 'NONE',  ( 70.00000000000000000, -70.00000000000000000, 80.00000000000000000 ) ) ;
#710 = DIRECTION ( 'NONE',  ( 0.0000000000000000000, 0.0000000000000000000, -1.000000000000000000 ) ) ;
#711 = CARTESIAN_POINT ( 'NONE',  ( -2.746947025009991000, 70.40961768725141200, 39.82243915282712300 ) ) ;
#712 = ORIENTED_EDGE ( 'NONE', *, *, #332, .F. ) ;
#713 = CARTESIAN_POINT ( 'NONE',  ( -70.36136551994999900, -13.39450447007000000, 39.60000000000000100 ) ) ;
#714 = CARTESIAN_POINT ( 'NONE',  ( -59.99999999999752700, 0.0000000000000000000, 39.99999999999840800 ) ) ;
#715 = EDGE_CURVE ( 'NONE', #2610, #2950, #3301, .T. ) ;
#716 = DIRECTION ( 'NONE',  ( 0.0000000000000000000, 1.000000000000000000, 0.0000000000000000000 ) ) ;
#717 = CARTESIAN_POINT ( 'NONE',  ( 2.000000000009549700, 2.449293598306401300E-016, 9.799999999927422300 ) ) ;
#718 = VERTEX_POINT ( 'NONE', #366 ) ;
#719 = CARTESIAN_POINT ( 'NONE',  ( 62.98117627642680100, -59.65304044168609500, 42.74881836071125500 ) ) ;
#720 = DIRECTION ( 'NONE',  ( 0.0000000000000000000, 0.0000000000000000000, -1.000000000000000000 ) ) ;
#721 = ORIENTED_EDGE ( 'NONE', *, *, #2925, .F. ) ;
#722 = PRODUCT_CONTEXT ( 'NONE', #199, 'mechanical' ) ;
#723 = CARTESIAN_POINT ( 'NONE',  ( -58.04774345251917100, -66.34027823144948900, 39.69272227325493000 ) ) ;
#724 = CARTESIAN_POINT ( 'NONE',  ( -2.131628207279999800E-014, 80.00000000000000000, 40.00000000000000000 ) ) ;
#725 = ORIENTED_EDGE ( 'NONE', *, *, #2293, .F. ) ;
#726 = LINE ( 'NONE', #1195, #1048 ) ;
#727 = SURFACE_SIDE_STYLE ('',( #2822 ) ) ;
#729 = CARTESIAN_POINT ( 'NONE',  ( 24.07031021677999800, 21.92031021677999900, 67.20000000000000300 ) ) ;
#728 = CARTESIAN_POINT ( 'NONE',  ( -46.00804689979000300, -51.77972812385999600, 60.40000000000000600 ) ) ;
#730 = CARTESIAN_POINT ( 'NONE',  ( 21.66025328545000100, 58.65669292905001000, 60.40000000000000600 ) ) ;
#731 = AXIS2_PLACEMENT_3D ( 'NONE', #509, #2603, #3031 ) ;
#732 = DIRECTION ( 'NONE',  ( 1.000000000000000000, 0.0000000000000000000, 0.0000000000000000000 ) ) ;
#733 = VERTEX_POINT ( 'NONE', #2774 ) ;
#734 = FACE_OUTER_BOUND ( 'NONE', #1834, .T. ) ;
#735 = CARTESIAN_POINT ( 'NONE',  ( 19.77031021678000000, 21.92031021677999900, 67.20000000000000300 ) ) ;
#736 = DIRECTION ( 'NONE',  ( -0.4462881036936951500, 0.5100435470783132300, 0.7353111644639009900 ) ) ;
#737 = CARTESIAN_POINT ( 'NONE',  ( -70.00000000000000000, 80.00000000000000000, 0.0000000000000000000 ) ) ;
#738 = ORIENTED_EDGE ( 'NONE', *, *, #3902, .F. ) ;
#739 = EDGE_CURVE ( 'NONE', #1131, #2256, #3258, .T. ) ;
#740 = CARTESIAN_POINT ( 'NONE',  ( -70.00000000000000000, 70.00000000000000000, 0.0000000000000000000 ) ) ;
#741 = CARTESIAN_POINT ( 'NONE',  ( -74.25000000000001400, -70.00000000000000000, 0.0000000000000000000 ) ) ;
#742 = CARTESIAN_POINT ( 'NONE',  ( 56.35796225979000000, -52.49910938239000300, 52.85976633066000100 ) ) ;
#743 = CYLINDRICAL_SURFACE ( 'NONE', #2606, 10.00000000000000200 ) ;
#744 = CARTESIAN_POINT ( 'NONE',  ( 51.79186750064922500, -59.19070571502658100, 50.00000000000000000 ) ) ;
#745 = CARTESIAN_POINT ( 'NONE',  ( -15.44326169504418400, 73.64224151370363800, 32.77664990461254000 ) ) ;
#746 = CYLINDRICAL_SURFACE ( 'NONE', #3470, 12.49999999999999600 ) ;
#747 = CARTESIAN_POINT ( 'NONE',  ( -62.05268033127380500, -60.34703405064946200, 43.14624763435021000 ) ) ;
#748 = CARTESIAN_POINT ( 'NONE',  ( -58.86035422361633400, 64.32418959965120600, 41.80636513585133700 ) ) ;
#749 = DIRECTION ( 'NONE',  ( 0.0000000000000000000, -1.000000000000000000, 0.0000000000000000000 ) ) ;
#750 = VECTOR ( 'NONE', #1786, 1000.000000000000100 ) ;
#751 = CARTESIAN_POINT ( 'NONE',  ( -1.967030880323934700, 59.96898585385547200, 31.84419516261575500 ) ) ;
#752 = AXIS2_PLACEMENT_3D ( 'NONE', #477, #2582, #2868 ) ;
#753 = CARTESIAN_POINT ( 'NONE',  ( -47.38367485555883000, -18.97222588696557500, 80.00000000000001400 ) ) ;
#754 = CIRCLE ( 'NONE', #1881, 27.50000000000000000 ) ;
#755 = CARTESIAN_POINT ( 'NONE',  ( -10.69402646216000000, -49.39770846852000100, 81.20000000000000300 ) ) ;
#756 = AXIS2_PLACEMENT_3D ( 'NONE', #1012, #2532, #732 ) ;
#757 = CARTESIAN_POINT ( 'NONE',  ( 49.92402747740000300, -57.24133914504000100, 52.85976633066000100 ) ) ;
#758 = DIRECTION ( 'NONE',  ( 1.000000000000000000, 0.0000000000000000000, 0.0000000000000000000 ) ) ;
#759 = DIRECTION ( 'NONE',  ( 0.0000000000000000000, 0.0000000000000000000, 1.000000000000000000 ) ) ;
#760 = EDGE_CURVE ( 'NONE', #775, #3012, #1620, .T. ) ;
#761 = CARTESIAN_POINT ( 'NONE',  ( 0.02636441575317203400, -3.499900701103103800, -3.799999999999999800 ) ) ;
#762 = ORIENTED_EDGE ( 'NONE', *, *, #2316, .T. ) ;
#763 = CARTESIAN_POINT ( 'NONE',  ( 80.62124160947999500, 27.47552857466000000, 18.80000000000000100 ) ) ;
#764 = ORIENTED_EDGE ( 'NONE', *, *, #1813, .T. ) ;
#765 = VERTEX_POINT ( 'NONE', #3049 ) ;
#766 = EDGE_CURVE ( 'NONE', #3230, #1023, #1000, .T. ) ;
#767 = CARTESIAN_POINT ( 'NONE',  ( 28.07560203518000500, -41.47030153531000000, 81.20000000000000300 ) ) ;
#768 = ORIENTED_EDGE ( 'NONE', *, *, #3431, .F. ) ;
#769 = ORIENTED_EDGE ( 'NONE', *, *, #3619, .F. ) ;
#770 = CIRCLE ( 'NONE', #2895, 2.149999999999999000 ) ;
#771 = PRODUCT_DEFINITION ( 'UNKNOWN', '', #3603, #1059 ) ;
#772 = CARTESIAN_POINT ( 'NONE',  ( 66.91848487222000600, 58.37452246448999900, 38.88657671872000100 ) ) ;
#773 = CARTESIAN_POINT ( 'NONE',  ( 2.692487570962215600, 1.912980359339317500, -3.999997792034096100 ) ) ;
#774 = DIRECTION ( 'NONE',  ( 0.0000000000000000000, 0.0000000000000000000, 1.000000000000000000 ) ) ;
#775 = VERTEX_POINT ( 'NONE', #3632 ) ;
#776 = AXIS2_PLACEMENT_3D ( 'NONE', #2223, #3418, #1918 ) ;
#777 = ORIENTED_EDGE ( 'NONE', *, *, #860, .F. ) ;
#778 = EDGE_CURVE ( 'NONE', #3035, #2971, #128, .T. ) ;
#779 = ORIENTED_EDGE ( 'NONE', *, *, #2848, .T. ) ;
#780 = CARTESIAN_POINT ( 'NONE',  ( -20.00000000000001100, 80.00000000000042600, 20.00000000000021700 ) ) ;
#781 = ORIENTED_EDGE ( 'NONE', *, *, #638, .F. ) ;
#782 = CARTESIAN_POINT ( 'NONE',  ( -1.925865669670460400, -3.469171696847658500, -4.000000000000000000 ) ) ;
#783 = ORIENTED_EDGE ( 'NONE', *, *, #3902, .T. ) ;
#784 = CARTESIAN_POINT ( 'NONE',  ( 2.331152827317327400, 2.335770494311411900, -3.999999999630027100 ) ) ;
#785 = EDGE_CURVE ( 'NONE', #1752, #1626, #915, .T. ) ;
#786 = ORIENTED_EDGE ( 'NONE', *, *, #3050, .T. ) ;
#787 = CARTESIAN_POINT ( 'NONE',  ( -8.209106309315538800, 59.43643517034035300, 28.76162073868361800 ) ) ;
#788 = VECTOR ( 'NONE', #710, 1000.000000000000000 ) ;
#789 = B_SPLINE_CURVE_WITH_KNOTS ( 'NONE', 3,
 ( #2778, #2364, #2937, #3414, #1753, #1470, #1441, #3241, #1769, #3124, #3231, #2705, #3548, #904, #2692, #2670, #246, #2972, #2958, #1379 ),
 .UNSPECIFIED., .F., .F.,
 ( 4, 2, 2, 2, 2, 2, 2, 2, 2, 4 ),
 ( 1.086662687844035600E-016, 0.003119974501030281300, 0.006239949002060453200, 0.009359923503090627300, 0.01247989800412079900, 0.01559987250515097200, 0.01715985975566605700, 0.01871984700618114400, 0.02183982150721133800, 0.02495979600824153200 ),
 .UNSPECIFIED. ) ;
#790 = EDGE_LOOP ( 'NONE', ( #1433, #3519 ) ) ;
#791 = FACE_BOUND ( 'NONE', #1805, .T. ) ;
#792 = PRODUCT_DEFINITION ( 'UNKNOWN', '', #3057, #1895 ) ;
#793 = CARTESIAN_POINT ( 'NONE',  ( -72.15264451392999900, 80.84121673349000000, 18.80000000000000100 ) ) ;
#794 = DIRECTION ( 'NONE',  ( -1.000000000000000000, 0.0000000000000000000, 0.0000000000000000000 ) ) ;
#795 = EDGE_LOOP ( 'NONE', ( #659, #3845 ) ) ;
#796 = VECTOR ( 'NONE', #2803, 1000.000000000000000 ) ;
#797 = DIRECTION ( 'NONE',  ( -1.000000000000000000, 0.0000000000000000000, 0.0000000000000000000 ) ) ;
#798 = CYLINDRICAL_SURFACE ( 'NONE', #1654, 2.149999999999999900 ) ;
#799 = ADVANCED_FACE ( 'NONE', ( #3755 ), #177, .F. ) ;
#800 = CARTESIAN_POINT ( 'NONE',  ( -36.06881985773495800, 36.06881985773495800, 80.00000000000011400 ) ) ;
#801 = EDGE_LOOP ( 'NONE', ( #1883, #1892 ) ) ;
#802 = FACE_OUTER_BOUND ( 'NONE', #2171, .T. ) ;
#803 = AXIS2_PLACEMENT_3D ( 'NONE', #2981, #1464, #3588 ) ;
#804 = ORIENTED_EDGE ( 'NONE', *, *, #778, .T. ) ;
#805 = VECTOR ( 'NONE', #3362, 1000.000000000000000 ) ;
#806 = CARTESIAN_POINT ( 'NONE',  ( -8.455449541561002000, 49.90385560309999800, 81.20000000000000300 ) ) ;
#807 = ORIENTED_EDGE ( 'NONE', *, *, #1636, .T. ) ;
#808 = DIRECTION ( 'NONE',  ( 0.0000000000000000000, 0.0000000000000000000, 1.000000000000000000 ) ) ;
#809 = EDGE_CURVE ( 'NONE', #1626, #3690, #2770, .T. ) ;
#810 = ORIENTED_EDGE ( 'NONE', *, *, #739, .F. ) ;
#811 = CARTESIAN_POINT ( 'NONE',  ( -80.57710843475000200, -2.884031466045999800, 18.80000000000000100 ) ) ;
#812 = ADVANCED_FACE ( 'NONE', ( #2155 ), #1082, .F. ) ;
#813 = VERTEX_POINT ( 'NONE', #2002 ) ;
#814 = VECTOR ( 'NONE', #1200, 1000.000000000000100 ) ;
#815 = DIRECTION ( 'NONE',  ( 1.000000000000000000, 0.0000000000000000000, 0.0000000000000000000 ) ) ;
#816 = CARTESIAN_POINT ( 'NONE',  ( -30.37262943109999800, 69.34533378615000700, 39.60000000000000100 ) ) ;
#817 = EDGE_LOOP ( 'NONE', ( #2903, #677 ) ) ;
#818 = CARTESIAN_POINT ( 'NONE',  ( 58.21682483404345700, 74.21510164214740300, 28.80090559949540500 ) ) ;
#819 = EDGE_CURVE ( 'NONE', #3334, #2126, #513, .T. ) ;
#820 = CIRCLE ( 'NONE', #2662, 2.149999999999999000 ) ;
#821 = CARTESIAN_POINT ( 'NONE',  ( 44.03604773904933700, 25.80290032997090700, 80.00000000000014200 ) ) ;
#822 = CARTESIAN_POINT ( 'NONE',  ( 6.973436986453032600, 3.552629532609448100, -3.800000000000000300 ) ) ;
#823 = CARTESIAN_POINT ( 'NONE',  ( -4.689775789027608600, -50.85542173755897000, 80.00000000000014200 ) ) ;
#824 = FACE_OUTER_BOUND ( 'NONE', #983, .T. ) ;
#825 = CARTESIAN_POINT ( 'NONE',  ( 11.69015097259968200, 58.85020394343634100, 22.73746357783122800 ) ) ;
#826 = CARTESIAN_POINT ( 'NONE',  ( -7.323005921847448400, 59.55509221163905000, 10.46083526016718500 ) ) ;
#827 = CARTESIAN_POINT ( 'NONE',  ( 1.646957545890970200, -2.860329314296538700, -3.999999108953843100 ) ) ;
#828 = VECTOR ( 'NONE', #2401, 1000.000000000000200 ) ;
#829 = ADVANCED_FACE ( 'NONE', ( #1431 ), #746, .F. ) ;
#830 = CARTESIAN_POINT ( 'NONE',  ( 8.754522923722008800, 59.35853887405728800, 28.21648290036592100 ) ) ;
#831 = ORIENTED_EDGE ( 'NONE', *, *, #1942, .F. ) ;
#832 = CARTESIAN_POINT ( 'NONE',  ( 19.77031021678000000, -21.92031021677999900, 67.20000000000000300 ) ) ;
#833 = FACE_OUTER_BOUND ( 'NONE', #2309, .T. ) ;
#834 = CARTESIAN_POINT ( 'NONE',  ( 80.83825087852000000, 71.67675316864999500, 18.80000000000000100 ) ) ;
#835 = EDGE_CURVE ( 'NONE', #1539, #1375, #3127, .T. ) ;
#836 = B_SPLINE_CURVE_WITH_KNOTS ( 'NONE', 3,
 ( #838, #2635, #1398, #2860, #683, #3443, #2905, #2512, #2830, #1966, #1705, #1013, #1171, #891, #1801, #2390, #2688, #2091, #288, #3574 ),
 .UNSPECIFIED., .F., .F.,
 ( 4, 2, 2, 2, 2, 2, 2, 2, 2, 4 ),
 ( 3.743023581103057900E-015, 0.003106928669022721900, 0.006213857338041700200, 0.009320786007060679500, 0.01087425034157016100, 0.01242771467607965000, 0.01553464334509863100, 0.01864157201411760800, 0.02174850068313658900, 0.02485542935215556700 ),
 .UNSPECIFIED. ) ;
#837 = CARTESIAN_POINT ( 'NONE',  ( 10.87704275762344300, 49.99775340050992200, 80.00000000000014200 ) ) ;
#838 = CARTESIAN_POINT ( 'NONE',  ( 66.34027823144948900, -58.04774345251917100, 39.69272227325493000 ) ) ;
#839 = CARTESIAN_POINT ( 'NONE',  ( 31.06042358874157800, -40.49559866988389000, 80.00000000000014200 ) ) ;
#840 = CYLINDRICAL_SURFACE ( 'NONE', #2351, 60.00000000000000000 ) ;
#841 = CARTESIAN_POINT ( 'NONE',  ( -5.308551466363963000, 59.76570759795726700, 9.230932156287336100 ) ) ;
#842 = VECTOR ( 'NONE', #1015, 1000.000000000000200 ) ;
#843 = DIRECTION ( 'NONE',  ( 1.000000000000000000, 0.0000000000000000000, -0.0000000000000000000 ) ) ;
#844 = DIRECTION ( 'NONE',  ( -0.8660254037844289400, -0.5000000000000167600, 0.0000000000000000000 ) ) ;
#845 = CIRCLE ( 'NONE', #2864, 9.999999999999994700 ) ;
#846 = PRODUCT_CONTEXT ( 'NONE', #1922, 'mechanical' ) ;
#847 = PLANE ( 'NONE',  #1057 ) ;
#848 = CARTESIAN_POINT ( 'NONE',  ( -58.29187118336000100, -66.92655857452000100, 38.88657671872000100 ) ) ;
#849 = ORIENTED_EDGE ( 'NONE', *, *, #3775, .F. ) ;
#850 = VERTEX_POINT ( 'NONE', #2014 ) ;
#851 = AXIS2_PLACEMENT_3D ( 'NONE', #1134, #2411, #252 ) ;
#852 = CARTESIAN_POINT ( 'NONE',  ( -42.14773870844000200, 47.23816140161000000, 66.83295594259999500 ) ) ;
#853 = EDGE_CURVE ( 'NONE', #2370, #520, #1782, .T. ) ;
#854 = SHAPE_DEFINITION_REPRESENTATION ( #572, #1429 ) ;
#855 = PLANE ( 'NONE',  #2055 ) ;
#856 = CARTESIAN_POINT ( 'NONE',  ( -70.00000000000000000, -70.00000000000000000, 20.00000000000000000 ) ) ;
#857 = CARTESIAN_POINT ( 'NONE',  ( -38.38141143005538700, -33.58373500129312100, 79.99999999999998600 ) ) ;
#858 = CARTESIAN_POINT ( 'NONE',  ( 2.883597890863519400, -1.605805179038961400, -3.999999194604107800 ) ) ;
#859 = ORIENTED_EDGE ( 'NONE', *, *, #460, .T. ) ;
#860 = EDGE_CURVE ( 'NONE', #2610, #2648, #2813, .T. ) ;
#861 = CARTESIAN_POINT ( 'NONE',  ( -59.35853524390484600, -63.43625972415403400, 42.47558731517319300 ) ) ;
#862 = EDGE_CURVE ( 'NONE', #1791, #2697, #2148, .T. ) ;
#863 = DIRECTION ( 'NONE',  ( 0.0000000000000000000, 0.0000000000000000000, 1.000000000000000000 ) ) ;
#864 = DIRECTION ( 'NONE',  ( 0.0000000000000000000, 0.0000000000000000000, -1.000000000000000000 ) ) ;
#865 = FACE_OUTER_BOUND ( 'NONE', #311, .T. ) ;
#866 = CARTESIAN_POINT ( 'NONE',  ( -47.56453757113000300, 41.47282077714000100, 66.83295594259999500 ) ) ;
#867 = CARTESIAN_POINT ( 'NONE',  ( -2.149999999999999900, -31.00000000000000000, 72.20000000000000300 ) ) ;
#868 = DIRECTION ( 'NONE',  ( 1.000000000000000000, 0.0000000000000000000, 0.0000000000000000000 ) ) ;
#869 = DIRECTION ( 'NONE',  ( 0.0000000000000000000, 0.0000000000000000000, -1.000000000000000000 ) ) ;
#870 = DIRECTION ( 'NONE',  ( -0.0000000000000000000, -0.0000000000000000000, -1.000000000000000000 ) ) ;
#871 = AXIS2_PLACEMENT_3D ( 'NONE', #153, #1787, #2387 ) ;
#872 = EDGE_LOOP ( 'NONE', ( #140, #2554 ) ) ;
#873 = ORIENTED_EDGE ( 'NONE', *, *, #245, .F. ) ;
#874 = CARTESIAN_POINT ( 'NONE',  ( 70.00000000000000000, 70.00000000000000000, 20.00000000000000000 ) ) ;
#875 = ORIENTED_EDGE ( 'NONE', *, *, #3026, .F. ) ;
#876 = LINE ( 'NONE', #2193, #2664 ) ;
#877 = CARTESIAN_POINT ( 'NONE',  ( 11.23009653634128200, 58.93987217927613600, 24.24727968620981500 ) ) ;
#878 = CARTESIAN_POINT ( 'NONE',  ( -52.52804712345999900, 44.00993949969000600, 60.40000000000000600 ) ) ;
#879 = CARTESIAN_POINT ( 'NONE',  ( -24.07031021677999800, 21.92031021677999900, 72.20000000000000300 ) ) ;
#880 = DIRECTION ( 'NONE',  ( 0.0000000000000000000, 0.0000000000000000000, 1.000000000000000000 ) ) ;
#881 = EDGE_CURVE ( 'NONE', #30, #1122, #3366, .T. ) ;
#882 = ORIENTED_EDGE ( 'NONE', *, *, #1409, .T. ) ;
#883 = CARTESIAN_POINT ( 'NONE',  ( 58.65256956632920500, -64.75191899100140300, 41.42542169598587500 ) ) ;
#884 = FACE_BOUND ( 'NONE', #2802, .T. ) ;
#885 = CARTESIAN_POINT ( 'NONE',  ( -47.23836160959000100, 42.14738863518999800, 66.83295594259999500 ) ) ;
#886 = EDGE_CURVE ( 'NONE', #30, #1095, #1780, .T. ) ;
#887 = VECTOR ( 'NONE', #720, 1000.000000000000000 ) ;
#888 = DIRECTION ( 'NONE',  ( -1.000000000000000000, 0.0000000000000000000, 0.0000000000000000000 ) ) ;
#889 = CARTESIAN_POINT ( 'NONE',  ( 1.877751660879696500, 2.714732712165213600, -3.999998776455578200 ) ) ;
#890 = DIRECTION ( 'NONE',  ( -1.000000000000000000, 0.0000000000000000000, 0.0000000000000000000 ) ) ;
#891 = CARTESIAN_POINT ( 'NONE',  ( 75.88417646599877700, -58.95462534921706100, 26.29168921989737100 ) ) ;
#892 = PRODUCT_DEFINITION_SHAPE ( 'NONE', 'NONE',  #771 ) ;
#893 = CARTESIAN_POINT ( 'NONE',  ( -60.83916697883085300, -78.52179432267273300, 22.26296565716037900 ) ) ;
#894 = ORIENTED_EDGE ( 'NONE', *, *, #3383, .F. ) ;
#895 = VERTEX_POINT ( 'NONE', #1087 ) ;
#896 = ORIENTED_EDGE ( 'NONE', *, *, #3234, .F. ) ;
#897 = DIRECTION ( 'NONE',  ( 0.0000000000000000000, 1.000000000000000000, 0.0000000000000000000 ) ) ;
#898 = DIRECTION ( 'NONE',  ( 1.000000000000000000, 0.0000000000000000000, -0.0000000000000000000 ) ) ;
#899 = CARTESIAN_POINT ( 'NONE',  ( 33.58373500129091800, 38.38141143005102400, 80.00000000000001400 ) ) ;
#900 = CYLINDRICAL_SURFACE ( 'NONE', #1255, 4.250000000000003600 ) ;
#901 = DIRECTION ( 'NONE',  ( -1.000000000000000000, 0.0000000000000000000, 0.0000000000000000000 ) ) ;
#902 = DIRECTION ( 'NONE',  ( 0.0000000000000000000, 0.0000000000000000000, -1.000000000000000000 ) ) ;
#903 = B_SPLINE_CURVE_WITH_KNOTS ( 'NONE', 3,
 ( #2713, #2089, #1935, #1980, #3125, #1014, #2501, #81, #2301, #195, #183, #1987, #173, #1973, #1528, #336, #157, #1662, #271, #3249, #3554, #1776, #2075, #1149, #2966, #2665, #254, #2062, #3856, #825, #2625, #2979, #877, #578, #2371, #3522, #1462, #1160, #830, #3625, #2463, #2446, #382, #916, #131, #13, #2535, #1632, #3888, #1299, #1816, #1358 ),
 .UNSPECIFIED., .F., .F.,
 ( 4, 2, 2, 2, 2, 2, 2, 2, 2, 2, 2, 2, 2, 2, 2, 2, 2, 2, 2, 2, 2, 2, 2, 2, 2, 4 ),
 ( 0.01881082255296427600, 0.01998588751826814800, 0.02116095248357201900, 0.02351108241417976300, 0.02468614737948363400, 0.02586121234478750600, 0.02703627731009137700, 0.02821134227539524900, 0.03056147220600299200, 0.03173653717130686700, 0.03291160213661073500, 0.03526173206721849200, 0.03643679703252236700, 0.03761186199782624200, 0.03996199192843400600, 0.04113705689373788700, 0.04231212185904176200, 0.04466225178964951900, 0.04583731675495340100, 0.04701238172025727600, 0.04936251165086505400, 0.05053757661616893600, 0.05171264158147282500, 0.05288770654677670700, 0.05406277151208059600, 0.05641290144268836000 ),
 .UNSPECIFIED. ) ;
#904 = CARTESIAN_POINT ( 'NONE',  ( 70.70803992784638600, 57.51642091950289900, 33.88588090765570400 ) ) ;
#905 = ORIENTED_EDGE ( 'NONE', *, *, #1040, .F. ) ;
#906 = ADVANCED_FACE ( 'NONE', ( #3815, #2597 ), #2102, .T. ) ;
#907 = CARTESIAN_POINT ( 'NONE',  ( -27.50000000000000000, 3.367778697655221300E-015, 72.20000000000000300 ) ) ;
#908 = CARTESIAN_POINT ( 'NONE',  ( -57.69832842395293700, -72.26393094138678900, 31.66665787873368400 ) ) ;
#909 = ORIENTED_EDGE ( 'NONE', *, *, #809, .T. ) ;
#910 = VECTOR ( 'NONE', #3228, 1000.000000000000000 ) ;
#911 = VERTEX_POINT ( 'NONE', #832 ) ;
#912 = CARTESIAN_POINT ( 'NONE',  ( -31.00000000000000000, 0.0000000000000000000, 72.20000000000000300 ) ) ;
#913 = CARTESIAN_POINT ( 'NONE',  ( -73.07251240433068100, -57.86880848990796300, 30.48976568877423100 ) ) ;
#914 = DIRECTION ( 'NONE',  ( 0.0000000000000000000, 1.000000000000000000, -0.0000000000000000000 ) ) ;
#915 = CIRCLE ( 'NONE', #3398, 3.500000000000000000 ) ;
#916 = CARTESIAN_POINT ( 'NONE',  ( 5.308583463509652500, 59.76570476621029100, 30.76905216743034500 ) ) ;
#917 = ORIENTED_EDGE ( 'NONE', *, *, #3360, .T. ) ;
#918 = AXIS2_PLACEMENT_3D ( 'NONE', #3655, #1541, #1860 ) ;
#919 = AXIS2_PLACEMENT_3D ( 'NONE', #1796, #3278, #2988 ) ;
#920 = CARTESIAN_POINT ( 'NONE',  ( -33.58373500129173600, -38.38141143005029200, 79.99999999999998600 ) ) ;
#921 = CYLINDRICAL_SURFACE ( 'NONE', #3129, 4.250000000000003600 ) ;
#922 = CARTESIAN_POINT ( 'NONE',  ( 0.4690771363509871300, 3.267157506612661200, -3.999999466177839300 ) ) ;
#923 = DIRECTION ( 'NONE',  ( 0.0000000000000000000, -1.000000000000000000, -0.0000000000000000000 ) ) ;
#924 = CARTESIAN_POINT ( 'NONE',  ( -69.85305371187999400, -23.10659126000999900, 39.60000000000000100 ) ) ;
#925 = DIRECTION ( 'NONE',  ( 0.0000000000000000000, 0.0000000000000000000, -1.000000000000000000 ) ) ;
#926 = CARTESIAN_POINT ( 'NONE',  ( -68.87232966759999900, 80.82083348930000000, 18.80000000000000100 ) ) ;
#927 = DIRECTION ( 'NONE',  ( 0.0000000000000000000, 0.0000000000000000000, -1.000000000000000000 ) ) ;
#928 = EDGE_CURVE ( 'NONE', #813, #3334, #991, .T. ) ;
#929 = VECTOR ( 'NONE', #1886, 1000.000000000000000 ) ;
#930 = CARTESIAN_POINT ( 'NONE',  ( 0.01021249530004490200, -3.299989168020347900, -4.000000000000820700 ) ) ;
#931 = CARTESIAN_POINT ( 'NONE',  ( -50.85542173755902700, 4.689775789027615700, 80.00000000000001400 ) ) ;
#932 = CARTESIAN_POINT ( 'NONE',  ( 33.02253715681001000, 37.88750121561999900, 80.80614555453000500 ) ) ;
#933 = CARTESIAN_POINT ( 'NONE',  ( 0.1559043762783163300, 3.300093765407474700, -4.000000068128058800 ) ) ;
#934 = EDGE_LOOP ( 'NONE', ( #2961, #3764, #1261, #2873 ) ) ;
#935 = FACE_BOUND ( 'NONE', #790, .T. ) ;
#936 = CARTESIAN_POINT ( 'NONE',  ( 51.77888708975000000, 46.01030571990000300, 60.40000000000000600 ) ) ;
#937 = CARTESIAN_POINT ( 'NONE',  ( -70.00000000000000000, -70.00000000000000000, 80.00000000000000000 ) ) ;
#938 = CARTESIAN_POINT ( 'NONE',  ( -2.131628201168918100E-014, 60.00000000000000000, 32.00000000000000000 ) ) ;
#939 = ORIENTED_EDGE ( 'NONE', *, *, #275, .T. ) ;
#940 = CARTESIAN_POINT ( 'NONE',  ( -43.64929751583999700, -68.13306145193000400, 39.60000000000000100 ) ) ;
#941 = DIRECTION ( 'NONE',  ( 0.0000000000000000000, -0.0000000000000000000, 1.000000000000000000 ) ) ;
#942 = ORIENTED_EDGE ( 'NONE', *, *, #1188, .T. ) ;
#943 = AXIS2_PLACEMENT_3D ( 'NONE', #1960, #1948, #1643 ) ;
#944 = CARTESIAN_POINT ( 'NONE',  ( 3.299950250454886500, -0.02232590498543858900, -4.000000000000197200 ) ) ;
#945 = ORIENTED_EDGE ( 'NONE', *, *, #1522, .F. ) ;
#946 = EDGE_LOOP ( 'NONE', ( #360, #764, #3243, #639 ) ) ;
#947 = ADVANCED_FACE ( 'NONE', ( #1264 ), #2975, .F. ) ;
#948 = CARTESIAN_POINT ( 'NONE',  ( -3.464468585340523300, -2.124663681671279400, -3.799999999999999400 ) ) ;
#949 = CARTESIAN_POINT ( 'NONE',  ( 1.315352947806784900, 3.026901527730255600, -3.999999877668202400 ) ) ;
#950 = VECTOR ( 'NONE', #2964, 1000.000000000000100 ) ;
#951 = EDGE_CURVE ( 'NONE', #429, #2684, #3193, .T. ) ;
#952 = CARTESIAN_POINT ( 'NONE',  ( -80.00000000000000000, 80.00000000000000000, 20.00000000000000000 ) ) ;
#953 = CARTESIAN_POINT ( 'NONE',  ( 0.0000000000000000000, -1.500000000000000000, -4.000000000000000000 ) ) ;
#954 = DIRECTION ( 'NONE',  ( 1.000000000000000000, 0.0000000000000000000, 0.0000000000000000000 ) ) ;
#955 = CARTESIAN_POINT ( 'NONE',  ( 3.252914312330956300, -0.5729394667647467200, -3.999999995848500400 ) ) ;
#956 = EDGE_CURVE ( 'NONE', #3, #3233, #580, .T. ) ;
#957 = VERTEX_POINT ( 'NONE', #3027 ) ;
#958 = DIRECTION ( 'NONE',  ( 0.0000000000000000000, 0.0000000000000000000, -1.000000000000000000 ) ) ;
#959 = CARTESIAN_POINT ( 'NONE',  ( 69.64532627251000500, -26.74696312416000100, 39.60000000000000100 ) ) ;
#960 = CARTESIAN_POINT ( 'NONE',  ( -74.25000000000001400, -70.00000000000000000, 20.00000000000000000 ) ) ;
#961 = CARTESIAN_POINT ( 'NONE',  ( 58.37338801780000400, 66.91861028214999900, 38.88657671872000100 ) ) ;
#962 = DIRECTION ( 'NONE',  ( 0.5000000000000167600, -0.8660254037844289400, 0.0000000000000000000 ) ) ;
#963 = ORIENTED_EDGE ( 'NONE', *, *, #1315, .F. ) ;
#964 = CARTESIAN_POINT ( 'NONE',  ( 2.149999999999999900, -31.00000000000000000, 67.20000000000000300 ) ) ;
#965 = ADVANCED_FACE ( 'NONE', ( #1660 ), #633, .F. ) ;
#966 = CARTESIAN_POINT ( 'NONE',  ( -45.85310094556845700, 22.48092323875865600, 80.00000000000001400 ) ) ;
#967 = CARTESIAN_POINT ( 'NONE',  ( 71.67675316864999500, -80.83825087852000000, 18.80000000000000100 ) ) ;
#968 = VECTOR ( 'NONE', #3086, 1000.000000000000000 ) ;
#969 = FILL_AREA_STYLE ('',( #1334 ) ) ;
#970 = VERTEX_POINT ( 'NONE', #2118 ) ;
#971 = AXIS2_PLACEMENT_3D ( 'NONE', #3384, #716, #354 ) ;
#972 = EDGE_CURVE ( 'NONE', #1164, #2684, #438, .T. ) ;
#973 = DIRECTION ( 'NONE',  ( -1.000000000000000000, 0.0000000000000000000, 0.0000000000000000000 ) ) ;
#974 = CARTESIAN_POINT ( 'NONE',  ( 37.22665080293351300, -34.87274480919895600, 79.99999999999998600 ) ) ;
#975 = DIRECTION ( 'NONE',  ( 0.0000000000000000000, 0.0000000000000000000, 1.000000000000000000 ) ) ;
#976 = VECTOR ( 'NONE', #1072, 1000.000000000000000 ) ;
#977 = CARTESIAN_POINT ( 'NONE',  ( 33.33603015500000300, -37.09794659208999700, 81.20000000000000300 ) ) ;
#978 = CARTESIAN_POINT ( 'NONE',  ( -79.53391692550937400, 61.87855590067933800, 20.71108409029047000 ) ) ;
#979 = ORIENTED_EDGE ( 'NONE', *, *, #3868, .T. ) ;
#980 = ORIENTED_EDGE ( 'NONE', *, *, #2587, .F. ) ;
#981 = DIRECTION ( 'NONE',  ( 0.0000000000000000000, 1.000000000000000000, -0.0000000000000000000 ) ) ;
#982 = DIRECTION ( 'NONE',  ( 1.000000000000000000, 0.0000000000000000000, 0.0000000000000000000 ) ) ;
#983 = EDGE_LOOP ( 'NONE', ( #2041, #232, #1083, #3087 ) ) ;
#984 = CARTESIAN_POINT ( 'NONE',  ( 70.00000000000000000, -80.00000000000000000, 46.07200000000000300 ) ) ;
#985 = CARTESIAN_POINT ( 'NONE',  ( 1.732050807569000200, 0.0000000000000000000, -4.000000000000000000 ) ) ;
#986 = CARTESIAN_POINT ( 'NONE',  ( -59.79848728967999700, 13.86630891686000000, 60.40000000000000600 ) ) ;
#987 = DIRECTION ( 'NONE',  ( 0.0000000000000000000, 0.0000000000000000000, -1.000000000000000000 ) ) ;
#988 = EDGE_LOOP ( 'NONE', ( #1495, #2384, #3471, #484 ) ) ;
#989 = MECHANICAL_DESIGN_GEOMETRIC_PRESENTATION_REPRESENTATION (  '', ( #2232 ), #1178 ) ;
#990 = ORIENTED_EDGE ( 'NONE', *, *, #3482, .T. ) ;
#991 = LINE ( 'NONE', #3345, #391 ) ;
#992 = DIRECTION ( 'NONE',  ( -0.0000000000000000000, 1.000000000000000000, 0.0000000000000000000 ) ) ;
#993 = CARTESIAN_POINT ( 'NONE',  ( -66.20774637620000600, -61.57406936065999800, 38.88657671872000100 ) ) ;
#994 = ORIENTED_EDGE ( 'NONE', *, *, #1766, .T. ) ;
#995 = EDGE_CURVE ( 'NONE', #1164, #1512, #1848, .T. ) ;
#997 = CARTESIAN_POINT ( 'NONE',  ( -34.03049484756057600, -37.99049656456144000, 79.99999999999998600 ) ) ;
#996 = CARTESIAN_POINT ( 'NONE',  ( -50.87150307334000100, -67.31919688915999700, 39.60000000000000100 ) ) ;
#998 = DIRECTION ( 'NONE',  ( 0.0000000000000000000, 0.0000000000000000000, 1.000000000000000000 ) ) ;
#999 = VECTOR ( 'NONE', #880, 1000.000000000000000 ) ;
#1000 = CIRCLE ( 'NONE', #3016, 3.500000000000000000 ) ;
#1001 = DIRECTION ( 'NONE',  ( 0.0000000000000000000, -0.0000000000000000000, -1.000000000000000000 ) ) ;
#1002 = DIRECTION ( 'NONE',  ( -1.000000000000000000, 0.0000000000000000000, 0.0000000000000000000 ) ) ;
#1003 = CARTESIAN_POINT ( 'NONE',  ( -73.06384388438820600, 57.87757739042908900, 30.50001736538740000 ) ) ;
#1004 = EDGE_LOOP ( 'NONE', ( #1570, #2832 ) ) ;
#1005 = LINE ( 'NONE', #735, #2620 ) ;
#1006 = AXIS2_PLACEMENT_3D ( 'NONE', #2741, #273, #341 ) ;
#1007 = FILL_AREA_STYLE_COLOUR ( '', #2018 ) ;
#1008 = CARTESIAN_POINT ( 'NONE',  ( -33.33401278641999700, -37.09986889164999700, 81.20000000000000300 ) ) ;
#1009 = EDGE_CURVE ( 'NONE', #3334, #2629, #1467, .T. ) ;
#1010 = CARTESIAN_POINT ( 'NONE',  ( 38.38141143005538700, 33.58373500129312100, 80.00000000000000000 ) ) ;
#1011 = LINE ( 'NONE', #1698, #3220 ) ;
#1012 = CARTESIAN_POINT ( 'NONE',  ( -70.00000000000000000, 70.00000000000000000, 20.00000000000000400 ) ) ;
#1013 = CARTESIAN_POINT ( 'NONE',  ( 74.21510164214743100, -58.21682483404344300, 28.80090559949540500 ) ) ;
#1014 = CARTESIAN_POINT ( 'NONE',  ( 3.122095474620832300, 59.92367154825228700, 8.386680488351075300 ) ) ;
#1015 = DIRECTION ( 'NONE',  ( 0.4462881036936951500, -0.5100435470783132300, 0.7353111644639009900 ) ) ;
#1016 = CARTESIAN_POINT ( 'NONE',  ( -33.02303750320999900, 37.88704769067999900, 80.80614555453000500 ) ) ;
#1017 = EDGE_CURVE ( 'NONE', #1285, #2902, #2650, .T. ) ;
#1018 = SURFACE_STYLE_FILL_AREA ( #465 ) ;
#1019 = CARTESIAN_POINT ( 'NONE',  ( 36.41572499158999700, -68.84534630887999600, 39.60000000000000100 ) ) ;
#1020 = CARTESIAN_POINT ( 'NONE',  ( -13.39450447007000000, 70.36136551994999900, 39.60000000000000100 ) ) ;
#1021 = DIRECTION ( 'NONE',  ( -0.0000000000000000000, -0.0000000000000000000, -1.000000000000000000 ) ) ;
#1022 = DIRECTION ( 'NONE',  ( -1.000000000000000000, 0.0000000000000000000, 0.0000000000000000000 ) ) ;
#1023 = VERTEX_POINT ( 'NONE', #2677 ) ;
#1024 = CARTESIAN_POINT ( 'NONE',  ( -62.28223417434201500, -60.16281439900159700, 43.06942418463253800 ) ) ;
#1025 = CARTESIAN_POINT ( 'NONE',  ( 2.149999999999999900, 31.00000000000000000, 67.20000000000000300 ) ) ;
#1026 = VERTEX_POINT ( 'NONE', #3872 ) ;
#1027 = VECTOR ( 'NONE', #3100, 1000.000000000000000 ) ;
#1028 = CARTESIAN_POINT ( 'NONE',  ( 70.00000000000000000, -70.00000000000000000, 20.00000000000000000 ) ) ;
#1029 = DIRECTION ( 'NONE',  ( -1.000000000000000000, 0.0000000000000000000, 0.0000000000000000000 ) ) ;
#1030 = CONICAL_SURFACE ( 'NONE', #2432, 34.99999999999997200, 0.7853981633972956200 ) ;
#1031 = CARTESIAN_POINT ( 'NONE',  ( -17.03859137155999900, -70.19926611082999600, 39.60000000000000100 ) ) ;
#1032 = CARTESIAN_POINT ( 'NONE',  ( 32.98705333094999800, -37.91958389697000300, 80.80614555453000500 ) ) ;
#1033 = AXIS2_PLACEMENT_3D ( 'NONE', #3514, #3500, #515 ) ;
#1034 = CARTESIAN_POINT ( 'NONE',  ( 80.00000000000000000, 70.00000000000000000, 0.0000000000000000000 ) ) ;
#1035 = EDGE_CURVE ( 'NONE', #3420, #96, #2212, .T. ) ;
#1036 = DIRECTION ( 'NONE',  ( 1.000000000000000000, 0.0000000000000000000, -0.0000000000000000000 ) ) ;
#1037 = CARTESIAN_POINT ( 'NONE',  ( -70.00000000000000000, -70.00000000000000000, 80.00000000000000000 ) ) ;
#1038 = CARTESIAN_POINT ( 'NONE',  ( 3.151384340490166500, 0.9805175325779946800, -3.999999999915191400 ) ) ;
#1039 = ORIENTED_EDGE ( 'NONE', *, *, #612, .T. ) ;
#1040 = EDGE_CURVE ( 'NONE', #2256, #1347, #3773, .T. ) ;
#1041 = CARTESIAN_POINT ( 'NONE',  ( -6.575281158270178700, 3.250562666860086200, -4.000000000000000000 ) ) ;
#1042 = CARTESIAN_POINT ( 'NONE',  ( 18.97222588696554300, -47.38367485555878000, 80.00000000000014200 ) ) ;
#1043 = CARTESIAN_POINT ( 'NONE',  ( 57.75559491341000000, -80.75548428362000700, 18.80000000000000100 ) ) ;
#1044 = EDGE_LOOP ( 'NONE', ( #308, #2509 ) ) ;
#1045 = LINE ( 'NONE', #1874, #527 ) ;
#1046 = CARTESIAN_POINT ( 'NONE',  ( -80.00000000000000000, 80.00000000000000000, 0.0000000000000000000 ) ) ;
#1047 = CARTESIAN_POINT ( 'NONE',  ( -63.80589796492999700, 80.79008802660000300, 18.80000000000000100 ) ) ;
#1048 = VECTOR ( 'NONE', #485, 1000.000000000000000 ) ;
#1049 = CARTESIAN_POINT ( 'NONE',  ( -61.60260323704843400, 60.73590912399750900, 43.25020868304251600 ) ) ;
#1050 = DIRECTION ( 'NONE',  ( 0.0000000000000000000, 0.0000000000000000000, -1.000000000000000000 ) ) ;
#1051 = CARTESIAN_POINT ( 'NONE',  ( 47.23816140161000000, 42.14773870844000200, 66.83295594259999500 ) ) ;
#1052 = CARTESIAN_POINT ( 'NONE',  ( 2.519393430586426500, 2.133398413504186600, -3.999998214417387600 ) ) ;
#1053 = VECTOR ( 'NONE', #2795, 1000.000000000000000 ) ;
#1054 = CARTESIAN_POINT ( 'NONE',  ( -47.23816140161000000, -42.14773870844000200, 66.83295594259999500 ) ) ;
#1055 = AXIS2_PLACEMENT_3D ( 'NONE', #3884, #2107, #3575 ) ;
#1056 = DIRECTION ( 'NONE',  ( 0.0000000000000000000, 0.0000000000000000000, 1.000000000000000000 ) ) ;
#1057 = AXIS2_PLACEMENT_3D ( 'NONE', #3242, #749, #2502 ) ;
#1058 = CARTESIAN_POINT ( 'NONE',  ( -80.84121673349000000, -72.15264451392999900, 18.80000000000000100 ) ) ;
#1059 = PRODUCT_DEFINITION_CONTEXT ( 'detailed design', #122, 'design' ) ;
#1060 = B_SPLINE_CURVE_WITH_KNOTS ( 'NONE', 3,
 ( #1532, #1220, #2344, #1777, #821, #3021, #2914, #1850, #1428, #648, #1788, #3429, #2116, #3525, #1120, #522, #162, #3509 ),
 .UNSPECIFIED., .F., .F.,
 ( 4, 1, 1, 1, 1, 1, 1, 1, 1, 1, 1, 1, 1, 1, 1, 4 ),
 ( 1.551583845779545700E-017, 0.003418895545466194300, 0.006837791090932372900, 0.009117054787909825400, 0.01367558218186473000, 0.01823410957581963300, 0.02051337327279708500, 0.02735116436372944300, 0.03646821915163925300, 0.04102674654559415600, 0.04558527393954905900, 0.05470232872745887200, 0.05926085612141377600, 0.06381938351536868600, 0.06837791090932358900, 0.07293643830327849200 ),
 .UNSPECIFIED. ) ;
#1061 = VERTEX_POINT ( 'NONE', #3253 ) ;
#1062 = EDGE_LOOP ( 'NONE', ( #2997, #1932, #1928, #2442 ) ) ;
#1063 = DIRECTION ( 'NONE',  ( -1.000000000000000000, 0.0000000000000000000, 0.0000000000000000000 ) ) ;
#1064 = DIRECTION ( 'NONE',  ( -1.000000000000000000, 0.0000000000000000000, 0.0000000000000000000 ) ) ;
#1065 = CARTESIAN_POINT ( 'NONE',  ( -46.50817814338999800, 43.42414940412000100, 66.83295594259999500 ) ) ;
#1066 = EDGE_CURVE ( 'NONE', #700, #647, #3102, .T. ) ;
#1067 = VERTEX_POINT ( 'NONE', #568 ) ;
#1068 = CARTESIAN_POINT ( 'NONE',  ( 2.322549299644165900, 2.344267015809989600, -3.999999999848425200 ) ) ;
#1069 = ORIENTED_EDGE ( 'NONE', *, *, #2188, .F. ) ;
#1070 = ORIENTED_EDGE ( 'NONE', *, *, #247, .T. ) ;
#1071 = SHAPE_DEFINITION_REPRESENTATION ( #1378, #137 ) ;
#1072 = DIRECTION ( 'NONE',  ( -0.0000000000000000000, 0.0000000000000000000, 1.000000000000000000 ) ) ;
#1073 = SURFACE_SIDE_STYLE ('',( #1018 ) ) ;
#1074 = ORIENTED_EDGE ( 'NONE', *, *, #332, .T. ) ;
#1075 = ORIENTED_EDGE ( 'NONE', *, *, #150, .F. ) ;
#1076 = EDGE_LOOP ( 'NONE', ( #894, #963, #238, #3490, #1811 ) ) ;
#1077 = CARTESIAN_POINT ( 'NONE',  ( 31.96787890714999800, 38.38407138504000200, 81.20000000000000300 ) ) ;
#1078 = CARTESIAN_POINT ( 'NONE',  ( -21.92031021677999900, 21.92031021677999900, 72.20000000000000300 ) ) ;
#1079 = VERTEX_POINT ( 'NONE', #2668 ) ;
#1080 = VECTOR ( 'NONE', #3214, 1000.000000000000000 ) ;
#1081 = DIRECTION ( 'NONE',  ( 0.0000000000000000000, 0.0000000000000000000, -1.000000000000000000 ) ) ;
#1082 = PLANE ( 'NONE',  #1726 ) ;
#1083 = ORIENTED_EDGE ( 'NONE', *, *, #2220, .F. ) ;
#1084 = ORIENTED_EDGE ( 'NONE', *, *, #3453, .T. ) ;
#1085 = LINE ( 'NONE', #2689, #999 ) ;
#1086 = CARTESIAN_POINT ( 'NONE',  ( 0.0000000000000000000, 0.0000000000000000000, 72.20000000000000300 ) ) ;
#1087 = CARTESIAN_POINT ( 'NONE',  ( 27.50000000000000000, 0.0000000000000000000, 72.20000000000000300 ) ) ;
#1088 = ADVANCED_FACE ( 'NONE', ( #2207 ), #1107, .F. ) ;
#1089 = ORIENTED_EDGE ( 'NONE', *, *, #350, .F. ) ;
#1090 = CARTESIAN_POINT ( 'NONE',  ( -57.99259567744761100, 73.58932400638335000, 29.73440287618166200 ) ) ;
#1091 = DIRECTION ( 'NONE',  ( -1.000000000000000000, 0.0000000000000000000, 0.0000000000000000000 ) ) ;
#1092 = ORIENTED_EDGE ( 'NONE', *, *, #819, .F. ) ;
#1093 = DIRECTION ( 'NONE',  ( 0.0000000000000000000, 0.0000000000000000000, 1.000000000000000000 ) ) ;
#1094 = CARTESIAN_POINT ( 'NONE',  ( -1.999999999936970600, 0.0000000000000000000, 9.800000000000000700 ) ) ;
#1095 = VERTEX_POINT ( 'NONE', #3083 ) ;
#1096 = DIRECTION ( 'NONE',  ( 0.0000000000000000000, 1.000000000000000000, 0.0000000000000000000 ) ) ;
#1097 = CIRCLE ( 'NONE', #1681, 10.00000000000000200 ) ;
#1098 = DIRECTION ( 'NONE',  ( 0.0000000000000000000, 0.0000000000000000000, 1.000000000000000000 ) ) ;
#1099 = CARTESIAN_POINT ( 'NONE',  ( 58.84036845277999800, 66.30897701057999400, 39.60000000000000100 ) ) ;
#1100 = ORIENTED_EDGE ( 'NONE', *, *, #2144, .T. ) ;
#1101 = LINE ( 'NONE', #701, #3912 ) ;
#1102 = CARTESIAN_POINT ( 'NONE',  ( 58.29356837992000400, -66.92639293601999400, 38.88657671872000100 ) ) ;
#1103 = CARTESIAN_POINT ( 'NONE',  ( 0.7256717634131765200, -3.229483561231892600, -3.999999925329642500 ) ) ;
#1104 = LINE ( 'NONE', #3218, #3313 ) ;
#1105 = CARTESIAN_POINT ( 'NONE',  ( 58.43309398159645000, 74.77812923858185500, 27.95884173307397100 ) ) ;
#1106 = CARTESIAN_POINT ( 'NONE',  ( 68.13306145193000400, -43.64929751583999700, 39.60000000000000100 ) ) ;
#1107 = CYLINDRICAL_SURFACE ( 'NONE', #682, 2.149999999999999000 ) ;
#1108 = CARTESIAN_POINT ( 'NONE',  ( -2.131628207279999800E-014, 80.00000000000000000, 20.00000000000000000 ) ) ;
#1109 = CARTESIAN_POINT ( 'NONE',  ( 0.02636441575317288400, -3.499900701103103400, -3.918357890360455000 ) ) ;
#1110 = FACE_OUTER_BOUND ( 'NONE', #184, .T. ) ;
#1111 = AXIS2_PLACEMENT_3D ( 'NONE', #1508, #3324, #3620 ) ;
#1112 = CARTESIAN_POINT ( 'NONE',  ( -66.67202286187000500, 56.05200009223000300, 39.60000000000000100 ) ) ;
#1113 = CARTESIAN_POINT ( 'NONE',  ( 1.662121234465437500, -2.851611879217136100, -3.999999045574657700 ) ) ;
#1114 = ORIENTED_EDGE ( 'NONE', *, *, #663, .T. ) ;
#1115 = ORIENTED_EDGE ( 'NONE', *, *, #2188, .T. ) ;
#1116 = CARTESIAN_POINT ( 'NONE',  ( 57.84971717857651200, 66.98701068243607900, 38.88915086403832800 ) ) ;
#1117 = EDGE_CURVE ( 'NONE', #813, #337, #2721, .T. ) ;
#1118 = CARTESIAN_POINT ( 'NONE',  ( 66.30897701057999400, -58.84036845277999800, 39.60000000000000100 ) ) ;
#1119 = ORIENTED_EDGE ( 'NONE', *, *, #862, .F. ) ;
#1120 = CARTESIAN_POINT ( 'NONE',  ( 43.67263709774530900, -26.46729574821743800, 80.00000000000014200 ) ) ;
#1121 = CARTESIAN_POINT ( 'NONE',  ( -57.50000000000000700, -70.00000000000028400, 34.87191684188870500 ) ) ;
#1122 = VERTEX_POINT ( 'NONE', #724 ) ;
#1123 = FACE_OUTER_BOUND ( 'NONE', #2367, .T. ) ;
#1124 = CARTESIAN_POINT ( 'NONE',  ( -42.94608983970000100, 25.95693926007000100, 81.20000000000000300 ) ) ;
#1125 = LINE ( 'NONE', #2112, #1214 ) ;
#1126 = CARTESIAN_POINT ( 'NONE',  ( -19.77031021678000000, -21.92031021677999900, 67.20000000000000300 ) ) ;
#1127 = CARTESIAN_POINT ( 'NONE',  ( 2.639237729179309400, -1.981958419872482900, -3.999999205563094000 ) ) ;
#1128 = ORIENTED_EDGE ( 'NONE', *, *, #928, .T. ) ;
#1129 = CARTESIAN_POINT ( 'NONE',  ( 66.67202286187000500, -56.05200009223000300, 39.60000000000000100 ) ) ;
#1130 = AXIS2_PLACEMENT_3D ( 'NONE', #1701, #3476, #1091 ) ;
#1131 = VERTEX_POINT ( 'NONE', #3681 ) ;
#1132 =( GEOMETRIC_REPRESENTATION_CONTEXT ( 3 ) GLOBAL_UNCERTAINTY_ASSIGNED_CONTEXT ( ( #3275 ) ) GLOBAL_UNIT_ASSIGNED_CONTEXT ( ( #3718, #3114, #1296 ) ) REPRESENTATION_CONTEXT ( 'NONE', 'WORKASPACE' ) );
#1133 = FACE_BOUND ( 'NONE', #795, .T. ) ;
#1134 = CARTESIAN_POINT ( 'NONE',  ( 21.92031021677999900, 21.92031021677999900, 67.20000000000000300 ) ) ;
#1135 = ORIENTED_EDGE ( 'NONE', *, *, #1917, .T. ) ;
#1136 = CARTESIAN_POINT ( 'NONE',  ( 19.77031021678000000, 21.92031021677999900, 72.20000000000000300 ) ) ;
#1137 = ORIENTED_EDGE ( 'NONE', *, *, #995, .F. ) ;
#1138 = CARTESIAN_POINT ( 'NONE',  ( -11.59448583828818100, 58.86919059574447700, 16.88175089177785500 ) ) ;
#1139 = EDGE_CURVE ( 'NONE', #3814, #2003, #3501, .T. ) ;
#1140 = CARTESIAN_POINT ( 'NONE',  ( 2.884380628769410500, -1.604394458406149600, -3.999999200560109300 ) ) ;
#1141 = LINE ( 'NONE', #1962, #3540 ) ;
#1142 = CARTESIAN_POINT ( 'NONE',  ( -49.92402747740000300, 57.24133914504000100, 52.85976633066000100 ) ) ;
#1143 = ORIENTED_EDGE ( 'NONE', *, *, #145, .T. ) ;
#1144 = CARTESIAN_POINT ( 'NONE',  ( 57.00775463667999800, 29.24137161390000400, 60.40000000000000600 ) ) ;
#1145 = CYLINDRICAL_SURFACE ( 'NONE', #3131, 4.250000000000003600 ) ;
#1146 = EDGE_CURVE ( 'NONE', #154, #2513, #1921, .T. ) ;
#1147 = CARTESIAN_POINT ( 'NONE',  ( -47.58903021927000100, 41.42148965057001000, 66.83295594259999500 ) ) ;
#1148 = CARTESIAN_POINT ( 'NONE',  ( -37.45742526480000100, -33.49700969626999800, 80.80614555453000500 ) ) ;
#1149 = CARTESIAN_POINT ( 'NONE',  ( 11.84431887996283600, 58.81936997490279900, 18.03361812069752500 ) ) ;
#1150 = CARTESIAN_POINT ( 'NONE',  ( 31.00000000000000000, 0.0000000000000000000, 67.20000000000000300 ) ) ;
#1151 = ADVANCED_FACE ( 'NONE', ( #223 ), #847, .F. ) ;
#1152 = DIRECTION ( 'NONE',  ( 0.0000000000000000000, 0.0000000000000000000, -1.000000000000000000 ) ) ;
#1153 = CARTESIAN_POINT ( 'NONE',  ( 51.79186750064263100, 59.19070571502542300, 50.00000000000000000 ) ) ;
#1154 = DIRECTION ( 'NONE',  ( 1.000000000000000000, 0.0000000000000000000, 0.0000000000000000000 ) ) ;
#1155 = PLANE ( 'NONE',  #396 ) ;
#1156 = CARTESIAN_POINT ( 'NONE',  ( -50.49397608147038600, -8.597922279883624300, 80.00000000000001400 ) ) ;
#1157 = VERTEX_POINT ( 'NONE', #400 ) ;
#1158 = EDGE_CURVE ( 'NONE', #1913, #98, #2540, .T. ) ;
#1159 = VERTEX_POINT ( 'NONE', #97 ) ;
#1160 = CARTESIAN_POINT ( 'NONE',  ( 9.017881304115290300, 59.31898488290509900, 27.92672786143540600 ) ) ;
#1161 = CARTESIAN_POINT ( 'NONE',  ( -80.00000000000000000, 70.00000000000000000, 0.0000000000000000000 ) ) ;
#1162 = CARTESIAN_POINT ( 'NONE',  ( -33.87605007215000100, 55.78427214429999700, 60.40000000000000600 ) ) ;
#1163 = CARTESIAN_POINT ( 'NONE',  ( 58.97495045380863100, -64.10396474450358500, 41.98852338065187000 ) ) ;
#1164 = VERTEX_POINT ( 'NONE', #1589 ) ;
#1165 = ORIENTED_EDGE ( 'NONE', *, *, #3558, .T. ) ;
#1166 =( LENGTH_UNIT ( ) NAMED_UNIT ( * ) SI_UNIT ( .MILLI., .METRE. ) );
#1167 = ORIENTED_EDGE ( 'NONE', *, *, #2669, .T. ) ;
#1168 = VECTOR ( 'NONE', #582, 1000.000000000000000 ) ;
#1169 = EDGE_LOOP ( 'NONE', ( #1203, #282, #2467, #909, #1794 ) ) ;
#1170 = CARTESIAN_POINT ( 'NONE',  ( -80.81599860029000100, 68.09406068477000000, 18.80000000000000100 ) ) ;
#1171 = CARTESIAN_POINT ( 'NONE',  ( 74.77812923858184000, -58.43309398159640000, 27.95884173307396700 ) ) ;
#1172 = DIRECTION ( 'NONE',  ( 0.5410700854470187300, 6.626197482570763500E-017, -0.8409775042379883400 ) ) ;
#1173 = CARTESIAN_POINT ( 'NONE',  ( -47.86226395399999900, 67.66042336751999600, 39.60000000000000100 ) ) ;
#1174 =( BOUNDED_CURVE ( )  B_SPLINE_CURVE ( 3, ( #2791, #358, #1242, #2282 ),
 .UNSPECIFIED., .F., .T. ) 
 B_SPLINE_CURVE_WITH_KNOTS ( ( 4, 4 ),
 ( 0.0000000000000000000, 0.002397752400834782400 ),
 .UNSPECIFIED. ) 
 CURVE ( )  GEOMETRIC_REPRESENTATION_ITEM ( )  RATIONAL_B_SPLINE_CURVE ( ( 1.000000000000000000, 0.9999952714644881900, 0.9999952714644881900, 1.000000000000000000 ) ) 
 REPRESENTATION_ITEM ( '' )  );
#1175 = CARTESIAN_POINT ( 'NONE',  ( -60.49170318927762900, -78.12995277797065800, 22.86403858394004700 ) ) ;
#1176 = CARTESIAN_POINT ( 'NONE',  ( 66.79963367521000400, 59.44919673276000100, 38.88657671872000100 ) ) ;
#1177 = CIRCLE ( 'NONE', #2137, 9.999999999999994700 ) ;
#1178 =( GEOMETRIC_REPRESENTATION_CONTEXT ( 3 ) GLOBAL_UNCERTAINTY_ASSIGNED_CONTEXT ( ( #1896 ) ) GLOBAL_UNIT_ASSIGNED_CONTEXT ( ( #3727, #2539, #2836 ) ) REPRESENTATION_CONTEXT ( 'NONE', 'WORKASPACE' ) );
#1179 = AXIS2_PLACEMENT_3D ( 'NONE', #2048, #2642, #3832 ) ;
#1180 = CARTESIAN_POINT ( 'NONE',  ( 24.07031021677999800, -21.92031021677999900, 67.20000000000000300 ) ) ;
#1181 = DIRECTION ( 'NONE',  ( 0.0000000000000000000, 0.0000000000000000000, 1.000000000000000000 ) ) ;
#1182 = CARTESIAN_POINT ( 'NONE',  ( -57.25745658966999900, -49.85806336360000300, 52.85976633066000100 ) ) ;
#1183 = VECTOR ( 'NONE', #981, 1000.000000000000000 ) ;
#1184 = CARTESIAN_POINT ( 'NONE',  ( 0.0000000000000000000, 0.0000000000000000000, -3.799999999999999800 ) ) ;
#1185 = ADVANCED_FACE ( 'NONE', ( #3223 ), #1289, .T. ) ;
#1186 = CARTESIAN_POINT ( 'NONE',  ( -61.57406936065999800, 66.20774637620000600, 38.88657671872000100 ) ) ;
#1187 = PLANE ( 'NONE',  #3246 ) ;
#1188 = EDGE_CURVE ( 'NONE', #541, #98, #1731, .T. ) ;
#1189 = DIRECTION ( 'NONE',  ( 0.5000000000000699400, 0.8660254037843983000, 0.0000000000000000000 ) ) ;
#1190 = ORIENTED_EDGE ( 'NONE', *, *, #1337, .F. ) ;
#1191 = FACE_OUTER_BOUND ( 'NONE', #1703, .T. ) ;
#1192 = APPLICATION_PROTOCOL_DEFINITION ( 'draft international standard', 'automotive_design', 1998, #474 ) ;
#1193 = CARTESIAN_POINT ( 'NONE',  ( -58.28414386517896200, -74.45443816406106000, 28.44624769110971100 ) ) ;
#1194 = CYLINDRICAL_SURFACE ( 'NONE', #3065, 2.149999999999999000 ) ;
#1195 = CARTESIAN_POINT ( 'NONE',  ( 34.50000000000000000, 0.0000000000000000000, 80.00000000000000000 ) ) ;
#1196 = CARTESIAN_POINT ( 'NONE',  ( 19.99999999999997500, 80.00000000000015600, 20.00000000000008200 ) ) ;
#1197 = CARTESIAN_POINT ( 'NONE',  ( -21.92031021677999900, -21.92031021677999900, 67.20000000000000300 ) ) ;
#1198 = CARTESIAN_POINT ( 'NONE',  ( 0.0000000000000000000, 0.0000000000000000000, 0.0000000000000000000 ) ) ;
#1199 = VECTOR ( 'NONE', #1621, 1000.000000000000000 ) ;
#1200 = DIRECTION ( 'NONE',  ( -0.5000000000000167600, -0.8660254037844289400, 0.0000000000000000000 ) ) ;
#1201 = VECTOR ( 'NONE', #736, 1000.000000000000200 ) ;
#1202 = EDGE_CURVE ( 'NONE', #2124, #970, #3317, .T. ) ;
#1203 = ORIENTED_EDGE ( 'NONE', *, *, #766, .T. ) ;
#1204 = CARTESIAN_POINT ( 'NONE',  ( 70.00000000000000000, 80.00000000000000000, 0.0000000000000000000 ) ) ;
#1205 = CARTESIAN_POINT ( 'NONE',  ( 41.42148965057001000, 47.58903021927000100, 66.83295594259999500 ) ) ;
#1206 = ORIENTED_EDGE ( 'NONE', *, *, #3312, .T. ) ;
#1207 = CARTESIAN_POINT ( 'NONE',  ( 0.4156275810137808900, 3.274182050911430300, -3.999999585164773800 ) ) ;
#1208 = ORIENTED_EDGE ( 'NONE', *, *, #2247, .F. ) ;
#1209 = CIRCLE ( 'NONE', #2683, 2.000000000000000000 ) ;
#1210 = CARTESIAN_POINT ( 'NONE',  ( 43.64929751583999700, 68.13306145193000400, 39.60000000000000100 ) ) ;
#1211 = CARTESIAN_POINT ( 'NONE',  ( -56.05200009223000300, -66.67202286187000500, 39.60000000000000100 ) ) ;
#1212 = CARTESIAN_POINT ( 'NONE',  ( 0.0000000000000000000, 0.0000000000000000000, 0.0000000000000000000 ) ) ;
#1213 = EDGE_CURVE ( 'NONE', #3760, #3146, #3410, .T. ) ;
#1214 = VECTOR ( 'NONE', #141, 1000.000000000000000 ) ;
#1215 = EDGE_LOOP ( 'NONE', ( #3779, #384, #738, #359, #2288, #3911 ) ) ;
#1216 = DIRECTION ( 'NONE',  ( -1.000000000000000000, 0.0000000000000000000, 0.0000000000000000000 ) ) ;
#1217 = CARTESIAN_POINT ( 'NONE',  ( 0.7935262000389095000, 3.203845725817195100, -4.000000056504156900 ) ) ;
#1218 = ORIENTED_EDGE ( 'NONE', *, *, #2170, .T. ) ;
#1219 = CIRCLE ( 'NONE', #345, 2.149999999999999000 ) ;
#1220 = CARTESIAN_POINT ( 'NONE',  ( 39.10047509726829400, 32.76194795303872100, 80.00000000000014200 ) ) ;
#1221 = ADVANCED_FACE ( 'NONE', ( #1637 ), #2253, .F. ) ;
#1222 = DIRECTION ( 'NONE',  ( 0.0000000000000000000, 0.0000000000000000000, -1.000000000000000000 ) ) ;
#1224 = CARTESIAN_POINT ( 'NONE',  ( -80.00000000000000000, -70.00000000000000000, 20.00000000000000000 ) ) ;
#1223 = CARTESIAN_POINT ( 'NONE',  ( 27.47552857466000000, -80.62124160947999500, 18.80000000000000100 ) ) ;
#1225 = CARTESIAN_POINT ( 'NONE',  ( 0.8660254037843999600, 1.500000000000000000, -4.000000000000000000 ) ) ;
#1226 = COLOUR_RGB ( '',0.7921568627450980000, 0.8196078431372548800, 0.9333333333333333500 ) ;
#1227 = ORIENTED_EDGE ( 'NONE', *, *, #2316, .F. ) ;
#1228 = CARTESIAN_POINT ( 'NONE',  ( 49.39770846852000100, -10.69402646216000000, 81.20000000000000300 ) ) ;
#1229 = AXIS2_PLACEMENT_3D ( 'NONE', #1595, #1270, #1891 ) ;
#1230 = EDGE_CURVE ( 'NONE', #1067, #533, #3051, .T. ) ;
#1231 = CARTESIAN_POINT ( 'NONE',  ( -6.550609129041922600, -3.300000000000000700, -4.000000000000000000 ) ) ;
#1232 = DIRECTION ( 'NONE',  ( 0.0000000000000000000, 0.0000000000000000000, 1.000000000000000000 ) ) ;
#1233 = CYLINDRICAL_SURFACE ( 'NONE', #3890, 2.149999999999999000 ) ;
#1234 = CARTESIAN_POINT ( 'NONE',  ( 0.6231105612405540800, 3.241124132059350200, -3.999999430773556200 ) ) ;
#1235 = CARTESIAN_POINT ( 'NONE',  ( 53.40036977106000600, 41.54753629745999900, 60.40000000000000600 ) ) ;
#1236 = CARTESIAN_POINT ( 'NONE',  ( 26.46729574821743800, 43.67263709774530900, 80.00000000000014200 ) ) ;
#1237 = EDGE_LOOP ( 'NONE', ( #1069, #3256, #3428, #2175 ) ) ;
#1238 = CARTESIAN_POINT ( 'NONE',  ( 57.25779439690000300, -49.85668041696000300, 52.85976633066000100 ) ) ;
#1239 = EDGE_CURVE ( 'NONE', #2648, #2610, #754, .T. ) ;
#1240 = CARTESIAN_POINT ( 'NONE',  ( 3.287756959591114900, -0.2938248945775361900, -3.999999999582193800 ) ) ;
#1241 = PRESENTATION_STYLE_ASSIGNMENT (( #1614 ) ) ;
#1242 = CARTESIAN_POINT ( 'NONE',  ( -0.01657205533031724100, 3.299968791628730800, -4.000000000000000900 ) ) ;
#1243 = ADVANCED_FACE ( 'NONE', ( #24 ), #562, .F. ) ;
#1244 = CYLINDRICAL_SURFACE ( 'NONE', #267, 2.149999999999999000 ) ;
#1245 = LINE ( 'NONE', #3480, #3504 ) ;
#1246 = DIRECTION ( 'NONE',  ( 1.000000000000000000, 0.0000000000000000000, 0.0000000000000000000 ) ) ;
#1247 = CARTESIAN_POINT ( 'NONE',  ( -73.35376764553949200, 57.95457276427921300, 30.07398243571034200 ) ) ;
#1248 = CARTESIAN_POINT ( 'NONE',  ( -22.48092323875861400, -45.85310094556837900, 80.00000000000014200 ) ) ;
#1249 = ORIENTED_EDGE ( 'NONE', *, *, #1343, .T. ) ;
#1250 = CARTESIAN_POINT ( 'NONE',  ( 37.22665080293328500, 34.87274480919919000, 79.99999999999998600 ) ) ;
#1251 = DIRECTION ( 'NONE',  ( -1.000000000000000000, 0.0000000000000000000, 0.0000000000000000000 ) ) ;
#1252 = CARTESIAN_POINT ( 'NONE',  ( 44.44455620479000400, -52.36527252674999700, 60.40000000000000600 ) ) ;
#1253 = DIRECTION ( 'NONE',  ( 0.0000000000000000000, 0.0000000000000000000, -1.000000000000000000 ) ) ;
#1254 = VERTEX_POINT ( 'NONE', #3549 ) ;
#1255 = AXIS2_PLACEMENT_3D ( 'NONE', #3265, #2994, #901 ) ;
#1256 = AXIS2_PLACEMENT_3D ( 'NONE', #3379, #2986, #3272 ) ;
#1257 = DIRECTION ( 'NONE',  ( 0.0000000000000000000, 0.0000000000000000000, -1.000000000000000000 ) ) ;
#1258 = DIRECTION ( 'NONE',  ( -1.000000000000000000, 0.0000000000000000000, 0.0000000000000000000 ) ) ;
#1259 = CARTESIAN_POINT ( 'NONE',  ( 31.00000000000000000, 0.0000000000000000000, 67.20000000000000300 ) ) ;
#1260 = VERTEX_POINT ( 'NONE', #737 ) ;
#1261 = ORIENTED_EDGE ( 'NONE', *, *, #3449, .T. ) ;
#1262 = DIRECTION ( 'NONE',  ( 0.0000000000000000000, 0.0000000000000000000, -1.000000000000000000 ) ) ;
#1263 = DIRECTION ( 'NONE',  ( 0.0000000000000000000, 0.0000000000000000000, -1.000000000000000000 ) ) ;
#1264 = FACE_OUTER_BOUND ( 'NONE', #3853, .T. ) ;
#1265 = EDGE_CURVE ( 'NONE', #673, #3814, #2440, .T. ) ;
#1266 = CARTESIAN_POINT ( 'NONE',  ( -63.43625972415403400, 59.35853524390484600, 42.47558731517319300 ) ) ;
#1267 = ADVANCED_FACE ( 'NONE', ( #660 ), #2064, .F. ) ;
#1268 =( REPRESENTATION_RELATIONSHIP ('NONE','NONE', #2747, #1429 ) REPRESENTATION_RELATIONSHIP_WITH_TRANSFORMATION ( #2449 )SHAPE_REPRESENTATION_RELATIONSHIP( ) );
#1269 = CARTESIAN_POINT ( 'NONE',  ( -68.86746681462105400, 57.53549078604003600, 36.42480644093482300 ) ) ;
#1270 = DIRECTION ( 'NONE',  ( 0.0000000000000000000, 0.0000000000000000000, -1.000000000000000000 ) ) ;
#1271 = CARTESIAN_POINT ( 'NONE',  ( -18.39694101786755500, 76.04983708120958900, 27.87056077089270900 ) ) ;
#1272 = ORIENTED_EDGE ( 'NONE', *, *, #2848, .F. ) ;
#1273 = CYLINDRICAL_SURFACE ( 'NONE', #58, 2.000000000000000000 ) ;
#1274 = CARTESIAN_POINT ( 'NONE',  ( -59.59485821728973300, 76.94375109730236800, 24.67912883281264400 ) ) ;
#1275 = DIRECTION ( 'NONE',  ( 0.0000000000000000000, 0.0000000000000000000, -1.000000000000000000 ) ) ;
#1276 = VERTEX_POINT ( 'NONE', #2547 ) ;
#1277 = ORIENTED_EDGE ( 'NONE', *, *, #2823, .F. ) ;
#1278 = CARTESIAN_POINT ( 'NONE',  ( 0.0000000000000000000, 0.0000000000000000000, 0.0000000000000000000 ) ) ;
#1279 = PRODUCT ( 'TECO-Base^Cobot_210618_v2', 'TECO-Base^Cobot_210618_v2', '', ( #1496 ) ) ;
#1280 = DIRECTION ( 'NONE',  ( 0.0000000000000000000, 0.0000000000000000000, -1.000000000000000000 ) ) ;
#1281 = DIRECTION ( 'NONE',  ( 0.7071067811864395500, 0.0000000000000000000, 0.7071067811866554900 ) ) ;
#1282 = EDGE_LOOP ( 'NONE', ( #2725, #2480, #1692, #1400 ) ) ;
#1283 = CIRCLE ( 'NONE', #134, 2.149999999999999000 ) ;
#1284 = CARTESIAN_POINT ( 'NONE',  ( -28.85000000000000100, 2.632990618166810200E-016, 72.20000000000000300 ) ) ;
#1285 = VERTEX_POINT ( 'NONE', #1629 ) ;
#1286 = CARTESIAN_POINT ( 'NONE',  ( -17.25133373332995000, 74.92760866727444100, 30.13892011713910800 ) ) ;
#1287 = VECTOR ( 'NONE', #1569, 1000.000000000000000 ) ;
#1288 = CARTESIAN_POINT ( 'NONE',  ( -62.49999999999933200, 79.99999999999946000, 19.99999999999909400 ) ) ;
#1289 = PLANE ( 'NONE',  #1683 ) ;
#1290 = CARTESIAN_POINT ( 'NONE',  ( -68.25177559476000500, -42.44347428833999900, 39.60000000000000100 ) ) ;
#1291 = FACE_OUTER_BOUND ( 'NONE', #2080, .T. ) ;
#1292 = CARTESIAN_POINT ( 'NONE',  ( -9.045165857250729900, 59.31696201962542100, 27.92506606152428400 ) ) ;
#1293 = LINE ( 'NONE', #2320, #3609 ) ;
#1294 = CARTESIAN_POINT ( 'NONE',  ( -75.88506332064569900, -58.95501511589884600, 26.29037939797275000 ) ) ;
#1295 = FACE_OUTER_BOUND ( 'NONE', #121, .T. ) ;
#1296 =( NAMED_UNIT ( * ) SI_UNIT ( $, .STERADIAN. ) SOLID_ANGLE_UNIT ( ) );
#1297 = ORIENTED_EDGE ( 'NONE', *, *, #3728, .F. ) ;
#1298 = CARTESIAN_POINT ( 'NONE',  ( -40.49559866988396800, -31.06042358874163900, 80.00000000000001400 ) ) ;
#1299 = CARTESIAN_POINT ( 'NONE',  ( 1.564579123758499400, 59.98461001409533800, 31.92376814346018000 ) ) ;
#1300 = ORIENTED_EDGE ( 'NONE', *, *, #432, .T. ) ;
#1301 = CARTESIAN_POINT ( 'NONE',  ( 67.66042336751999600, 47.86226395399999900, 39.60000000000000100 ) ) ;
#1302 = CARTESIAN_POINT ( 'NONE',  ( -54.56536245141000300, -37.96893299458999800, 60.40000000000000600 ) ) ;
#1303 = SURFACE_STYLE_USAGE ( .BOTH. , #727 ) ;
#1304 = DIRECTION ( 'NONE',  ( 0.0000000000000000000, 0.0000000000000000000, -1.000000000000000000 ) ) ;
#1305 = CARTESIAN_POINT ( 'NONE',  ( -32.23066947337999700, 38.13749204546999700, 81.20000000000000300 ) ) ;
#1306 = AXIS2_PLACEMENT_3D ( 'NONE', #688, #3721, #1246 ) ;
#1307 = ORIENTED_EDGE ( 'NONE', *, *, #819, .T. ) ;
#1308 = CIRCLE ( 'NONE', #1657, 2.000000000000000000 ) ;
#1309 = AXIS2_PLACEMENT_3D ( 'NONE', #1577, #2010, #3486 ) ;
#1310 = CARTESIAN_POINT ( 'NONE',  ( -41.54753629745999900, 53.40036977106000600, 60.40000000000000600 ) ) ;
#1311 = CIRCLE ( 'NONE', #2704, 3.500000000000000000 ) ;
#1312 = VERTEX_POINT ( 'NONE', #2239 ) ;
#1313 = CARTESIAN_POINT ( 'NONE',  ( 68.84534630887999600, 36.41572499158999700, 39.60000000000000100 ) ) ;
#1314 = CARTESIAN_POINT ( 'NONE',  ( 80.79008802660000300, 63.80589796492999700, 18.80000000000000100 ) ) ;
#1315 = EDGE_CURVE ( 'NONE', #1276, #1791, #1335, .T. ) ;
#1316 = DIRECTION ( 'NONE',  ( -1.000000000000000000, 0.0000000000000000000, 0.0000000000000000000 ) ) ;
#1317 = ORIENTED_EDGE ( 'NONE', *, *, #38, .F. ) ;
#1318 = CARTESIAN_POINT ( 'NONE',  ( -66.98549810092005400, -57.85018032354670200, 38.89103026140093500 ) ) ;
#1319 = CARTESIAN_POINT ( 'NONE',  ( -1.537361089093000100, 50.56746982768999700, 81.20000000000000300 ) ) ;
#1320 = PRESENTATION_STYLE_ASSIGNMENT (( #2779 ) ) ;
#1321 = CARTESIAN_POINT ( 'NONE',  ( -12.63624546438706300, 72.32381502547518400, 35.55968308791050000 ) ) ;
#1322 = CARTESIAN_POINT ( 'NONE',  ( -63.65949130182706000, -59.22443047080925300, 42.32338703351305000 ) ) ;
#1323 = DIRECTION ( 'NONE',  ( -0.5000000000000167600, 0.8660254037844289400, -0.0000000000000000000 ) ) ;
#1324 = CIRCLE ( 'NONE', #3196, 2.149999999999999900 ) ;
#1325 = CARTESIAN_POINT ( 'NONE',  ( 43.31676869382999900, 25.30862585595999900, 81.20000000000000300 ) ) ;
#1326 = MANIFOLD_SOLID_BREP ( '¿é¤J1', #2036 ) ;
#1327 = VERTEX_POINT ( 'NONE', #437 ) ;
#1328 = VECTOR ( 'NONE', #405, 1000.000000000000200 ) ;
#1329 = AXIS2_PLACEMENT_3D ( 'NONE', #1046, #2214, #3688 ) ;
#1330 = CARTESIAN_POINT ( 'NONE',  ( -64.29833565881000400, 64.29833565881000400, 38.88657671872000100 ) ) ;
#1331 = CARTESIAN_POINT ( 'NONE',  ( -43.58992986388000200, -80.68293798109000600, 18.80000000000000100 ) ) ;
#1332 = AXIS2_PLACEMENT_3D ( 'NONE', #455, #2262, #1793 ) ;
#1333 = CARTESIAN_POINT ( 'NONE',  ( 47.56453757113000300, -41.47282077714000100, 66.83295594259999500 ) ) ;
#1334 = FILL_AREA_STYLE_COLOUR ( '', #1226 ) ;
#1335 = CIRCLE ( 'NONE', #756, 12.49999999999999600 ) ;
#1336 = DIRECTION ( 'NONE',  ( 1.000000000000000000, 0.0000000000000000000, 0.0000000000000000000 ) ) ;
#1337 = EDGE_CURVE ( 'NONE', #1840, #3560, #1686, .T. ) ;
#1338 = CARTESIAN_POINT ( 'NONE',  ( -2.131628207279999800E-014, 80.00000000000000000, 20.00000000000000000 ) ) ;
#1339 = CARTESIAN_POINT ( 'NONE',  ( 2.675106948675061600, -1.933850406729859400, -3.999998552929278100 ) ) ;
#1340 = CARTESIAN_POINT ( 'NONE',  ( 65.57309218624729400, 58.30176939622640500, 40.60450666239716400 ) ) ;
#1341 = CARTESIAN_POINT ( 'NONE',  ( -28.64637112899206200, 42.22578581893109400, 80.00000000000014200 ) ) ;
#1342 = DIRECTION ( 'NONE',  ( -0.5100435470783132300, -0.4462881036936951500, 0.7353111644639009900 ) ) ;
#1343 = EDGE_CURVE ( 'NONE', #3205, #2339, #3263, .T. ) ;
#1344 = CARTESIAN_POINT ( 'NONE',  ( 42.44347428833999900, -68.25177559476000500, 39.60000000000000100 ) ) ;
#1345 = CARTESIAN_POINT ( 'NONE',  ( -37.09794659208999700, -33.33603015500000300, 81.20000000000000300 ) ) ;
#1346 = UNCERTAINTY_MEASURE_WITH_UNIT (LENGTH_MEASURE( 1.000000000000000100E-005 ), #2229, 'distance_accuracy_value', 'NONE');
#1347 = VERTEX_POINT ( 'NONE', #3705 ) ;
#1348 = CARTESIAN_POINT ( 'NONE',  ( 2.000000000000000000, 0.0000000000000000000, 0.0000000000000000000 ) ) ;
#1349 = DIRECTION ( 'NONE',  ( 0.0000000000000000000, 0.0000000000000000000, -1.000000000000000000 ) ) ;
#1350 = ORIENTED_EDGE ( 'NONE', *, *, #3181, .F. ) ;
#1351 = CARTESIAN_POINT ( 'NONE',  ( 61.38100009056518800, -60.94150385326283700, 43.27759183665060000 ) ) ;
#1352 = CARTESIAN_POINT ( 'NONE',  ( 2.647413717492517600, -1.971143003292166400, -3.999999009836692700 ) ) ;
#1353 = VERTEX_POINT ( 'NONE', #1602 ) ;
#1354 = CARTESIAN_POINT ( 'NONE',  ( 58.16290104466959600, 65.96418595673111400, 40.16002061081147900 ) ) ;
#1355 =( NAMED_UNIT ( * ) SI_UNIT ( $, .STERADIAN. ) SOLID_ANGLE_UNIT ( ) );
#1356 = LINE ( 'NONE', #3347, #2180 ) ;
#1357 = CARTESIAN_POINT ( 'NONE',  ( -52.36527252674999700, -44.44455620479000400, 60.40000000000000600 ) ) ;
#1358 = CARTESIAN_POINT ( 'NONE',  ( -2.131628201168918100E-014, 60.00000000000000000, 32.00000000000000000 ) ) ;
#1359 = EDGE_CURVE ( 'NONE', #2784, #154, #1584, .T. ) ;
#1360 = VERTEX_POINT ( 'NONE', #3104 ) ;
#1361 = CARTESIAN_POINT ( 'NONE',  ( -23.10659126000999900, 69.85305371187999400, 39.60000000000000100 ) ) ;
#1362 = ORIENTED_EDGE ( 'NONE', *, *, #1608, .F. ) ;
#1363 = DIRECTION ( 'NONE',  ( -1.000000000000000000, 0.0000000000000000000, 0.0000000000000000000 ) ) ;
#1364 = CARTESIAN_POINT ( 'NONE',  ( -21.92031021677999900, 21.92031021677999900, 67.20000000000000300 ) ) ;
#1365 = FACE_BOUND ( 'NONE', #2703, .T. ) ;
#1366 = CARTESIAN_POINT ( 'NONE',  ( -0.02485787729650198000, 3.299906375328898600, -4.000000000000000000 ) ) ;
#1367 = CARTESIAN_POINT ( 'NONE',  ( -0.8660254037843999600, 1.500000000000000000, -1.400000000000000100 ) ) ;
#1368 = CARTESIAN_POINT ( 'NONE',  ( 2.213068322981391700, 2.448416704212766200, -3.999999971333697300 ) ) ;
#1369 = EDGE_CURVE ( 'NONE', #3739, #2111, #2389, .T. ) ;
#1370 = FACE_OUTER_BOUND ( 'NONE', #2267, .T. ) ;
#1371 = CARTESIAN_POINT ( 'NONE',  ( -65.96418595673111400, 58.16290104466958200, 40.16002061081147900 ) ) ;
#1372 =( NAMED_UNIT ( * ) PLANE_ANGLE_UNIT ( ) SI_UNIT ( $, .RADIAN. ) );
#1373 = CARTESIAN_POINT ( 'NONE',  ( 28.64637112899206200, -42.22578581893109400, 80.00000000000014200 ) ) ;
#1374 = EDGE_LOOP ( 'NONE', ( #1440, #2006, #401, #3150 ) ) ;
#1375 = VERTEX_POINT ( 'NONE', #2523 ) ;
#1376 = DIRECTION ( 'NONE',  ( -0.0000000000000000000, 0.0000000000000000000, 1.000000000000000000 ) ) ;
#1377 = CIRCLE ( 'NONE', #417, 34.50000000000000000 ) ;
#1378 = PRODUCT_DEFINITION_SHAPE ( 'NONE', 'NONE',  #2043 ) ;
#1379 = CARTESIAN_POINT ( 'NONE',  ( 66.34027823144767000, 58.04774345251978200, 39.69272227325816300 ) ) ;
#1380 = ORIENTED_EDGE ( 'NONE', *, *, #766, .F. ) ;
#1381 = FACE_OUTER_BOUND ( 'NONE', #500, .T. ) ;
#1382 = CARTESIAN_POINT ( 'NONE',  ( -1.732050807568977100, 1.336279177588384200E-014, -4.000000000000000000 ) ) ;
#1383 = AXIS2_PLACEMENT_3D ( 'NONE', #3260, #540, #1458 ) ;
#1384 = ADVANCED_FACE ( 'NONE', ( #2294 ), #708, .F. ) ;
#1385 = CARTESIAN_POINT ( 'NONE',  ( 0.0000000000000000000, 0.0000000000000000000, 0.0000000000000000000 ) ) ;
#1386 = CYLINDRICAL_SURFACE ( 'NONE', #2236, 2.149999999999999000 ) ;
#1387 = EDGE_LOOP ( 'NONE', ( #3769, #2746, #2447, #1497 ) ) ;
#1388 = CARTESIAN_POINT ( 'NONE',  ( -8.754479316550005700, 59.35854530313427800, 11.78347076221432300 ) ) ;
#1389 = CIRCLE ( 'NONE', #1855, 10.00000000000000200 ) ;
#1390 = ADVANCED_FACE ( 'NONE', ( #3891 ), #1386, .F. ) ;
#1391 = CARTESIAN_POINT ( 'NONE',  ( 56.05200009223000300, 66.67202286187000500, 39.60000000000000100 ) ) ;
#1392 = CARTESIAN_POINT ( 'NONE',  ( 57.71244012764042700, 67.62040050763666000, 38.07366230538323700 ) ) ;
#1393 = EDGE_CURVE ( 'NONE', #236, #2898, #82, .T. ) ;
#1394 = ORIENTED_EDGE ( 'NONE', *, *, #68, .F. ) ;
#1395 = CARTESIAN_POINT ( 'NONE',  ( 70.00000000000000000, 70.00000000000000000, 80.00000000000000000 ) ) ;
#1396 = B_SPLINE_SURFACE_WITH_KNOTS ( 'NONE', 3, 3, ( 
 ( #3879, #1182, #3478, #2623 ),
 ( #428, #3788, #554, #3511 ),
 ( #16, #1460, #1054, #1148 ),
 ( #993, #592, #3391, #645 ),
 ( #2054, #3248, #2340, #3262 ),
 ( #2325, #2537, #1727, #2821 ),
 ( #133, #3682, #1821, #2031 ),
 ( #3227, #2859, #2386, #2978 ),
 ( #848, #2960, #1501, #2990 ) ),
 .UNSPECIFIED., .F., .F., .F.,
 ( 4, 1, 1, 1, 1, 1, 4 ),
 ( 4, 4 ),
 ( -0.02042424038407000100, 0.0000000000000000000, 0.2500000000000000000, 0.5000000000000000000, 0.7500000000000000000, 1.000000000000000000, 1.020566973914000000 ),
 ( 0.3147762786453999800, 1.013435759242000000 ),
 .UNSPECIFIED. ) ;
#1397 = ORIENTED_EDGE ( 'NONE', *, *, #785, .F. ) ;
#1398 = CARTESIAN_POINT ( 'NONE',  ( 67.62040050763664600, -57.71244012764043400, 38.07366230538322300 ) ) ;
#1399 = CARTESIAN_POINT ( 'NONE',  ( -62.28958035215572400, 60.15710082500945100, 43.06665818293595300 ) ) ;
#1400 = ORIENTED_EDGE ( 'NONE', *, *, #557, .F. ) ;
#1401 = PLANE ( 'NONE',  #550 ) ;
#1402 = DIRECTION ( 'NONE',  ( 1.000000000000000000, 0.0000000000000000000, 0.0000000000000000000 ) ) ;
#1403 = CARTESIAN_POINT ( 'NONE',  ( -31.00000000000000000, 0.0000000000000000000, 67.20000000000000300 ) ) ;
#1404 = ORIENTED_EDGE ( 'NONE', *, *, #280, .F. ) ;
#1405 = CYLINDRICAL_SURFACE ( 'NONE', #1229, 2.149999999999999000 ) ;
#1406 = CARTESIAN_POINT ( 'NONE',  ( 61.34069410451336800, 79.04194507450041800, 21.46556248799881000 ) ) ;
#1407 = AXIS2_PLACEMENT_3D ( 'NONE', #698, #95, #2500 ) ;
#1408 = FACE_OUTER_BOUND ( 'NONE', #606, .T. ) ;
#1409 = EDGE_CURVE ( 'NONE', #3117, #3035, #1480, .T. ) ;
#1410 = CARTESIAN_POINT ( 'NONE',  ( -70.57389556572999800, -2.435141340395000000, 39.60000000000000100 ) ) ;
#1411 = DIRECTION ( 'NONE',  ( 0.0000000000000000000, 0.0000000000000000000, -1.000000000000000000 ) ) ;
#1412 = CARTESIAN_POINT ( 'NONE',  ( 8.597922279883608400, -50.49397608147033600, 80.00000000000014200 ) ) ;
#1413 = DIRECTION ( 'NONE',  ( 0.0000000000000000000, 1.000000000000000000, 0.0000000000000000000 ) ) ;
#1414 = EDGE_LOOP ( 'NONE', ( #2761, #3629, #3396, #670 ) ) ;
#1415 = DIRECTION ( 'NONE',  ( -0.7071067811864395500, 8.659560562353610300E-017, 0.7071067811866554900 ) ) ;
#1416 = FACE_BOUND ( 'NONE', #1004, .T. ) ;
#1417 = CARTESIAN_POINT ( 'NONE',  ( -27.47552857466000000, 80.62124160947999500, 18.80000000000000100 ) ) ;
#1418 = CARTESIAN_POINT ( 'NONE',  ( 1.784728790542222900, -2.777190774259973100, -3.999998615426023600 ) ) ;
#1419 = CARTESIAN_POINT ( 'NONE',  ( 60.16281439900159700, -62.28223417434201500, 43.06942418463253800 ) ) ;
#1420 = VERTEX_POINT ( 'NONE', #2498 ) ;
#1421 = CARTESIAN_POINT ( 'NONE',  ( -70.00000000000000000, -70.00000000000000000, 20.00000000000000000 ) ) ;
#1422 = CARTESIAN_POINT ( 'NONE',  ( 51.68030560822000300, -46.27149353211999700, 60.40000000000000600 ) ) ;
#1423 = EDGE_CURVE ( 'NONE', #1327, #1157, #3606, .T. ) ;
#1424 = DIRECTION ( 'NONE',  ( 0.0000000000000000000, 0.0000000000000000000, -1.000000000000000000 ) ) ;
#1425 = CARTESIAN_POINT ( 'NONE',  ( -57.54174381753670500, -68.80808938691041000, 36.50431995418031100 ) ) ;
#1426 = ORIENTED_EDGE ( 'NONE', *, *, #2040, .T. ) ;
#1427 = EDGE_LOOP ( 'NONE', ( #1832, #2634 ) ) ;
#1428 = CARTESIAN_POINT ( 'NONE',  ( 50.49397608147033600, 8.597922279883608400, 80.00000000000014200 ) ) ;
#1429 = SHAPE_REPRESENTATION ( 'TECO-Base^Cobot_210618_v2', ( #1556, #3538, #1869 ), #695 ) ;
#1430 = CARTESIAN_POINT ( 'NONE',  ( 55.78427214429999700, 33.87605007215000100, 60.40000000000000600 ) ) ;
#1431 = FACE_OUTER_BOUND ( 'NONE', #2074, .T. ) ;
#1432 = AXIS2_PLACEMENT_3D ( 'NONE', #740, #2652, #1708 ) ;
#1433 = ORIENTED_EDGE ( 'NONE', *, *, #3667, .T. ) ;
#1434 = AXIS2_PLACEMENT_3D ( 'NONE', #2637, #626, #2718 ) ;
#1435 = EDGE_CURVE ( 'NONE', #98, #541, #608, .T. ) ;
#1436 = CARTESIAN_POINT ( 'NONE',  ( -80.00000000000000000, -70.00000000000001400, 0.0000000000000000000 ) ) ;
#1437 = CARTESIAN_POINT ( 'NONE',  ( -11.69012703119513800, 58.85020870319792200, 17.26243453643817800 ) ) ;
#1438 = CARTESIAN_POINT ( 'NONE',  ( 0.02485787771013362600, -3.299906375325782900, -3.799999999999999800 ) ) ;
#1439 = CARTESIAN_POINT ( 'NONE',  ( 2.882243212697583900, -1.608245096545479500, -3.999999184243188100 ) ) ;
#1440 = ORIENTED_EDGE ( 'NONE', *, *, #240, .F. ) ;
#1441 = CARTESIAN_POINT ( 'NONE',  ( 75.88506332064568500, 58.95501511589883100, 26.29037939797274600 ) ) ;
#1442 = EDGE_CURVE ( 'NONE', #96, #1561, #3796, .T. ) ;
#1443 = ORIENTED_EDGE ( 'NONE', *, *, #1369, .T. ) ;
#1444 = ADVANCED_FACE ( 'NONE', ( #1291 ), #3405, .T. ) ;
#1445 = CARTESIAN_POINT ( 'NONE',  ( -0.02572994347849668500, 3.415673916798164000, -4.001508575632189300 ) ) ;
#1446 = EDGE_LOOP ( 'NONE', ( #2590, #1165, #3388, #2380, #2302, #3456 ) ) ;
#1447 = ORIENTED_EDGE ( 'NONE', *, *, #2170, .F. ) ;
#1448 = ORIENTED_EDGE ( 'NONE', *, *, #629, .F. ) ;
#1449 = DIRECTION ( 'NONE',  ( -1.000000000000000000, 0.0000000000000000000, 0.0000000000000000000 ) ) ;
#1450 = DIRECTION ( 'NONE',  ( -1.000000000000000000, 0.0000000000000000000, 0.0000000000000000000 ) ) ;
#1451 = CYLINDRICAL_SURFACE ( 'NONE', #2082, 2.149999999999999000 ) ;
#1452 = CARTESIAN_POINT ( 'NONE',  ( -3.500000000000000000, 0.0000000000000000000, -3.799999999999999800 ) ) ;
#1453 = VERTEX_POINT ( 'NONE', #2275 ) ;
#1454 = DIRECTION ( 'NONE',  ( 0.5000000000000167600, -0.8660254037844289400, -0.0000000000000000000 ) ) ;
#1455 = CARTESIAN_POINT ( 'NONE',  ( -80.00000000000000000, -80.00000000000000000, 0.0000000000000000000 ) ) ;
#1456 = AXIS2_PLACEMENT_3D ( 'NONE', #2574, #1021, #3422 ) ;
#1457 = AXIS2_PLACEMENT_3D ( 'NONE', #1923, #870, #3862 ) ;
#1458 = DIRECTION ( 'NONE',  ( -1.000000000000000000, 0.0000000000000000000, 0.0000000000000000000 ) ) ;
#1459 = ORIENTED_EDGE ( 'NONE', *, *, #1573, .F. ) ;
#1460 = CARTESIAN_POINT ( 'NONE',  ( -57.01889753841000200, -50.79846772060000100, 52.85976633066000100 ) ) ;
#1461 = LINE ( 'NONE', #729, #694 ) ;
#1462 = CARTESIAN_POINT ( 'NONE',  ( 9.518361391698212200, 59.24073722676370600, 27.31819610432770800 ) ) ;
#1463 = DIRECTION ( 'NONE',  ( 0.0000000000000000000, 0.0000000000000000000, -1.000000000000000000 ) ) ;
#1464 = DIRECTION ( 'NONE',  ( 0.0000000000000000000, 0.0000000000000000000, -1.000000000000000000 ) ) ;
#1465 = DIRECTION ( 'NONE',  ( -1.000000000000000000, 0.0000000000000000000, 0.0000000000000000000 ) ) ;
#1466 = EDGE_CURVE ( 'NONE', #2697, #1095, #2715, .T. ) ;
#1467 = B_SPLINE_CURVE_WITH_KNOTS ( 'NONE', 3,
 ( #2702, #3916, #3295, #2404, #302, #2109, #3903, #3591, #1711, #1484, #3284, #2996, #597, #292, #2095, #3885, #3577, #1468, #3268, #1803 ),
 .UNSPECIFIED., .F., .F.,
 ( 4, 2, 2, 2, 2, 2, 2, 2, 2, 4 ),
 ( 1.086662687844035600E-016, 0.003119974501030291700, 0.006239949002060474000, 0.009359923503090656800, 0.01247989800412084100, 0.01559987250515102400, 0.01715985975566611600, 0.01871984700618120300, 0.02183982150721136900, 0.02495979600824153200 ),
 .UNSPECIFIED. ) ;
#1468 = CARTESIAN_POINT ( 'NONE',  ( 57.71253352049289700, -67.61939340404755700, 38.07503078179153300 ) ) ;
#1469 = ORIENTED_EDGE ( 'NONE', *, *, #3312, .F. ) ;
#1470 = CARTESIAN_POINT ( 'NONE',  ( 76.43223369518504700, 59.26230357340514800, 25.45894899320784400 ) ) ;
#1471 = ORIENTED_EDGE ( 'NONE', *, *, #2220, .T. ) ;
#1472 = CARTESIAN_POINT ( 'NONE',  ( 48.31667791668999700, 14.36871663070000000, 81.20000000000000300 ) ) ;
#1473 = VECTOR ( 'NONE', #220, 1000.000000000000000 ) ;
#1474 = EDGE_CURVE ( 'NONE', #1420, #253, #415, .T. ) ;
#1475 =( REPRESENTATION_RELATIONSHIP ('NONE','NONE', #1429, #2693 ) REPRESENTATION_RELATIONSHIP_WITH_TRANSFORMATION ( #3618 )SHAPE_REPRESENTATION_RELATIONSHIP( ) );
#1476 = CYLINDRICAL_SURFACE ( 'NONE', #1306, 34.50000000000000000 ) ;
#1477 = CARTESIAN_POINT ( 'NONE',  ( 2.299707929267369400, 2.367353591514977000, -4.000000009645971100 ) ) ;
#1478 = CARTESIAN_POINT ( 'NONE',  ( -58.16297782042453700, 65.96393521539693000, 40.16033215937800800 ) ) ;
#1479 = CARTESIAN_POINT ( 'NONE',  ( -51.77972812385999600, 46.00804689979000300, 60.40000000000000600 ) ) ;
#1480 = LINE ( 'NONE', #3400, #2911 ) ;
#1481 = CARTESIAN_POINT ( 'NONE',  ( -3.382466878228318500, -2.074374280961005300, -4.000000000000000000 ) ) ;
#1482 = CARTESIAN_POINT ( 'NONE',  ( 31.00000000000000000, 0.0000000000000000000, 72.20000000000000300 ) ) ;
#1483 = CARTESIAN_POINT ( 'NONE',  ( -21.92031021677999900, 21.92031021677999900, 67.20000000000000300 ) ) ;
#1484 = CARTESIAN_POINT ( 'NONE',  ( 57.86880848990796300, -73.07251240433068100, 30.48976568877423100 ) ) ;
#1485 = ADVANCED_FACE ( 'NONE', ( #2011 ), #219, .F. ) ;
#1486 = ORIENTED_EDGE ( 'NONE', *, *, #1887, .T. ) ;
#1487 = CARTESIAN_POINT ( 'NONE',  ( 12.64852463892682400, 72.32867212367531800, 35.54926931693172100 ) ) ;
#1488 = CARTESIAN_POINT ( 'NONE',  ( 62.28958035215572400, -60.15710082500945100, 43.06665818293595300 ) ) ;
#1489 = CARTESIAN_POINT ( 'NONE',  ( -70.00000000000000000, 70.00000000000000000, 20.00000000000000400 ) ) ;
#1490 = ORIENTED_EDGE ( 'NONE', *, *, #3283, .T. ) ;
#1491 = CARTESIAN_POINT ( 'NONE',  ( -45.17016296447999900, 22.06702114807000500, 81.20000000000000300 ) ) ;
#1492 = CARTESIAN_POINT ( 'NONE',  ( -52.49910938239000300, 56.35796225979000000, 52.85976633066000100 ) ) ;
#1493 = DIRECTION ( 'NONE',  ( -1.000000000000000000, 0.0000000000000000000, 0.0000000000000000000 ) ) ;
#1494 = DIRECTION ( 'NONE',  ( -0.0000000000000000000, -0.0000000000000000000, -1.000000000000000000 ) ) ;
#1495 = ORIENTED_EDGE ( 'NONE', *, *, #615, .F. ) ;
#1496 = PRODUCT_CONTEXT ( 'NONE', #474, 'mechanical' ) ;
#1497 = ORIENTED_EDGE ( 'NONE', *, *, #1202, .F. ) ;
#1498 = FACE_OUTER_BOUND ( 'NONE', #569, .T. ) ;
#1499 = CARTESIAN_POINT ( 'NONE',  ( 10.45828583955506200, 71.63392410464111000, 37.06110210488086700 ) ) ;
#1500 = VECTOR ( 'NONE', #1323, 1000.000000000000100 ) ;
#1501 = CARTESIAN_POINT ( 'NONE',  ( -41.42148965057001000, -47.58903021927000100, 66.83295594259999500 ) ) ;
#1502 = ORIENTED_EDGE ( 'NONE', *, *, #1213, .T. ) ;
#1503 = CARTESIAN_POINT ( 'NONE',  ( 64.75563935324309700, -58.64472651849302300, 41.43359478515321100 ) ) ;
#1504 = CARTESIAN_POINT ( 'NONE',  ( -47.66805958557999600, 16.57354344674000400, 81.20000000000000300 ) ) ;
#1505 = CARTESIAN_POINT ( 'NONE',  ( -70.00000000000000000, 70.00000000000000000, 0.0000000000000000000 ) ) ;
#1506 = DIRECTION ( 'NONE',  ( -1.000000000000000000, 0.0000000000000000000, 0.0000000000000000000 ) ) ;
#1507 = CARTESIAN_POINT ( 'NONE',  ( -16.57354344674000400, -47.66805958557999600, 81.20000000000000300 ) ) ;
#1508 = CARTESIAN_POINT ( 'NONE',  ( -70.00000000000000000, 70.00000000000000000, 80.00000000000000000 ) ) ;
#1509 = FACE_BOUND ( 'NONE', #1817, .T. ) ;
#1510 = AXIS2_PLACEMENT_3D ( 'NONE', #3637, #257, #2246 ) ;
#1511 = AXIS2_PLACEMENT_3D ( 'NONE', #590, #3602, #3910 ) ;
#1512 = VERTEX_POINT ( 'NONE', #1719 ) ;
#1513 = DIRECTION ( 'NONE',  ( 0.0000000000000000000, 0.0000000000000000000, -1.000000000000000000 ) ) ;
#1514 = CARTESIAN_POINT ( 'NONE',  ( -3.432162385389786700, 70.45563861123416400, 39.71555256987129900 ) ) ;
#1515 = ORIENTED_EDGE ( 'NONE', *, *, #1785, .F. ) ;
#1516 = UNCERTAINTY_MEASURE_WITH_UNIT (LENGTH_MEASURE( 1.000000000000000100E-005 ), #3180, 'distance_accuracy_value', 'NONE');
#1517 = CIRCLE ( 'NONE', #2211, 4.250000000000003600 ) ;
#1518 = CARTESIAN_POINT ( 'NONE',  ( -4.233684538467114700, 59.85154024286847400, 8.764855844465161600 ) ) ;
#1519 = CARTESIAN_POINT ( 'NONE',  ( -48.30201920154942000, 16.86700747589634700, 80.00000000000001400 ) ) ;
#1520 = CARTESIAN_POINT ( 'NONE',  ( 37.92026604163999800, -32.98629888416999700, 80.80614555453000500 ) ) ;
#1521 = CARTESIAN_POINT ( 'NONE',  ( -71.60742728606646800, -57.60018741723017400, 32.61026153717745000 ) ) ;
#1522 = EDGE_CURVE ( 'NONE', #1131, #429, #1104, .T. ) ;
#1523 = CONICAL_SURFACE ( 'NONE', #3090, 59.99999999999752700, 0.5717090198497873900 ) ;
#1524 = DIRECTION ( 'NONE',  ( -1.000000000000000000, 0.0000000000000000000, 0.0000000000000000000 ) ) ;
#1525 = LINE ( 'NONE', #985, #750 ) ;
#1526 = ADVANCED_FACE ( 'NONE', ( #1919 ), #1155, .T. ) ;
#1527 = CARTESIAN_POINT ( 'NONE',  ( -2.091914278724270400, 3.484341112677379100, -3.799999999999999400 ) ) ;
#1528 = CARTESIAN_POINT ( 'NONE',  ( 8.209062887638079800, 59.43644116660966900, 11.23833867977143600 ) ) ;
#1529 = CARTESIAN_POINT ( 'NONE',  ( 1.235903157081465600, 3.059998071451481400, -4.000000000124045700 ) ) ;
#1530 = FACE_OUTER_BOUND ( 'NONE', #1215, .T. ) ;
#1531 = CARTESIAN_POINT ( 'NONE',  ( 0.0000000000000000000, 0.0000000000000000000, 39.99999999999840800 ) ) ;
#1532 = CARTESIAN_POINT ( 'NONE',  ( 38.38141143005538700, 33.58373500129312100, 80.00000000000000000 ) ) ;
#1533 = CARTESIAN_POINT ( 'NONE',  ( 0.08705850969820092000, -3.298851438893410500, -4.000000000000000000 ) ) ;
#1534 = FACE_OUTER_BOUND ( 'NONE', #3084, .T. ) ;
#1535 = CARTESIAN_POINT ( 'NONE',  ( -71.67675316864999500, 80.83825087852000000, 18.80000000000000100 ) ) ;
#1536 = CARTESIAN_POINT ( 'NONE',  ( -79.53421816478335400, -61.87895755304470700, 20.71062760199472000 ) ) ;
#1537 = AXIS2_PLACEMENT_3D ( 'NONE', #441, #958, #91 ) ;
#1538 = AXIS2_PLACEMENT_3D ( 'NONE', #1086, #1718, #489 ) ;
#1539 = VERTEX_POINT ( 'NONE', #479 ) ;
#1540 = CARTESIAN_POINT ( 'NONE',  ( 80.65232650289000600, 36.24214412709000000, 18.80000000000000100 ) ) ;
#1541 = DIRECTION ( 'NONE',  ( 0.0000000000000000000, 0.0000000000000000000, -1.000000000000000000 ) ) ;
#1542 = CARTESIAN_POINT ( 'NONE',  ( 41.47282077714000100, 47.56453757113000300, 66.83295594259999500 ) ) ;
#1543 = CARTESIAN_POINT ( 'NONE',  ( 1.467894819205728400, 2.956631888849423600, -3.999999402288148900 ) ) ;
#1544 = EDGE_CURVE ( 'NONE', #2701, #1744, #1011, .T. ) ;
#1545 = ORIENTED_EDGE ( 'NONE', *, *, #3593, .T. ) ;
#1546 = CARTESIAN_POINT ( 'NONE',  ( -49.39770846852000100, 10.69402646216000000, 81.20000000000000300 ) ) ;
#1547 = VERTEX_POINT ( 'NONE', #2218 ) ;
#1548 = ADVANCED_FACE ( 'NONE', ( #2622 ), #18, .T. ) ;
#1549 = CARTESIAN_POINT ( 'NONE',  ( -59.19070571502542300, 51.79186750064263100, 50.00000000000000000 ) ) ;
#1550 = ORIENTED_EDGE ( 'NONE', *, *, #3475, .F. ) ;
#1551 = CARTESIAN_POINT ( 'NONE',  ( 74.25000000000001400, -70.00000000000000000, 0.0000000000000000000 ) ) ;
#1552 = CARTESIAN_POINT ( 'NONE',  ( 3.298033451364942100, -0.1249934410161667300, -3.999999999981469000 ) ) ;
#1553 = EDGE_CURVE ( 'NONE', #1706, #443, #3748, .T. ) ;
#1554 = VECTOR ( 'NONE', #914, 1000.000000000000000 ) ;
#1555 = CARTESIAN_POINT ( 'NONE',  ( 71.67269000576999400, 80.83822589731001100, 18.80000000000000100 ) ) ;
#1556 = AXIS2_PLACEMENT_3D ( 'NONE', #1977, #2580, #705 ) ;
#1557 = DIRECTION ( 'NONE',  ( -1.000000000000000000, 0.0000000000000000000, 0.0000000000000000000 ) ) ;
#1558 = DIRECTION ( 'NONE',  ( -1.000000000000000000, 0.0000000000000000000, 0.0000000000000000000 ) ) ;
#1559 = CARTESIAN_POINT ( 'NONE',  ( -58.30176939622641200, 65.57309218624730800, 40.60450666239710700 ) ) ;
#1560 = CARTESIAN_POINT ( 'NONE',  ( 0.0000000000000000000, 2.844946500601963600E-013, 80.00000000000004300 ) ) ;
#1561 = VERTEX_POINT ( 'NONE', #2818 ) ;
#1562 = CARTESIAN_POINT ( 'NONE',  ( 24.07031021677999800, -21.92031021677999900, 72.20000000000000300 ) ) ;
#1563 = CARTESIAN_POINT ( 'NONE',  ( -69.64532627251000500, 26.74696312416000100, 39.60000000000000100 ) ) ;
#1564 = DIRECTION ( 'NONE',  ( -1.000000000000000000, 0.0000000000000000000, 0.0000000000000000000 ) ) ;
#1565 = CARTESIAN_POINT ( 'NONE',  ( 14.36871663070000000, -48.31667791668999700, 81.20000000000000300 ) ) ;
#1566 = CARTESIAN_POINT ( 'NONE',  ( -19.77031021678000000, -21.92031021677999900, 72.20000000000000300 ) ) ;
#1567 = VERTEX_POINT ( 'NONE', #235 ) ;
#1568 = ORIENTED_EDGE ( 'NONE', *, *, #1713, .T. ) ;
#1569 = DIRECTION ( 'NONE',  ( -0.0000000000000000000, -0.0000000000000000000, -1.000000000000000000 ) ) ;
#1570 = ORIENTED_EDGE ( 'NONE', *, *, #2121, .F. ) ;
#1571 = CARTESIAN_POINT ( 'NONE',  ( -59.19070571502658100, -51.79186750064922500, 50.00000000000000000 ) ) ;
#1572 = ADVANCED_FACE ( 'NONE', ( #1725 ), #2657, .T. ) ;
#1573 = EDGE_CURVE ( 'NONE', #646, #733, #2891, .T. ) ;
#1574 = VERTEX_POINT ( 'NONE', #1739 ) ;
#1575 = CARTESIAN_POINT ( 'NONE',  ( 0.0000000000000000000, -31.00000000000000000, 72.20000000000000300 ) ) ;
#1576 = CARTESIAN_POINT ( 'NONE',  ( -59.65451840916971800, 62.97898396164049500, 42.75003112680624200 ) ) ;
#1577 = CARTESIAN_POINT ( 'NONE',  ( 70.00000000000000000, -70.00000000000000000, 46.07200000000000300 ) ) ;
#1578 = EDGE_LOOP ( 'NONE', ( #2883, #2776, #3394, #2455 ) ) ;
#1579 = DIRECTION ( 'NONE',  ( -0.5000000000000167600, 0.8660254037844289400, 0.0000000000000000000 ) ) ;
#1580 = CIRCLE ( 'NONE', #918, 2.149999999999999000 ) ;
#1581 = CARTESIAN_POINT ( 'NONE',  ( -42.50000000000246600, 0.0000000000000000000, 67.20000000000160900 ) ) ;
#1582 = CARTESIAN_POINT ( 'NONE',  ( 2.435141340395000000, -70.57389556572999800, 39.60000000000000100 ) ) ;
#1583 = CARTESIAN_POINT ( 'NONE',  ( 34.99999999999997200, 2.844946500601963600E-013, 80.00000000000004300 ) ) ;
#1584 = LINE ( 'NONE', #2519, #796 ) ;
#1585 = DIRECTION ( 'NONE',  ( -1.000000000000000000, 0.0000000000000000000, 0.0000000000000000000 ) ) ;
#1586 = DIRECTION ( 'NONE',  ( 0.0000000000000000000, 0.0000000000000000000, -1.000000000000000000 ) ) ;
#1587 = CIRCLE ( 'NONE', #1033, 9.999999999999994700 ) ;
#1588 = CARTESIAN_POINT ( 'NONE',  ( 52.49910938239000300, 56.35796225979000000, 52.85976633066000100 ) ) ;
#1589 = CARTESIAN_POINT ( 'NONE',  ( -1.732050807568977100, 1.336279177588384200E-014, -1.400000000000000100 ) ) ;
#1590 = ORIENTED_EDGE ( 'NONE', *, *, #3255, .T. ) ;
#1591 = CARTESIAN_POINT ( 'NONE',  ( -32.76194795303872100, 39.10047509726829400, 80.00000000000014200 ) ) ;
#1592 = PRODUCT ( 'Base_Link', 'Base_Link', '', ( #3235 ) ) ;
#1593 = CARTESIAN_POINT ( 'NONE',  ( -80.00000000000000000, 80.00000000000000000, 20.00000000000000000 ) ) ;
#1594 = CARTESIAN_POINT ( 'NONE',  ( -74.77629395916932300, -58.43225703113892400, 27.96163756234699700 ) ) ;
#1595 = CARTESIAN_POINT ( 'NONE',  ( 21.92031021677999900, 21.92031021677999900, 67.20000000000000300 ) ) ;
#1596 = ORIENTED_EDGE ( 'NONE', *, *, #2094, .T. ) ;
#1597 = AXIS2_PLACEMENT_3D ( 'NONE', #469, #2265, #1524 ) ;
#1598 = AXIS2_PLACEMENT_3D ( 'NONE', #1952, #298, #890 ) ;
#1599 = FACE_OUTER_BOUND ( 'NONE', #3170, .T. ) ;
#1600 = B_SPLINE_CURVE_WITH_KNOTS ( 'NONE', 3,
 ( #3581, #3277, #322, #1930, #2123, #1819, #3612, #2113, #3599, #3908, #1487, #3288, #1499, #3302, #3017, #616, #309, #2436, #2138, #335, #1830, #3624, #3402, #393 ),
 .UNSPECIFIED., .F., .F.,
 ( 4, 2, 2, 2, 2, 2, 2, 2, 2, 2, 2, 4 ),
 ( 0.0000000000000000000, 0.004132193061013876400, 0.008264386122027752800, 0.01239657918304163000, 0.01652877224405551300, 0.02066096530506939700, 0.02272706183557635100, 0.02376011010082982500, 0.02479315836608329500, 0.02892535142709714100, 0.03099144795760406000, 0.03305754448811098300 ),
 .UNSPECIFIED. ) ;
#1601 = CARTESIAN_POINT ( 'NONE',  ( 19.77031021678000000, -21.92031021677999900, 72.20000000000000300 ) ) ;
#1602 = CARTESIAN_POINT ( 'NONE',  ( -57.50000000000000700, -70.00000000000028400, 34.87191684188870500 ) ) ;
#1603 = ORIENTED_EDGE ( 'NONE', *, *, #2338, .F. ) ;
#1604 = CARTESIAN_POINT ( 'NONE',  ( -0.02636441531447180500, 3.499900701106407800, -3.799999999999999800 ) ) ;
#1605 = CARTESIAN_POINT ( 'NONE',  ( 0.0000000000000000000, 0.0000000000000000000, 0.0000000000000000000 ) ) ;
#1606 = FACE_OUTER_BOUND ( 'NONE', #2575, .T. ) ;
#1607 = DIRECTION ( 'NONE',  ( -1.000000000000000000, 0.0000000000000000000, 0.0000000000000000000 ) ) ;
#1608 = EDGE_CURVE ( 'NONE', #1327, #407, #2337, .T. ) ;
#1609 = DIRECTION ( 'NONE',  ( -1.000000000000000000, 0.0000000000000000000, 0.0000000000000000000 ) ) ;
#1610 =( LENGTH_UNIT ( ) NAMED_UNIT ( * ) SI_UNIT ( .MILLI., .METRE. ) );
#1611 = CARTESIAN_POINT ( 'NONE',  ( -58.84036845277999800, -66.30897701057999400, 39.60000000000000100 ) ) ;
#1612 = CARTESIAN_POINT ( 'NONE',  ( 58.37452246448999900, -66.91848487222000600, 38.88657671872000100 ) ) ;
#1613 = ORIENTED_EDGE ( 'NONE', *, *, #2099, .F. ) ;
#1614 = SURFACE_STYLE_USAGE ( .BOTH. , #422 ) ;
#1615 = VERTEX_POINT ( 'NONE', #1136 ) ;
#1616 = FACE_OUTER_BOUND ( 'NONE', #1854, .T. ) ;
#1617 = CARTESIAN_POINT ( 'NONE',  ( 59.19070571502542300, -51.79186750064263100, 50.00000000000000000 ) ) ;
#1618 = CARTESIAN_POINT ( 'NONE',  ( 3.299613958722028300, -0.05682990335458179600, -4.000000000000051500 ) ) ;
#1619 = ORIENTED_EDGE ( 'NONE', *, *, #3799, .F. ) ;
#1620 = CIRCLE ( 'NONE', #2814, 4.250000000000003600 ) ;
#1621 = DIRECTION ( 'NONE',  ( 0.0000000000000000000, 0.0000000000000000000, 1.000000000000000000 ) ) ;
#1622 = AXIS2_PLACEMENT_3D ( 'NONE', #3321, #2824, #3329 ) ;
#1623 = APPLICATION_PROTOCOL_DEFINITION ( 'draft international standard', 'automotive_design', 1998, #122 ) ;
#1624 = CARTESIAN_POINT ( 'NONE',  ( -72.14645502349999600, -80.84117904133999800, 18.80000000000000100 ) ) ;
#1625 = EDGE_CURVE ( 'NONE', #1254, #452, #1525, .T. ) ;
#1626 = VERTEX_POINT ( 'NONE', #3318 ) ;
#1627 = DIRECTION ( 'NONE',  ( 0.0000000000000000000, 0.0000000000000000000, -1.000000000000000000 ) ) ;
#1628 = CARTESIAN_POINT ( 'NONE',  ( 50.79846772060000100, -57.01889753841000200, 52.85976633066000100 ) ) ;
#1629 = CARTESIAN_POINT ( 'NONE',  ( -34.50000000000004300, 4.225031457058069200E-015, 79.49999999999995700 ) ) ;
#1630 = CIRCLE ( 'NONE', #3742, 10.00000000000000200 ) ;
#1631 = CARTESIAN_POINT ( 'NONE',  ( -59.81185196053733900, -62.75190543377877400, 42.86824708500333300 ) ) ;
#1632 = CARTESIAN_POINT ( 'NONE',  ( 3.113054950448924900, 59.92037087232359500, 31.59583680203481700 ) ) ;
#1633 = VECTOR ( 'NONE', #1756, 1000.000000000000000 ) ;
#1634 = CARTESIAN_POINT ( 'NONE',  ( 52.36527252674999700, 44.44455620479000400, 60.40000000000000600 ) ) ;
#1635 = CARTESIAN_POINT ( 'NONE',  ( 0.0000000000000000000, 0.0000000000000000000, 0.0000000000000000000 ) ) ;
#1636 = EDGE_CURVE ( 'NONE', #1913, #1651, #3130, .T. ) ;
#1637 = FACE_OUTER_BOUND ( 'NONE', #2311, .T. ) ;
#1638 = PRODUCT_RELATED_PRODUCT_CATEGORY ( 'part', '', ( #3496 ) ) ;
#1639 = CARTESIAN_POINT ( 'NONE',  ( 46.50817814338999800, -43.42414940412000100, 66.83295594259999500 ) ) ;
#1640 = ORIENTED_EDGE ( 'NONE', *, *, #3775, .T. ) ;
#1641 = CIRCLE ( 'NONE', #851, 2.149999999999999000 ) ;
#1642 = CIRCLE ( 'NONE', #2464, 4.250000000000003600 ) ;
#1643 = DIRECTION ( 'NONE',  ( 1.000000000000000000, 0.0000000000000000000, 0.0000000000000000000 ) ) ;
#1644 = CARTESIAN_POINT ( 'NONE',  ( -64.10396474450358500, -58.97495045380863100, 41.98852338065187000 ) ) ;
#1645 = CARTESIAN_POINT ( 'NONE',  ( 37.91958389697000300, 32.98705333094999800, 80.80614555453000500 ) ) ;
#1646 = CARTESIAN_POINT ( 'NONE',  ( -71.29224669292020200, 57.55250253203018200, 33.06324394233054400 ) ) ;
#1647 = SHAPE_DEFINITION_REPRESENTATION ( #2591, #2693 ) ;
#1648 = ORIENTED_EDGE ( 'NONE', *, *, #280, .T. ) ;
#1649 = CARTESIAN_POINT ( 'NONE',  ( -65.75000000000000000, -70.00000000000000000, 0.0000000000000000000 ) ) ;
#1650 =( NAMED_UNIT ( * ) PLANE_ANGLE_UNIT ( ) SI_UNIT ( $, .RADIAN. ) );
#1651 = VERTEX_POINT ( 'NONE', #619 ) ;
#1652 = CARTESIAN_POINT ( 'NONE',  ( -67.61939340404755700, -57.71253352049286900, 38.07503078179151100 ) ) ;
#1653 =( BOUNDED_SURFACE ( )  B_SPLINE_SURFACE ( 3, 3, ( 
 ( #1533, #2592, #1985, #3785, #3463, #1688, #1366 ),
 ( #2890, #782, #1481, #2993, #2106, #3281, #2 ),
 ( #3899, #1823, #3616, #2427, #329, #2129, #3296 ),
 ( #3072, #2727, #948, #1844, #2373, #1527, #1604 ) ),
 .UNSPECIFIED., .F., .F., .T. ) 
 B_SPLINE_SURFACE_WITH_KNOTS ( ( 4, 4 ),
 ( 4, 3, 4 ),
 ( 0.0000000000000000000, 1.000000000000000000 ),
 ( 0.0000000000000000000, 0.5000000000000000000, 1.000000000000000000 ),
 .UNSPECIFIED. ) 
 GEOMETRIC_REPRESENTATION_ITEM ( )  RATIONAL_B_SPLINE_SURFACE ( (
 ( 1.000000000000000000, 0.8025109368538579900, 0.8025109368538579900, 1.000000000000000000, 0.8025109368538579900, 0.8025109368538579900, 1.000000000000000000),
 ( 0.8047378541243646000, 0.6458109292351071900, 0.6458109292351071900, 0.8047378541243646000, 0.6458109292351071900, 0.6458109292351071900, 0.8047378541243646000),
 ( 0.8047378541243646000, 0.6458109292351071900, 0.6458109292351071900, 0.8047378541243646000, 0.6458109292351071900, 0.6458109292351071900, 0.8047378541243646000),
 ( 1.000000000000000000, 0.8025109368538579900, 0.8025109368538579900, 1.000000000000000000, 0.8025109368538579900, 0.8025109368538579900, 1.000000000000000000) ) ) 
 REPRESENTATION_ITEM ( '' )  SURFACE ( )  );
#1654 = AXIS2_PLACEMENT_3D ( 'NONE', #1914, #2879, #2008 ) ;
#1655 = ORIENTED_EDGE ( 'NONE', *, *, #2616, .T. ) ;
#1656 = ORIENTED_EDGE ( 'NONE', *, *, #1466, .F. ) ;
#1657 = AXIS2_PLACEMENT_3D ( 'NONE', #1605, #3723, #618 ) ;
#1658 = EDGE_CURVE ( 'NONE', #1023, #1752, #2435, .T. ) ;
#1659 = DIRECTION ( 'NONE',  ( 0.0000000000000000000, 0.0000000000000000000, 1.000000000000000000 ) ) ;
#1660 = FACE_OUTER_BOUND ( 'NONE', #3762, .T. ) ;
#1661 = CARTESIAN_POINT ( 'NONE',  ( -66.34027823144764100, -58.04774345251976800, 39.69272227325815500 ) ) ;
#1662 = CARTESIAN_POINT ( 'NONE',  ( 10.19093850836382500, 59.12861591339598300, 13.65199710933311500 ) ) ;
#1663 = CARTESIAN_POINT ( 'NONE',  ( 3.083460294514956100, 1.175979505032799000, -3.999999999989551000 ) ) ;
#1664 = ADVANCED_FACE ( 'NONE', ( #1872 ), #1523, .F. ) ;
#1665 = EDGE_CURVE ( 'NONE', #3230, #3690, #2249, .T. ) ;
#1666 = DIRECTION ( 'NONE',  ( 0.0000000000000000000, 0.0000000000000000000, -1.000000000000000000 ) ) ;
#1667 =( NAMED_UNIT ( * ) SI_UNIT ( $, .STERADIAN. ) SOLID_ANGLE_UNIT ( ) );
#1668 = ORIENTED_EDGE ( 'NONE', *, *, #2974, .T. ) ;
#1670 = CARTESIAN_POINT ( 'NONE',  ( 1.964004437556697700E-011, 70.33333333330438100, 39.99999999999999300 ) ) ;
#1669 = CARTESIAN_POINT ( 'NONE',  ( -79.99999999999946000, -62.49999999999933200, 19.99999999999909400 ) ) ;
#1671 = FACE_BOUND ( 'NONE', #89, .T. ) ;
#1672 = CARTESIAN_POINT ( 'NONE',  ( -51.67903663922000100, -46.27490160797999900, 60.40000000000000600 ) ) ;
#1673 = VERTEX_POINT ( 'NONE', #1562 ) ;
#1674 = CARTESIAN_POINT ( 'NONE',  ( 31.00000000000000000, 0.0000000000000000000, 67.20000000000000300 ) ) ;
#1675 = CARTESIAN_POINT ( 'NONE',  ( -60.73859623405631000, 61.59964037553108100, 43.25067838717667700 ) ) ;
#1676 = DIRECTION ( 'NONE',  ( -1.000000000000000000, 0.0000000000000000000, 0.0000000000000000000 ) ) ;
#1677 = CARTESIAN_POINT ( 'NONE',  ( 2.397452933434768500, 2.268506167773883600, -3.999999676086694000 ) ) ;
#1678 = ORIENTED_EDGE ( 'NONE', *, *, #1866, .F. ) ;
#1679 = DIRECTION ( 'NONE',  ( -1.000000000000000000, 0.0000000000000000000, 0.0000000000000000000 ) ) ;
#1680 = ORIENTED_EDGE ( 'NONE', *, *, #119, .F. ) ;
#1681 = AXIS2_PLACEMENT_3D ( 'NONE', #492, #2286, #182 ) ;
#1682 = CARTESIAN_POINT ( 'NONE',  ( -34.87274480919911200, 37.22665080293318600, 80.00000000000011400 ) ) ;
#1683 = AXIS2_PLACEMENT_3D ( 'NONE', #1455, #3093, #2365 ) ;
#1684 = CARTESIAN_POINT ( 'NONE',  ( 65.57118203761956500, -58.30251625822182100, 40.60654772777149200 ) ) ;
#1685 = CARTESIAN_POINT ( 'NONE',  ( 41.42255834726999800, -47.58852024331999800, 66.83295594259999500 ) ) ;
#1686 = LINE ( 'NONE', #3122, #887 ) ;
#1687 = CARTESIAN_POINT ( 'NONE',  ( 33.14999999999999900, 2.632990618166809200E-016, 67.20000000000000300 ) ) ;
#1688 = CARTESIAN_POINT ( 'NONE',  ( -1.972376319940026600, 3.285235906238671300, -4.000000000000000000 ) ) ;
#1689 = EDGE_CURVE ( 'NONE', #1360, #3, #3842, .T. ) ;
#1690 = CARTESIAN_POINT ( 'NONE',  ( 2.143623217279717200, 2.509489874060546900, -3.999999836671581700 ) ) ;
#1691 = CARTESIAN_POINT ( 'NONE',  ( 39.70551064328000000, 30.41835546372000100, 81.20000000000000300 ) ) ;
#1692 = ORIENTED_EDGE ( 'NONE', *, *, #577, .F. ) ;
#1693 =( NAMED_UNIT ( * ) PLANE_ANGLE_UNIT ( ) SI_UNIT ( $, .RADIAN. ) );
#1694 = ORIENTED_EDGE ( 'NONE', *, *, #715, .F. ) ;
#1695 = ORIENTED_EDGE ( 'NONE', *, *, #2060, .F. ) ;
#1696 = LINE ( 'NONE', #744, #1201 ) ;
#1697 = CARTESIAN_POINT ( 'NONE',  ( 13.86630891686000000, 59.79848728967999700, 60.40000000000000600 ) ) ;
#1698 = CARTESIAN_POINT ( 'NONE',  ( -2.000000000009549700, 0.0000000000000000000, 9.799999999927422300 ) ) ;
#1699 = ADVANCED_FACE ( 'NONE', ( #651 ), #1145, .F. ) ;
#1700 = ORIENTED_EDGE ( 'NONE', *, *, #2362, .T. ) ;
#1701 = CARTESIAN_POINT ( 'NONE',  ( 0.0000000000000000000, 0.0000000000000000000, 0.0000000000000000000 ) ) ;
#1702 = CARTESIAN_POINT ( 'NONE',  ( -6.772902044666325900, 70.82424365640119400, 38.86729217530886900 ) ) ;
#1703 = EDGE_LOOP ( 'NONE', ( #23, #1114, #1901, #2019 ) ) ;
#1704 = CARTESIAN_POINT ( 'NONE',  ( -0.7859602881339175000, 59.99615192193628800, 31.98080588044492600 ) ) ;
#1705 = CARTESIAN_POINT ( 'NONE',  ( 73.35376764553949200, -57.95457276427919200, 30.07398243571031700 ) ) ;
#1706 = VERTEX_POINT ( 'NONE', #3210 ) ;
#1707 = VECTOR ( 'NONE', #1172, 1000.000000000000200 ) ;
#1708 = DIRECTION ( 'NONE',  ( -1.000000000000000000, 0.0000000000000000000, 0.0000000000000000000 ) ) ;
#1709 = FACE_BOUND ( 'NONE', #390, .T. ) ;
#1710 = CARTESIAN_POINT ( 'NONE',  ( 70.00000000000000000, -80.00000000000000000, 0.0000000000000000000 ) ) ;
#1711 = CARTESIAN_POINT ( 'NONE',  ( 58.21669228180216700, -74.21423767098568200, 28.80219342511880100 ) ) ;
#1712 = CARTESIAN_POINT ( 'NONE',  ( 57.55250253203023900, 71.29224669292023000, 33.06324394233056600 ) ) ;
#1713 = EDGE_CURVE ( 'NONE', #3133, #775, #2053, .T. ) ;
#1714 = ORIENTED_EDGE ( 'NONE', *, *, #1658, .F. ) ;
#1715 = CIRCLE ( 'NONE', #168, 60.00000000000000000 ) ;
#1716 =( LENGTH_UNIT ( ) NAMED_UNIT ( * ) SI_UNIT ( .MILLI., .METRE. ) );
#1717 = ORIENTED_EDGE ( 'NONE', *, *, #3475, .T. ) ;
#1718 = DIRECTION ( 'NONE',  ( -0.0000000000000000000, -0.0000000000000000000, -1.000000000000000000 ) ) ;
#1719 = CARTESIAN_POINT ( 'NONE',  ( -0.8660254037844229400, 1.500000000000013500, -1.400000000000000100 ) ) ;
#1720 = CARTESIAN_POINT ( 'NONE',  ( -59.22443047080925300, 63.65949130182706000, 42.32338703351305000 ) ) ;
#1721 = VERTEX_POINT ( 'NONE', #3215 ) ;
#1722 = CARTESIAN_POINT ( 'NONE',  ( 40.40483926614000200, -29.57936790315000100, 81.20000000000000300 ) ) ;
#1723 = FACE_BOUND ( 'NONE', #434, .T. ) ;
#1724 = CARTESIAN_POINT ( 'NONE',  ( -10.39276390071526100, 59.09336848438029200, 26.01214300892132800 ) ) ;
#1725 = FACE_OUTER_BOUND ( 'NONE', #1446, .T. ) ;
#1726 = AXIS2_PLACEMENT_3D ( 'NONE', #2303, #2438, #3257 ) ;
#1727 = CARTESIAN_POINT ( 'NONE',  ( -43.42414940412000100, -46.50817814338999800, 66.83295594259999500 ) ) ;
#1728 = CARTESIAN_POINT ( 'NONE',  ( 51.01089850452000000, -80.71927904522002000, 18.80000000000000100 ) ) ;
#1729 = EDGE_LOOP ( 'NONE', ( #905, #810, #1447, #2191 ) ) ;
#1730 = CARTESIAN_POINT ( 'NONE',  ( 0.0000000000000000000, 0.0000000000000000000, 67.20000000000160900 ) ) ;
#1731 = CIRCLE ( 'NONE', #1256, 2.149999999999999000 ) ;
#1732 = CARTESIAN_POINT ( 'NONE',  ( -36.24214412709000000, 80.65232650289000600, 18.80000000000000100 ) ) ;
#1733 = CARTESIAN_POINT ( 'NONE',  ( 2.017579303268284700, -2.622011244325991100, -3.999998302089168100 ) ) ;
#1734 = CARTESIAN_POINT ( 'NONE',  ( 60.34703405064946200, -62.05268033127380500, 43.14624763435021000 ) ) ;
#1735 = ADVANCED_FACE ( 'NONE', ( #3442 ), #1396, .T. ) ;
#1736 = DIRECTION ( 'NONE',  ( 0.0000000000000000000, 0.0000000000000000000, -1.000000000000000000 ) ) ;
#1737 = EDGE_CURVE ( 'NONE', #1067, #2902, #726, .T. ) ;
#1738 = CARTESIAN_POINT ( 'NONE',  ( 0.0000000000000000000, 0.0000000000000000000, 10.00000000000000000 ) ) ;
#1739 = CARTESIAN_POINT ( 'NONE',  ( -80.00000000000000000, 70.00000000000000000, 0.0000000000000000000 ) ) ;
#1740 = CARTESIAN_POINT ( 'NONE',  ( 54.56536245141000300, 37.96893299458999800, 60.40000000000000600 ) ) ;
#1741 = ORIENTED_EDGE ( 'NONE', *, *, #1359, .T. ) ;
#1742 = VERTEX_POINT ( 'NONE', #3725 ) ;
#1743 = CARTESIAN_POINT ( 'NONE',  ( -60.57068269671000100, -1.986251214743999900, 60.40000000000000600 ) ) ;
#1744 = VERTEX_POINT ( 'NONE', #1094 ) ;
#1745 = DIRECTION ( 'NONE',  ( 0.0000000000000000000, 0.0000000000000000000, -1.000000000000000000 ) ) ;
#1746 = VERTEX_POINT ( 'NONE', #2190 ) ;
#1747 = CARTESIAN_POINT ( 'NONE',  ( -57.00775463667999800, 29.24132405334000100, 60.40000000000000600 ) ) ;
#1748 = ORIENTED_EDGE ( 'NONE', *, *, #1689, .T. ) ;
#1749 = DIRECTION ( 'NONE',  ( 0.0000000000000000000, 0.0000000000000000000, -1.000000000000000000 ) ) ;
#1750 = PLANE ( 'NONE',  #3634 ) ;
#1751 = EDGE_LOOP ( 'NONE', ( #394, #1668, #2476, #3791 ) ) ;
#1752 = VERTEX_POINT ( 'NONE', #2636 ) ;
#1753 = CARTESIAN_POINT ( 'NONE',  ( 77.51033472444052600, 59.98667751512791600, 23.81367843567863200 ) ) ;
#1754 = CARTESIAN_POINT ( 'NONE',  ( -72.47789619252331800, 57.74437681176443200, 31.35510490699687500 ) ) ;
#1755 = AXIS2_PLACEMENT_3D ( 'NONE', #2753, #3030, #2437 ) ;
#1756 = DIRECTION ( 'NONE',  ( 1.000000000000000000, 0.0000000000000000000, -0.0000000000000000000 ) ) ;
#1757 = VECTOR ( 'NONE', #2057, 1000.000000000000000 ) ;
#1758 = AXIS2_PLACEMENT_3D ( 'NONE', #2361, #1749, #3806 ) ;
#1759 = CARTESIAN_POINT ( 'NONE',  ( 3.550762114890027000E-016, -3.299999999999999800, -4.000000000000000000 ) ) ;
#1760 = CARTESIAN_POINT ( 'NONE',  ( 54.70399041923000300, 54.70399041923000300, 52.85976633066000100 ) ) ;
#1761 = DIRECTION ( 'NONE',  ( 0.0000000000000000000, 0.0000000000000000000, 1.000000000000000000 ) ) ;
#1762 = CARTESIAN_POINT ( 'NONE',  ( -37.25047923713000100, 33.17572534680999800, 81.20000000000000300 ) ) ;
#1763 = ORIENTED_EDGE ( 'NONE', *, *, #1636, .F. ) ;
#1764 = DIRECTION ( 'NONE',  ( 0.0000000000000000000, 0.0000000000000000000, -1.000000000000000000 ) ) ;
#1765 = CARTESIAN_POINT ( 'NONE',  ( -70.00000000000000000, 70.00000000000000000, 20.00000000000000000 ) ) ;
#1766 = EDGE_CURVE ( 'NONE', #2648, #895, #2853, .T. ) ;
#1767 = CARTESIAN_POINT ( 'NONE',  ( 2.878185419796965800, -1.615525085351877000, -3.999999153229143500 ) ) ;
#1768 = ORIENTED_EDGE ( 'NONE', *, *, #835, .T. ) ;
#1769 = CARTESIAN_POINT ( 'NONE',  ( 74.21423767098565300, 58.21669228180214600, 28.80219342511879400 ) ) ;
#1770 = CARTESIAN_POINT ( 'NONE',  ( 80.77637570065999700, -61.51757065843000300, 18.80000000000000100 ) ) ;
#1771 = EDGE_CURVE ( 'NONE', #3886, #3117, #3022, .T. ) ;
#1772 = ORIENTED_EDGE ( 'NONE', *, *, #3847, .F. ) ;
#1773 = VECTOR ( 'NONE', #2468, 1000.000000000000000 ) ;
#1774 = CARTESIAN_POINT ( 'NONE',  ( -57.71909196859115100, -67.59000084200066300, 38.11277409212034700 ) ) ;
#1775 = ORIENTED_EDGE ( 'NONE', *, *, #972, .T. ) ;
#1776 = CARTESIAN_POINT ( 'NONE',  ( 11.38564880172573100, 58.91061511246795100, 16.12919323592426200 ) ) ;
#1777 = CARTESIAN_POINT ( 'NONE',  ( 42.22578581893109400, 28.64637112899206200, 80.00000000000014200 ) ) ;
#1778 = CARTESIAN_POINT ( 'NONE',  ( -57.50000000000006400, 70.00000000000000000, 34.87197004572181000 ) ) ;
#1779 = DIRECTION ( 'NONE',  ( 1.000000000000000000, 0.0000000000000000000, 0.0000000000000000000 ) ) ;
#1780 = B_SPLINE_CURVE_WITH_KNOTS ( 'NONE', 3,
 ( #674, #3570, #3837, #711, #1514, #196, #1702, #2125, #3798, #3185, #3423, #1321, #2841, #745, #126, #1286, #490, #3691, #1271, #383, #77, #410, #191, #505, #2910, #780 ),
 .UNSPECIFIED., .F., .F.,
 ( 4, 2, 2, 2, 2, 2, 2, 2, 2, 2, 2, 2, 4 ),
 ( 0.03305754448811098300, 0.03511693549949011800, 0.03717632651086925200, 0.04129510853362752800, 0.04335449954500665600, 0.04541389055638579000, 0.04953267257914405200, 0.05365145460190231400, 0.05571084561328143400, 0.05777023662466054800, 0.06188901864741878900, 0.06394840965879788900, 0.06600780067017700300 ),
 .UNSPECIFIED. ) ;
#1781 = CARTESIAN_POINT ( 'NONE',  ( 0.8660254037843999600, 1.500000000000000000, -1.400000000000000100 ) ) ;
#1782 = CIRCLE ( 'NONE', #919, 4.250000000000003600 ) ;
#1783 = CARTESIAN_POINT ( 'NONE',  ( -0.8660254037843999600, -1.500000000000000000, -1.400000000000000100 ) ) ;
#1784 = CARTESIAN_POINT ( 'NONE',  ( 0.6170966426203572400, 3.242297888720684800, -3.999999373675081000 ) ) ;
#1785 = EDGE_CURVE ( 'NONE', #1721, #1157, #1101, .T. ) ;
#1786 = DIRECTION ( 'NONE',  ( 0.5000000000000167600, 0.8660254037844289400, 0.0000000000000000000 ) ) ;
#1787 = DIRECTION ( 'NONE',  ( 0.0000000000000000000, 0.0000000000000000000, 1.000000000000000000 ) ) ;
#1788 = CARTESIAN_POINT ( 'NONE',  ( 50.85542173755897000, -4.689775789027608600, 80.00000000000014200 ) ) ;
#1789 = CARTESIAN_POINT ( 'NONE',  ( -62.49999999999916200, -79.99999999999940300, 19.99999999999888100 ) ) ;
#1790 = ORIENTED_EDGE ( 'NONE', *, *, #481, .F. ) ;
#1791 = VERTEX_POINT ( 'NONE', #610 ) ;
#1792 = DIRECTION ( 'NONE',  ( 1.000000000000000000, 0.0000000000000000000, 0.0000000000000000000 ) ) ;
#1793 = DIRECTION ( 'NONE',  ( -1.000000000000000000, 0.0000000000000000000, 0.0000000000000000000 ) ) ;
#1794 = ORIENTED_EDGE ( 'NONE', *, *, #1665, .F. ) ;
#1795 = EDGE_LOOP ( 'NONE', ( #2215, #712 ) ) ;
#1796 = CARTESIAN_POINT ( 'NONE',  ( 70.00000000000000000, -70.00000000000000000, 0.0000000000000000000 ) ) ;
#1797 = ORIENTED_EDGE ( 'NONE', *, *, #2338, .T. ) ;
#1798 = DIRECTION ( 'NONE',  ( 0.0000000000000000000, 0.0000000000000000000, -1.000000000000000000 ) ) ;
#1799 = FACE_OUTER_BOUND ( 'NONE', #2398, .T. ) ;
#1800 = ADVANCED_FACE ( 'NONE', ( #1606 ), #900, .F. ) ;
#1801 = CARTESIAN_POINT ( 'NONE',  ( 76.42720530284617600, -59.25973757359527400, 25.46655566301716100 ) ) ;
#1802 = DIRECTION ( 'NONE',  ( 0.0000000000000000000, 0.0000000000000000000, -1.000000000000000000 ) ) ;
#1803 = CARTESIAN_POINT ( 'NONE',  ( 58.04774345251976800, -66.34027823144764100, 39.69272227325815500 ) ) ;
#1804 = DIRECTION ( 'NONE',  ( 1.000000000000000000, -0.0000000000000000000, 0.0000000000000000000 ) ) ;
#1805 = EDGE_LOOP ( 'NONE', ( #807, #3803 ) ) ;
#1806 = CARTESIAN_POINT ( 'NONE',  ( -41.47353249030999900, 47.56419341786000400, 66.83295594259999500 ) ) ;
#1807 = CARTESIAN_POINT ( 'NONE',  ( -59.55650427658066800, -76.94253258733633100, 24.68205225003524500 ) ) ;
#1808 = VERTEX_POINT ( 'NONE', #2415 ) ;
#1809 = LINE ( 'NONE', #2047, #910 ) ;
#1810 = CARTESIAN_POINT ( 'NONE',  ( -34.34918942584000200, 36.65839402699000300, 80.80614555453000500 ) ) ;
#1811 = ORIENTED_EDGE ( 'NONE', *, *, #3704, .F. ) ;
#1812 = DIRECTION ( 'NONE',  ( 1.000000000000000000, 0.0000000000000000000, 0.0000000000000000000 ) ) ;
#1813 = EDGE_CURVE ( 'NONE', #2355, #957, #2408, .T. ) ;
#1814 = ORIENTED_EDGE ( 'NONE', *, *, #378, .F. ) ;
#1815 = CARTESIAN_POINT ( 'NONE',  ( -58.16290104466958200, -65.96418595673111400, 40.16002061081147900 ) ) ;
#1816 = CARTESIAN_POINT ( 'NONE',  ( 0.7847311142018047500, 59.99999999999999300, 31.99999999999998600 ) ) ;
#1817 = EDGE_LOOP ( 'NONE', ( #662, #1875 ) ) ;
#1818 = FACE_OUTER_BOUND ( 'NONE', #3578, .T. ) ;
#1819 = CARTESIAN_POINT ( 'NONE',  ( 18.16562008675700200, 75.75463202660868900, 28.46254610090278800 ) ) ;
#1820 = ORIENTED_EDGE ( 'NONE', *, *, #3255, .F. ) ;
#1821 = CARTESIAN_POINT ( 'NONE',  ( -42.14738863518999800, -47.23836160959000100, 66.83295594259999500 ) ) ;
#1822 = CARTESIAN_POINT ( 'NONE',  ( -11.84433708778284200, 58.81936630451756500, 21.96627279109058200 ) ) ;
#1823 = CARTESIAN_POINT ( 'NONE',  ( -1.972554751416763000, -3.553275403298689700, -3.917157287525381700 ) ) ;
#1824 = CARTESIAN_POINT ( 'NONE',  ( 0.0000000000000000000, 0.0000000000000000000, -3.799999999999999800 ) ) ;
#1825 = AXIS2_PLACEMENT_3D ( 'NONE', #109, #3481, #418 ) ;
#1826 = EDGE_LOOP ( 'NONE', ( #2928, #250, #769, #1317 ) ) ;
#1827 = VECTOR ( 'NONE', #3889, 1000.000000000000000 ) ;
#1828 = EDGE_CURVE ( 'NONE', #1651, #1913, #103, .T. ) ;
#1829 = FACE_OUTER_BOUND ( 'NONE', #3786, .T. ) ;
#1830 = CARTESIAN_POINT ( 'NONE',  ( 2.773967772521565700, 70.41109484961066300, 39.81901165410771900 ) ) ;
#1831 = CARTESIAN_POINT ( 'NONE',  ( 0.3337474722766317100, 3.283412986481602400, -3.999999754649845100 ) ) ;
#1832 = ORIENTED_EDGE ( 'NONE', *, *, #561, .F. ) ;
#1833 = ORIENTED_EDGE ( 'NONE', *, *, #3070, .F. ) ;
#1834 = EDGE_LOOP ( 'NONE', ( #3076, #1906, #3614, #2659 ) ) ;
#1835 = ADVANCED_FACE ( 'NONE', ( #1498 ), #3380, .F. ) ;
#1836 = CARTESIAN_POINT ( 'NONE',  ( -44.03604773904940800, -25.80290032997095300, 80.00000000000001400 ) ) ;
#1837 = CARTESIAN_POINT ( 'NONE',  ( 21.92031021677999900, -21.92031021677999900, 72.20000000000000300 ) ) ;
#1838 = CARTESIAN_POINT ( 'NONE',  ( -72.49285279279490600, -57.73654277029970700, 31.33680023409237600 ) ) ;
#1839 = DIRECTION ( 'NONE',  ( -1.000000000000000000, 0.0000000000000000000, 0.0000000000000000000 ) ) ;
#1840 = VERTEX_POINT ( 'NONE', #879 ) ;
#1841 = EDGE_CURVE ( 'NONE', #2513, #154, #2514, .T. ) ;
#1842 = ORIENTED_EDGE ( 'NONE', *, *, #667, .F. ) ;
#1843 = LINE ( 'NONE', #110, #1027 ) ;
#1844 = CARTESIAN_POINT ( 'NONE',  ( -3.499496722688916000, -0.05935223575852736900, -3.799999999999999800 ) ) ;
#1845 = CARTESIAN_POINT ( 'NONE',  ( -67.09522889883000100, -52.67671713119000300, 39.60000000000000100 ) ) ;
#1846 = CARTESIAN_POINT ( 'NONE',  ( -60.34703405064946200, 62.05268033127380500, 43.14624763435021000 ) ) ;
#1847 = CARTESIAN_POINT ( 'NONE',  ( 0.6063090366948245000, 3.244392859367381200, -3.999999267867767800 ) ) ;
#1848 = LINE ( 'NONE', #316, #3287 ) ;
#1849 = PRODUCT_RELATED_PRODUCT_CATEGORY ( 'part', '', ( #472 ) ) ;
#1850 = CARTESIAN_POINT ( 'NONE',  ( 48.93791952616629000, 14.62077070654517500, 80.00000000000014200 ) ) ;
#1851 = CARTESIAN_POINT ( 'NONE',  ( 10.69402646216000000, 49.39770846852000100, 81.20000000000000300 ) ) ;
#1852 = CARTESIAN_POINT ( 'NONE',  ( -36.41562695860999800, -68.84534630887999600, 39.60000000000000100 ) ) ;
#1853 = CARTESIAN_POINT ( 'NONE',  ( 2.902988908572782000, -1.570441734556033800, -3.999999329619575500 ) ) ;
#1854 = EDGE_LOOP ( 'NONE', ( #2596, #3374, #2322, #3105, #1678 ) ) ;
#1855 = AXIS2_PLACEMENT_3D ( 'NONE', #241, #2967, #351 ) ;
#1856 = CARTESIAN_POINT ( 'NONE',  ( 70.47943776760000400, -7.306137728237000100, 39.60000000000000100 ) ) ;
#1857 = ADVANCED_FACE ( 'NONE', ( #3113, #1799 ), #2092, .T. ) ;
#1858 = AXIS2_PLACEMENT_3D ( 'NONE', #1198, #2899, #1812 ) ;
#1859 = EDGE_CURVE ( 'NONE', #1746, #1260, #2687, .T. ) ;
#1860 = DIRECTION ( 'NONE',  ( -1.000000000000000000, 0.0000000000000000000, 0.0000000000000000000 ) ) ;
#1861 = DIRECTION ( 'NONE',  ( 0.0000000000000000000, -0.0000000000000000000, 1.000000000000000000 ) ) ;
#1862 = CARTESIAN_POINT ( 'NONE',  ( 0.6199403868655121200, 3.241744460231685800, -3.999999401185647700 ) ) ;
#1863 = ORIENTED_EDGE ( 'NONE', *, *, #972, .F. ) ;
#1864 = CARTESIAN_POINT ( 'NONE',  ( -41.18121496680436200, 30.19356410998218400, 80.00000000000001400 ) ) ;
#1865 = CARTESIAN_POINT ( 'NONE',  ( 43.59007836928999800, -80.68293798109000600, 18.80000000000000100 ) ) ;
#1866 = EDGE_CURVE ( 'NONE', #1746, #2697, #193, .T. ) ;
#1867 = DIRECTION ( 'NONE',  ( -1.000000000000000000, 0.0000000000000000000, 0.0000000000000000000 ) ) ;
#1868 = ORIENTED_EDGE ( 'NONE', *, *, #577, .T. ) ;
#1869 = AXIS2_PLACEMENT_3D ( 'NONE', #2556, #1098, #2567 ) ;
#1870 = CARTESIAN_POINT ( 'NONE',  ( 66.34027823144948900, -58.04774345251917100, 39.69272227325493000 ) ) ;
#1871 = CARTESIAN_POINT ( 'NONE',  ( 58.03834106941000900, 24.50311473511000000, 60.40000000000000600 ) ) ;
#1872 = FACE_OUTER_BOUND ( 'NONE', #946, .T. ) ;
#1873 = PRODUCT_DEFINITION ( 'UNKNOWN', '', #3261, #2086 ) ;
#1874 = CARTESIAN_POINT ( 'NONE',  ( -70.00000000000000000, -80.00000000000000000, 0.0000000000000000000 ) ) ;
#1875 = ORIENTED_EDGE ( 'NONE', *, *, #3453, .F. ) ;
#1876 = CARTESIAN_POINT ( 'NONE',  ( 22.48092323875861400, 45.85310094556837900, 80.00000000000014200 ) ) ;
#1877 = CARTESIAN_POINT ( 'NONE',  ( -39.10047509726837900, -32.76194795303882000, 80.00000000000001400 ) ) ;
#1878 = CYLINDRICAL_SURFACE ( 'NONE', #1432, 4.250000000000003600 ) ;
#1879 = DIRECTION ( 'NONE',  ( -1.000000000000000000, 0.0000000000000000000, 0.0000000000000000000 ) ) ;
#1880 = CARTESIAN_POINT ( 'NONE',  ( -74.77812923858188300, 58.43309398159643600, 27.95884173307396700 ) ) ;
#1881 = AXIS2_PLACEMENT_3D ( 'NONE', #2561, #570, #2250 ) ;
#1882 = DIRECTION ( 'NONE',  ( 0.0000000000000000000, 0.0000000000000000000, -1.000000000000000000 ) ) ;
#1883 = ORIENTED_EDGE ( 'NONE', *, *, #245, .T. ) ;
#1884 = CARTESIAN_POINT ( 'NONE',  ( 80.00000000000000000, -70.00000000000000000, 0.0000000000000000000 ) ) ;
#1885 = ORIENTED_EDGE ( 'NONE', *, *, #2287, .T. ) ;
#1886 = DIRECTION ( 'NONE',  ( 0.0000000000000000000, 0.0000000000000000000, -1.000000000000000000 ) ) ;
#1887 = EDGE_CURVE ( 'NONE', #1061, #3529, #3003, .T. ) ;
#1888 = ORIENTED_EDGE ( 'NONE', *, *, #3207, .F. ) ;
#1889 = CARTESIAN_POINT ( 'NONE',  ( 0.0000000000000000000, 0.0000000000000000000, 0.0000000000000000000 ) ) ;
#1890 = CARTESIAN_POINT ( 'NONE',  ( 21.92031021677999900, 21.92031021677999900, 72.20000000000000300 ) ) ;
#1891 = DIRECTION ( 'NONE',  ( -1.000000000000000000, 0.0000000000000000000, 0.0000000000000000000 ) ) ;
#1892 = ORIENTED_EDGE ( 'NONE', *, *, #3336, .T. ) ;
#1893 = VECTOR ( 'NONE', #3462, 1000.000000000000000 ) ;
#1894 = PRODUCT_DEFINITION_FORMATION_WITH_SPECIFIED_SOURCE ( 'ANY', '', #472, .NOT_KNOWN. ) ;
#1895 = PRODUCT_DEFINITION_CONTEXT ( 'detailed design', #243, 'design' ) ;
#1896 = UNCERTAINTY_MEASURE_WITH_UNIT (LENGTH_MEASURE( 1.000000000000000100E-005 ), #3727, 'distance_accuracy_value', 'NONE');
#1897 = CARTESIAN_POINT ( 'NONE',  ( -31.00000000000000000, 0.0000000000000000000, 67.20000000000000300 ) ) ;
#1898 = ORIENTED_EDGE ( 'NONE', *, *, #1035, .F. ) ;
#1899 = APPLICATION_PROTOCOL_DEFINITION ( 'draft international standard', 'automotive_design', 1998, #243 ) ;
#1900 = PRODUCT_DEFINITION_SHAPE ( 'NONE', 'NONE',  #3920 ) ;
#1901 = ORIENTED_EDGE ( 'NONE', *, *, #2720, .F. ) ;
#1902 = DIRECTION ( 'NONE',  ( -1.000000000000000000, 0.0000000000000000000, 0.0000000000000000000 ) ) ;
#1903 = AXIS2_PLACEMENT_3D ( 'NONE', #3639, #1861, #3344 ) ;
#1904 = CARTESIAN_POINT ( 'NONE',  ( -65.75000000000000000, 70.00000000000000000, 20.00000000000000000 ) ) ;
#1905 = FACE_OUTER_BOUND ( 'NONE', #3189, .T. ) ;
#1906 = ORIENTED_EDGE ( 'NONE', *, *, #2775, .T. ) ;
#1907 = EDGE_LOOP ( 'NONE', ( #476, #2548, #136, #3572, #721, #2900, #2072, #148 ) ) ;
#1908 = DIRECTION ( 'NONE',  ( 1.000000000000000000, 0.0000000000000000000, 0.0000000000000000000 ) ) ;
#1909 = CARTESIAN_POINT ( 'NONE',  ( 61.57406936065999800, 66.20774637620000600, 38.88657671872000100 ) ) ;
#1910 = FACE_OUTER_BOUND ( 'NONE', #1169, .T. ) ;
#1911 = CARTESIAN_POINT ( 'NONE',  ( -68.84534630887999600, -36.41572499158999700, 39.60000000000000100 ) ) ;
#1912 = CARTESIAN_POINT ( 'NONE',  ( 62.28223417434196600, 60.16281439900153300, 43.06942418463248900 ) ) ;
#1913 = VERTEX_POINT ( 'NONE', #188 ) ;
#1914 = CARTESIAN_POINT ( 'NONE',  ( 0.0000000000000000000, 31.00000000000000000, 67.20000000000000300 ) ) ;
#1915 = ORIENTED_EDGE ( 'NONE', *, *, #3118, .T. ) ;
#1916 =( NAMED_UNIT ( * ) SI_UNIT ( $, .STERADIAN. ) SOLID_ANGLE_UNIT ( ) );
#1917 = EDGE_CURVE ( 'NONE', #3367, #502, #2790, .T. ) ;
#1918 = DIRECTION ( 'NONE',  ( -1.000000000000000000, 0.0000000000000000000, 0.0000000000000000000 ) ) ;
#1919 = FACE_OUTER_BOUND ( 'NONE', #2924, .T. ) ;
#1920 = FILL_AREA_STYLE ('',( #143 ) ) ;
#1921 = CIRCLE ( 'NONE', #268, 2.149999999999999900 ) ;
#1922 = APPLICATION_CONTEXT ( 'automotive_design' ) ;
#1923 = CARTESIAN_POINT ( 'NONE',  ( 0.0000000000000000000, 2.844946500601963600E-013, 80.00000000000004300 ) ) ;
#1924 = CARTESIAN_POINT ( 'NONE',  ( -45.17016296447999900, -22.06701823620000300, 81.20000000000000300 ) ) ;
#1925 = LINE ( 'NONE', #1161, #3099 ) ;
#1926 = CARTESIAN_POINT ( 'NONE',  ( 60.94150385326278800, 61.38100009056515900, 43.27759183665055800 ) ) ;
#1927 = DIRECTION ( 'NONE',  ( -0.0000000000000000000, -0.0000000000000000000, -1.000000000000000000 ) ) ;
#1928 = ORIENTED_EDGE ( 'NONE', *, *, #1737, .T. ) ;
#1929 = CARTESIAN_POINT ( 'NONE',  ( -50.79846772060000100, 57.01889753841000200, 52.85976633066000100 ) ) ;
#1930 = CARTESIAN_POINT ( 'NONE',  ( 19.42850228105153600, 77.53256885615888900, 24.90490308100403600 ) ) ;
#1931 = CARTESIAN_POINT ( 'NONE',  ( 22.06701823620000300, -45.17016296447999900, 81.20000000000000300 ) ) ;
#1932 = ORIENTED_EDGE ( 'NONE', *, *, #1230, .F. ) ;
#1933 = AXIS2_PLACEMENT_3D ( 'NONE', #279, #1736, #2096 ) ;
#1934 = STYLED_ITEM ( 'NONE', ( #1320 ), #655 ) ;
#1935 = CARTESIAN_POINT ( 'NONE',  ( 0.7859551582857213800, 59.99615197207990700, 8.019193870060007600 ) ) ;
#1936 = CARTESIAN_POINT ( 'NONE',  ( -65.75000000000000000, -70.00000000000000000, 0.0000000000000000000 ) ) ;
#1937 = ORIENTED_EDGE ( 'NONE', *, *, #1522, .T. ) ;
#1938 = ORIENTED_EDGE ( 'NONE', *, *, #9, .F. ) ;
#1939 = CARTESIAN_POINT ( 'NONE',  ( -60.15710082500945100, -62.28958035215572400, 43.06665818293595300 ) ) ;
#1940 = DIRECTION ( 'NONE',  ( 0.0000000000000000000, 0.0000000000000000000, -1.000000000000000000 ) ) ;
#1941 = CIRCLE ( 'NONE', #1434, 2.149999999999999900 ) ;
#1942 = EDGE_CURVE ( 'NONE', #1651, #541, #3469, .T. ) ;
#1943 = CIRCLE ( 'NONE', #752, 4.250000000000003600 ) ;
#1944 = CARTESIAN_POINT ( 'NONE',  ( -68.87039585443199000, -57.53512476099262300, 36.42094869074316000 ) ) ;
#1945 = UNCERTAINTY_MEASURE_WITH_UNIT (LENGTH_MEASURE( 1.000000000000000100E-005 ), #1166, 'distance_accuracy_value', 'NONE');
#1946 = CARTESIAN_POINT ( 'NONE',  ( 66.79979600846999700, -59.44861395710999800, 38.88657671872000100 ) ) ;
#1947 = PRESENTATION_LAYER_ASSIGNMENT (  '', '', ( #2197 ) ) ;
#1948 = DIRECTION ( 'NONE',  ( 0.0000000000000000000, 0.0000000000000000000, 1.000000000000000000 ) ) ;
#1949 = FACE_BOUND ( 'NONE', #2639, .T. ) ;
#1950 = CARTESIAN_POINT ( 'NONE',  ( -64.75191899100140300, -58.65256956632920500, 41.42542169598587500 ) ) ;
#1951 = CARTESIAN_POINT ( 'NONE',  ( 3.299987638376868000, 0.009222034431304065900, -3.999999999997205300 ) ) ;
#1952 = CARTESIAN_POINT ( 'NONE',  ( 31.00000000000000000, 0.0000000000000000000, 72.20000000000000300 ) ) ;
#1953 = FACE_OUTER_BOUND ( 'NONE', #2400, .T. ) ;
#1954 = AXIS2_PLACEMENT_3D ( 'NONE', #2767, #3668, #1232 ) ;
#1955 = CARTESIAN_POINT ( 'NONE',  ( -31.00000000000000000, 0.0000000000000000000, 67.20000000000000300 ) ) ;
#1956 = AXIS2_PLACEMENT_3D ( 'NONE', #1403, #132, #794 ) ;
#1957 = ORIENTED_EDGE ( 'NONE', *, *, #2385, .T. ) ;
#1958 = CIRCLE ( 'NONE', #3397, 4.250000000000003600 ) ;
#1959 = CARTESIAN_POINT ( 'NONE',  ( -33.14999999999999900, 0.0000000000000000000, 72.20000000000000300 ) ) ;
#1960 = CARTESIAN_POINT ( 'NONE',  ( 0.0000000000000000000, 0.0000000000000000000, 72.20000000000000300 ) ) ;
#1961 = CYLINDRICAL_SURFACE ( 'NONE', #3108, 60.00000000000000000 ) ;
#1962 = CARTESIAN_POINT ( 'NONE',  ( -34.50000000000000000, 4.225031457058368900E-015, 80.00000000000000000 ) ) ;
#1963 = EDGE_CURVE ( 'NONE', #407, #1721, #487, .T. ) ;
#1964 = CARTESIAN_POINT ( 'NONE',  ( 37.45742526480000100, 33.49700969626999800, 80.80614555453000500 ) ) ;
#1965 = CARTESIAN_POINT ( 'NONE',  ( 3.074946755768277000, 1.198114022789669800, -3.999999999994808200 ) ) ;
#1966 = CARTESIAN_POINT ( 'NONE',  ( 73.06384388438826200, -57.87757739042908900, 30.50001736538739600 ) ) ;
#1967 = EDGE_CURVE ( 'NONE', #1721, #2111, #1983, .T. ) ;
#1968 = CARTESIAN_POINT ( 'NONE',  ( -22.06702114807000500, -45.17016296447999900, 81.20000000000000300 ) ) ;
#1969 = CARTESIAN_POINT ( 'NONE',  ( -80.82083348930000000, -68.87232966759999900, 18.80000000000000100 ) ) ;
#1970 = DIRECTION ( 'NONE',  ( 1.000000000000000000, 0.0000000000000000000, -0.0000000000000000000 ) ) ;
#1971 = CIRCLE ( 'NONE', #3765, 60.00000000000000000 ) ;
#1972 = DIRECTION ( 'NONE',  ( -1.000000000000000000, 0.0000000000000000000, 0.0000000000000000000 ) ) ;
#1973 = CARTESIAN_POINT ( 'NONE',  ( 7.916366941159393100, 59.47624845411242900, 10.97313512855111400 ) ) ;
#1974 = ORIENTED_EDGE ( 'NONE', *, *, #1409, .F. ) ;
#1975 = CARTESIAN_POINT ( 'NONE',  ( 80.59012047836999700, 15.86403193432999900, 18.80000000000000100 ) ) ;
#1976 = ADVANCED_FACE ( 'NONE', ( #2084 ), #1451, .F. ) ;
#1977 = CARTESIAN_POINT ( 'NONE',  ( 0.0000000000000000000, 0.0000000000000000000, 0.0000000000000000000 ) ) ;
#1978 = EDGE_LOOP ( 'NONE', ( #3279, #777 ) ) ;
#1979 = EDGE_LOOP ( 'NONE', ( #2586, #2187, #3584, #1300 ) ) ;
#1980 = CARTESIAN_POINT ( 'NONE',  ( 1.575680567935545700, 59.98060693020347900, 8.097283008410476800 ) ) ;
#1981 = EDGE_CURVE ( 'NONE', #2268, #3749, #1356, .T. ) ;
#1982 = CARTESIAN_POINT ( 'NONE',  ( 0.0000000000000000000, 0.0000000000000000000, 9.799999999927422300 ) ) ;
#1983 = LINE ( 'NONE', #3174, #3676 ) ;
#1984 = DIRECTION ( 'NONE',  ( 0.0000000000000000000, 0.0000000000000000000, -1.000000000000000000 ) ) ;
#1985 = CARTESIAN_POINT ( 'NONE',  ( -3.266498951892492700, -2.003254328432920100, -4.000000000000000000 ) ) ;
#1986 = CARTESIAN_POINT ( 'NONE',  ( 72.14645502349999600, 80.84117904133999800, 18.80000000000000100 ) ) ;
#1987 = CARTESIAN_POINT ( 'NONE',  ( 6.997967178659783000, 59.59139997063111600, 10.24393881508300400 ) ) ;
#1988 = CARTESIAN_POINT ( 'NONE',  ( 2.094992127728690300, 2.550188398874290800, -3.999999674659779000 ) ) ;
#1989 = EDGE_CURVE ( 'NONE', #2629, #2331, #2300, .T. ) ;
#1990 = EDGE_LOOP ( 'NONE', ( #3015, #3918, #2169, #178 ) ) ;
#1991 = CARTESIAN_POINT ( 'NONE',  ( 58.04774345251976800, -66.34027823144764100, 39.69272227325815500 ) ) ;
#1992 = DIRECTION ( 'NONE',  ( 0.0000000000000000000, 0.0000000000000000000, 1.000000000000000000 ) ) ;
#1993 = VERTEX_POINT ( 'NONE', #723 ) ;
#1994 = ORIENTED_EDGE ( 'NONE', *, *, #275, .F. ) ;
#1995 =( GEOMETRIC_REPRESENTATION_CONTEXT ( 3 ) GLOBAL_UNCERTAINTY_ASSIGNED_CONTEXT ( ( #1945 ) ) GLOBAL_UNIT_ASSIGNED_CONTEXT ( ( #1166, #3271, #1355 ) ) REPRESENTATION_CONTEXT ( 'NONE', 'WORKASPACE' ) );
#1996 = CIRCLE ( 'NONE', #450, 2.149999999999999000 ) ;
#1997 = CARTESIAN_POINT ( 'NONE',  ( 0.0000000000000000000, -31.00000000000000000, 72.20000000000000300 ) ) ;
#1998 = CARTESIAN_POINT ( 'NONE',  ( 80.00000000000000000, -80.00000000000000000, 0.0000000000000000000 ) ) ;
#1999 = CARTESIAN_POINT ( 'NONE',  ( -57.50000000000006400, 70.00000000000000000, 34.87197004572181000 ) ) ;
#2000 = PLANE ( 'NONE',  #56 ) ;
#2001 = ORIENTED_EDGE ( 'NONE', *, *, #3535, .T. ) ;
#2002 = CARTESIAN_POINT ( 'NONE',  ( 70.00000000000000000, -80.00000000000000000, 20.00000000000000000 ) ) ;
#2003 = VERTEX_POINT ( 'NONE', #665 ) ;
#2004 = CIRCLE ( 'NONE', #2682, 2.149999999999999000 ) ;
#2005 = DIRECTION ( 'NONE',  ( 1.000000000000000000, 0.0000000000000000000, 0.0000000000000000000 ) ) ;
#2006 = ORIENTED_EDGE ( 'NONE', *, *, #2530, .T. ) ;
#2007 = ORIENTED_EDGE ( 'NONE', *, *, #1713, .F. ) ;
#2008 = DIRECTION ( 'NONE',  ( -1.000000000000000000, 0.0000000000000000000, 0.0000000000000000000 ) ) ;
#2009 = PLANE ( 'NONE',  #3867 ) ;
#2010 = DIRECTION ( 'NONE',  ( 0.0000000000000000000, 0.0000000000000000000, -1.000000000000000000 ) ) ;
#2011 = FACE_OUTER_BOUND ( 'NONE', #3568, .T. ) ;
#2012 = CARTESIAN_POINT ( 'NONE',  ( 57.74437681176439000, 72.47789619252330300, 31.35510490699684600 ) ) ;
#2013 = EDGE_CURVE ( 'NONE', #2339, #1254, #681, .T. ) ;
#2014 = CARTESIAN_POINT ( 'NONE',  ( 70.00000000000000000, 80.00000000000000000, 0.0000000000000000000 ) ) ;
#2015 = VECTOR ( 'NONE', #1415, 1000.000000000000000 ) ;
#2016 = CARTESIAN_POINT ( 'NONE',  ( -10.93474266931513300, 58.99537943821516000, 24.95837074645439200 ) ) ;
#2017 = CYLINDRICAL_SURFACE ( 'NONE', #449, 12.49999999999999600 ) ;
#2018 = COLOUR_RGB ( '',0.7921568627450980000, 0.8196078431372548800, 0.9333333333333333500 ) ;
#2019 = ORIENTED_EDGE ( 'NONE', *, *, #1544, .F. ) ;
#2020 = EDGE_LOOP ( 'NONE', ( #3643, #3716, #2281 ) ) ;
#2021 = CARTESIAN_POINT ( 'NONE',  ( -15.86403193432999900, 80.59012047836999700, 18.80000000000000100 ) ) ;
#2022 = CARTESIAN_POINT ( 'NONE',  ( 1.633034541075047500, -2.868283231918971900, -3.999999165586185100 ) ) ;
#2023 = ORIENTED_EDGE ( 'NONE', *, *, #3704, .T. ) ;
#2024 = CARTESIAN_POINT ( 'NONE',  ( 62.49999999999933200, -79.99999999999946000, 19.99999999999909400 ) ) ;
#2025 = CARTESIAN_POINT ( 'NONE',  ( 42.94608983970000100, -25.95693926007000100, 81.20000000000000300 ) ) ;
#2026 = AXIS2_PLACEMENT_3D ( 'NONE', #531, #621, #514 ) ;
#2027 = CARTESIAN_POINT ( 'NONE',  ( -10.19098036131173800, 59.12860869784918800, 26.34793586445770700 ) ) ;
#2028 = CARTESIAN_POINT ( 'NONE',  ( 6.973436986453032600, 3.552629532609447700, -3.918357890360455000 ) ) ;
#2029 = ORIENTED_EDGE ( 'NONE', *, *, #2553, .F. ) ;
#2030 = CIRCLE ( 'NONE', #2897, 2.149999999999999900 ) ;
#2031 = CARTESIAN_POINT ( 'NONE',  ( -33.49677597422000000, -37.45764441015000300, 80.80614555453000500 ) ) ;
#2032 = CARTESIAN_POINT ( 'NONE',  ( 63.80589796492999700, -80.79008802660000300, 18.80000000000000100 ) ) ;
#2033 = DIRECTION ( 'NONE',  ( 0.0000000000000000000, 0.0000000000000000000, -1.000000000000000000 ) ) ;
#2034 = LINE ( 'NONE', #451, #2837 ) ;
#2035 = DIRECTION ( 'NONE',  ( -1.000000000000000000, 0.0000000000000000000, 0.0000000000000000000 ) ) ;
#2036 = CLOSED_SHELL ( 'NONE', ( #3515, #361, #3219, #3665, #79, #1444, #3043, #2448, #192, #3684, #685, #1151, #623, #256, #2136, #812, #2785, #2473 ) ) ;
#2037 = CARTESIAN_POINT ( 'NONE',  ( 2.426614889452178000, -2.238814885655676400, -3.999999999005096300 ) ) ;
#2038 = CARTESIAN_POINT ( 'NONE',  ( -58.64472651849302300, -64.75563935324309700, 41.43359478515321100 ) ) ;
#2039 = CARTESIAN_POINT ( 'NONE',  ( 66.26074232477999700, -59.20897427781000000, 39.60000000000000100 ) ) ;
#2040 = EDGE_CURVE ( 'NONE', #443, #264, #1174, .T. ) ;
#2041 = ORIENTED_EDGE ( 'NONE', *, *, #2040, .F. ) ;
#2042 = LINE ( 'NONE', #3795, #203 ) ;
#2043 = PRODUCT_DEFINITION ( 'UNKNOWN', '', #1894, #2777 ) ;
#2044 = ORIENTED_EDGE ( 'NONE', *, *, #210, .F. ) ;
#2045 = DIRECTION ( 'NONE',  ( 0.0000000000000000000, 0.0000000000000000000, -1.000000000000000000 ) ) ;
#2046 = FACE_BOUND ( 'NONE', #2343, .T. ) ;
#2047 = CARTESIAN_POINT ( 'NONE',  ( -65.75000000000000000, 70.00000000000000000, 0.0000000000000000000 ) ) ;
#2048 = CARTESIAN_POINT ( 'NONE',  ( 0.0000000000000000000, 0.0000000000000000000, 0.0000000000000000000 ) ) ;
#2049 = CIRCLE ( 'NONE', #112, 4.250000000000003600 ) ;
#2050 = CARTESIAN_POINT ( 'NONE',  ( -59.65304044168609500, -62.98117627642680100, 42.74881836071125500 ) ) ;
#2051 = ORIENTED_EDGE ( 'NONE', *, *, #2875, .T. ) ;
#2052 = CARTESIAN_POINT ( 'NONE',  ( 80.60004493198999900, -20.21087382626999900, 18.80000000000000100 ) ) ;
#2053 = LINE ( 'NONE', #3107, #1053 ) ;
#2054 = CARTESIAN_POINT ( 'NONE',  ( -64.29833565881000400, -64.29833565881000400, 38.88657671872000100 ) ) ;
#2055 = AXIS2_PLACEMENT_3D ( 'NONE', #2270, #2953, #1579 ) ;
#2056 = CARTESIAN_POINT ( 'NONE',  ( -37.99049656456183000, 34.03049484755997900, 80.00000000000011400 ) ) ;
#2057 = DIRECTION ( 'NONE',  ( 0.0000000000000000000, 1.000000000000000000, 0.0000000000000000000 ) ) ;
#2058 = ORIENTED_EDGE ( 'NONE', *, *, #2573, .F. ) ;
#2059 = AXIS2_PLACEMENT_3D ( 'NONE', #2557, #2773, #954 ) ;
#2060 = EDGE_CURVE ( 'NONE', #2950, #895, #3863, .T. ) ;
#2061 = ORIENTED_EDGE ( 'NONE', *, *, #222, .T. ) ;
#2062 = CARTESIAN_POINT ( 'NONE',  ( 11.99934691725981200, 58.78788713670620300, 20.80450938371492600 ) ) ;
#2063 = CARTESIAN_POINT ( 'NONE',  ( -53.86201807764999900, 40.22543548825000000, 60.40000000000000600 ) ) ;
#2064 = CYLINDRICAL_SURFACE ( 'NONE', #943, 27.50000000000000000 ) ;
#2065 = DIRECTION ( 'NONE',  ( 0.0000000000000000000, 0.0000000000000000000, -1.000000000000000000 ) ) ;
#2066 = B_SPLINE_CURVE_WITH_KNOTS ( 'NONE', 3,
 ( #1661, #3147, #144, #2254, #1950, #3747, #1644, #1322, #3425, #3135, #2843, #1024, #747, #2549, #440, #2241, #129, #3736, #1939, #1631, #2050, #861, #3861, #2348, #2038, #3077, #1815, #2393 ),
 .UNSPECIFIED., .F., .F.,
 ( 4, 2, 2, 2, 2, 2, 2, 2, 2, 2, 2, 2, 2, 4 ),
 ( 2.899428255234173600E-016, 0.001819040584310376600, 0.002728560876465420300, 0.003638081168620463600, 0.004547601460775506400, 0.005457121752930550000, 0.006366642045085593700, 0.007276162337240636500, 0.008185682629395679400, 0.009095202921550723000, 0.01000472321370575100, 0.01091424350586077700, 0.01273328409017082500, 0.01455232467448087400 ),
 .UNSPECIFIED. ) ;
#2067 = CARTESIAN_POINT ( 'NONE',  ( 2.851560955110945500, -1.662313980266334300, -3.999998951233978000 ) ) ;
#2068 = EDGE_CURVE ( 'NONE', #647, #700, #770, .T. ) ;
#2069 = CARTESIAN_POINT ( 'NONE',  ( 60.38498447057241200, 78.01821836137916900, 23.03512354165186000 ) ) ;
#2070 = DIRECTION ( 'NONE',  ( 0.0000000000000000000, 0.0000000000000000000, -1.000000000000000000 ) ) ;
#2071 = CARTESIAN_POINT ( 'NONE',  ( 59.08486581428000800, 18.73765394535000100, 60.40000000000000600 ) ) ;
#2072 = ORIENTED_EDGE ( 'NONE', *, *, #2669, .F. ) ;
#2073 = CARTESIAN_POINT ( 'NONE',  ( -66.92655857452000100, 58.29187118336000100, 38.88657671872000100 ) ) ;
#2074 = EDGE_LOOP ( 'NONE', ( #896, #2618, #3188, #1459 ) ) ;
#2075 = CARTESIAN_POINT ( 'NONE',  ( 11.61317278360641900, 58.86560042840874700, 16.87711550004202700 ) ) ;
#2076 = CARTESIAN_POINT ( 'NONE',  ( -11.23006281823254100, 58.93987860811392200, 15.75263143124036200 ) ) ;
#2077 = DIRECTION ( 'NONE',  ( -0.5100435470785176200, 0.4462881036937271200, -0.7353111644637397900 ) ) ;
#2078 = DIRECTION ( 'NONE',  ( 0.0000000000000000000, 0.0000000000000000000, 1.000000000000000000 ) ) ;
#2079 = DIRECTION ( 'NONE',  ( 0.0000000000000000000, -1.000000000000000000, 0.0000000000000000000 ) ) ;
#2080 = EDGE_LOOP ( 'NONE', ( #2888, #3706, #2798, #3018 ) ) ;
#2081 = CARTESIAN_POINT ( 'NONE',  ( -54.70399041923000300, 54.70399041923000300, 52.85976633066000100 ) ) ;
#2082 = AXIS2_PLACEMENT_3D ( 'NONE', #1364, #3783, #3311 ) ;
#2083 = ORIENTED_EDGE ( 'NONE', *, *, #1017, .T. ) ;
#2084 = FACE_OUTER_BOUND ( 'NONE', #2430, .T. ) ;
#2085 = AXIS2_PLACEMENT_3D ( 'NONE', #3145, #1659, #758 ) ;
#2086 = PRODUCT_DEFINITION_CONTEXT ( 'detailed design', #2786, 'design' ) ;
#2087 = CARTESIAN_POINT ( 'NONE',  ( -57.50000000000000700, -70.00000000000028400, 34.87191684188870500 ) ) ;
#2088 = ORIENTED_EDGE ( 'NONE', *, *, #1967, .F. ) ;
#2089 = CARTESIAN_POINT ( 'NONE',  ( 0.3923630014877534400, 60.00000000000001400, 7.999999999999996400 ) ) ;
#2090 = CARTESIAN_POINT ( 'NONE',  ( -12.00032454427055700, 58.78768757949819000, 20.38742567617076100 ) ) ;
#2091 = CARTESIAN_POINT ( 'NONE',  ( 79.04194507450041800, -61.34069410451337500, 21.46556248799881700 ) ) ;
#2092 = PLANE ( 'NONE',  #680 ) ;
#2093 = CARTESIAN_POINT ( 'NONE',  ( 61.51757065843000300, 80.77637570065999700, 18.80000000000000100 ) ) ;
#2094 = EDGE_CURVE ( 'NONE', #2126, #3434, #2889, .T. ) ;
#2095 = CARTESIAN_POINT ( 'NONE',  ( 57.50279009368885100, -70.40378500525032700, 34.31221210923860100 ) ) ;
#2096 = DIRECTION ( 'NONE',  ( -1.000000000000000000, 0.0000000000000000000, 0.0000000000000000000 ) ) ;
#2097 = CIRCLE ( 'NONE', #1538, 27.50000000000000000 ) ;
#2098 = CARTESIAN_POINT ( 'NONE',  ( 80.58289156524999400, -8.653175558324999600, 18.80000000000000100 ) ) ;
#2099 = EDGE_CURVE ( 'NONE', #2701, #3671, #3153, .T. ) ;
#2100 = ORIENTED_EDGE ( 'NONE', *, *, #3697, .T. ) ;
#2101 = CARTESIAN_POINT ( 'NONE',  ( 62.75190543377877400, -59.81185196053733900, 42.86824708500333300 ) ) ;
#2102 = PLANE ( 'NONE',  #2353 ) ;
#2103 = CYLINDRICAL_SURFACE ( 'NONE', #1622, 3.500000000000000000 ) ;
#2104 = DIRECTION ( 'NONE',  ( 0.0000000000000000000, 0.0000000000000000000, 1.000000000000000000 ) ) ;
#2105 = DIRECTION ( 'NONE',  ( 0.0000000000000000000, 0.0000000000000000000, 1.000000000000000000 ) ) ;
#2106 = CARTESIAN_POINT ( 'NONE',  ( -3.450864966690319100, 1.958479466702047100, -4.000000000000000000 ) ) ;
#2107 = DIRECTION ( 'NONE',  ( 0.0000000000000000000, 0.0000000000000000000, 1.000000000000000000 ) ) ;
#2108 = CARTESIAN_POINT ( 'NONE',  ( 52.49547664373000100, 80.72654725805000500, 18.80000000000000100 ) ) ;
#2109 = CARTESIAN_POINT ( 'NONE',  ( 59.26230357340514800, -76.43223369518504700, 25.45894899320783700 ) ) ;
#2110 = ORIENTED_EDGE ( 'NONE', *, *, #3426, .F. ) ;
#2111 = VERTEX_POINT ( 'NONE', #1034 ) ;
#2112 = CARTESIAN_POINT ( 'NONE',  ( 80.00000000000000000, -80.00000000000000000, 20.00000000000000000 ) ) ;
#2113 = CARTESIAN_POINT ( 'NONE',  ( 16.24274777876577500, 74.14445629224593400, 31.73822200989502600 ) ) ;
#2114 = ORIENTED_EDGE ( 'NONE', *, *, #1423, .T. ) ;
#2115 = VECTOR ( 'NONE', #1940, 1000.000000000000000 ) ;
#2116 = CARTESIAN_POINT ( 'NONE',  ( 48.30201920154934900, -16.86700747589631500, 80.00000000000014200 ) ) ;
#2117 = ADVANCED_FACE ( 'NONE', ( #865 ), #2722, .T. ) ;
#2118 = CARTESIAN_POINT ( 'NONE',  ( 34.99999999999997200, 2.844946500601963600E-013, 80.00000000000004300 ) ) ;
#2119 = ORIENTED_EDGE ( 'NONE', *, *, #1841, .F. ) ;
#2120 = CARTESIAN_POINT ( 'NONE',  ( 58.16297782042453700, -65.96393521539693000, 40.16033215937800800 ) ) ;
#2121 = EDGE_CURVE ( 'NONE', #502, #120, #3239, .T. ) ;
#2122 = EDGE_CURVE ( 'NONE', #3820, #3420, #2951, .T. ) ;
#2123 = CARTESIAN_POINT ( 'NONE',  ( 19.08811257591754900, 76.93114870968780400, 26.10314656020915100 ) ) ;
#2124 = VERTEX_POINT ( 'NONE', #3582 ) ;
#2125 = CARTESIAN_POINT ( 'NONE',  ( -8.640437455651444100, 71.18779711917405000, 38.05005732979137200 ) ) ;
#2126 = VERTEX_POINT ( 'NONE', #3823 ) ;
#2127 = CARTESIAN_POINT ( 'NONE',  ( -69.34533378615000700, -30.37262943109999800, 39.60000000000000100 ) ) ;
#2128 = LINE ( 'NONE', #66, #3635 ) ;
#2129 = CARTESIAN_POINT ( 'NONE',  ( -2.091914278724270400, 3.484341112677378200, -3.917157287525381700 ) ) ;
#2130 = CARTESIAN_POINT ( 'NONE',  ( -80.00000000000000000, -80.00000000000000000, 20.00000000000000000 ) ) ;
#2131 = CARTESIAN_POINT ( 'NONE',  ( 30.41835546372000100, -39.70551064328000000, 81.20000000000000300 ) ) ;
#2132 = CARTESIAN_POINT ( 'NONE',  ( -70.00000000000000000, 70.00000000000000000, 0.0000000000000000000 ) ) ;
#2133 = LINE ( 'NONE', #3870, #3627 ) ;
#2134 = DIRECTION ( 'NONE',  ( 0.5000000000000167600, 0.8660254037844289400, 0.0000000000000000000 ) ) ;
#2135 = AXIS2_PLACEMENT_3D ( 'NONE', #1037, #294, #1336 ) ;
#2136 = ADVANCED_FACE ( 'NONE', ( #2360 ), #3040, .F. ) ;
#2137 = AXIS2_PLACEMENT_3D ( 'NONE', #3516, #3121, #1506 ) ;
#2138 = CARTESIAN_POINT ( 'NONE',  ( 5.483291780819588000, 70.64309945295073600, 39.28290793316010400 ) ) ;
#2139 = CARTESIAN_POINT ( 'NONE',  ( 0.3207997050046447800, 3.284683894296335900, -3.999999778583665000 ) ) ;
#2140 = FACE_BOUND ( 'NONE', #3176, .T. ) ;
#2141 = DIRECTION ( 'NONE',  ( 0.0000000000000000000, 0.0000000000000000000, -1.000000000000000000 ) ) ;
#2142 = CARTESIAN_POINT ( 'NONE',  ( 37.88750121561999900, -33.02253715681001000, 80.80614555453000500 ) ) ;
#2143 = CARTESIAN_POINT ( 'NONE',  ( 33.17708199553000300, -37.24920519535999800, 81.20000000000000300 ) ) ;
#2144 = EDGE_CURVE ( 'NONE', #3434, #3233, #151, .T. ) ;
#2145 = CARTESIAN_POINT ( 'NONE',  ( 70.00000000000000000, 70.00000000000000000, 0.0000000000000000000 ) ) ;
#2146 = ORIENTED_EDGE ( 'NONE', *, *, #2445, .T. ) ;
#2147 = CARTESIAN_POINT ( 'NONE',  ( -0.02485788907802096600, 3.299907994249688900, -4.000000000000000000 ) ) ;
#2148 = CIRCLE ( 'NONE', #2962, 12.49999999999999600 ) ;
#2149 = CARTESIAN_POINT ( 'NONE',  ( 0.6278651729299756800, 3.240190259565644700, -3.999999474035218900 ) ) ;
#2150 = CARTESIAN_POINT ( 'NONE',  ( -1.564568969560225800, 59.98461021443085900, 8.076230873889130600 ) ) ;
#2151 = ADVANCED_FACE ( 'NONE', ( #49 ), #1030, .F. ) ;
#2152 = CARTESIAN_POINT ( 'NONE',  ( -33.33603015500000300, 37.09794659208999700, 81.20000000000000300 ) ) ;
#2153 = CARTESIAN_POINT ( 'NONE',  ( 56.65844293619000600, -66.59305300802999700, 39.60000000000000100 ) ) ;
#2154 = AXIS2_PLACEMENT_3D ( 'NONE', #457, #2550, #982 ) ;
#2155 = FACE_OUTER_BOUND ( 'NONE', #3415, .T. ) ;
#2156 = AXIS2_PLACEMENT_3D ( 'NONE', #627, #2719, #3353 ) ;
#2157 = CARTESIAN_POINT ( 'NONE',  ( 69.85305371187999400, 23.10659126000999900, 39.60000000000000100 ) ) ;
#2158 = VERTEX_POINT ( 'NONE', #3804 ) ;
#2159 = VECTOR ( 'NONE', #3559, 1000.000000000000000 ) ;
#2160 = DIRECTION ( 'NONE',  ( 0.0000000000000000000, 0.0000000000000000000, 1.000000000000000000 ) ) ;
#2161 = CARTESIAN_POINT ( 'NONE',  ( 33.49677597422000000, 37.45764441015000300, 80.80614555453000500 ) ) ;
#2162 = CARTESIAN_POINT ( 'NONE',  ( 1.813612049025067800, 2.757835229138499300, -3.999998680841558900 ) ) ;
#2163 = CARTESIAN_POINT ( 'NONE',  ( -33.58373500129173600, -38.38141143005029200, 79.99999999999998600 ) ) ;
#2164 = EDGE_CURVE ( 'NONE', #1512, #2256, #242, .T. ) ;
#2165 = ORIENTED_EDGE ( 'NONE', *, *, #3339, .F. ) ;
#2166 = CARTESIAN_POINT ( 'NONE',  ( -43.67263709774536600, 26.46729574821748800, 80.00000000000001400 ) ) ;
#2167 = CARTESIAN_POINT ( 'NONE',  ( -71.67269000576999400, -80.83822589731001100, 18.80000000000000100 ) ) ;
#2168 = CARTESIAN_POINT ( 'NONE',  ( 70.00000000000000000, 70.00000000000000000, 0.0000000000000000000 ) ) ;
#2169 = ORIENTED_EDGE ( 'NONE', *, *, #1967, .T. ) ;
#2170 = EDGE_CURVE ( 'NONE', #452, #1131, #2562, .T. ) ;
#2171 = EDGE_LOOP ( 'NONE', ( #2029, #595, #1074, #1898 ) ) ;
#2172 = CARTESIAN_POINT ( 'NONE',  ( 80.00000000000000000, 80.00000000000000000, 20.00000000000000000 ) ) ;
#2173 = CARTESIAN_POINT ( 'NONE',  ( 58.65669292905001000, -21.66025328545000100, 60.40000000000000600 ) ) ;
#2174 = ORIENTED_EDGE ( 'NONE', *, *, #222, .F. ) ;
#2175 = ORIENTED_EDGE ( 'NONE', *, *, #169, .F. ) ;
#2176 = ADVANCED_FACE ( 'NONE', ( #2462, #2646 ), #1401, .T. ) ;
#2177 = EDGE_LOOP ( 'NONE', ( #768, #873, #1741, #2601 ) ) ;
#2178 = DIRECTION ( 'NONE',  ( -0.5000000000000699400, -0.8660254037843983000, 0.0000000000000000000 ) ) ;
#2179 = DIRECTION ( 'NONE',  ( -0.0000000000000000000, -0.0000000000000000000, -1.000000000000000000 ) ) ;
#2180 = VECTOR ( 'NONE', #2459, 1000.000000000000000 ) ;
#2181 = CARTESIAN_POINT ( 'NONE',  ( 59.81185196053732500, 62.75190543377875900, 42.86824708500334700 ) ) ;
#2182 = CARTESIAN_POINT ( 'NONE',  ( -4.955311409912758900, 59.79611896307108800, 9.063938652435576100 ) ) ;
#2183 = CARTESIAN_POINT ( 'NONE',  ( -34.80311838795999800, -55.53957564582000100, 60.40000000000000600 ) ) ;
#2184 = CARTESIAN_POINT ( 'NONE',  ( -76.42720530284614700, 59.25973757359524500, 25.46655566301717900 ) ) ;
#2185 = CARTESIAN_POINT ( 'NONE',  ( 57.24133914504000100, 49.92402747740000300, 52.85976633066000100 ) ) ;
#2186 = UNCERTAINTY_MEASURE_WITH_UNIT (LENGTH_MEASURE( 1.000000000000000100E-005 ), #1610, 'distance_accuracy_value', 'NONE');
#2187 = ORIENTED_EDGE ( 'NONE', *, *, #357, .F. ) ;
#2188 = EDGE_CURVE ( 'NONE', #1312, #1079, #344, .T. ) ;
#2189 = CYLINDRICAL_SURFACE ( 'NONE', #3111, 12.00000000000000000 ) ;
#2190 = CARTESIAN_POINT ( 'NONE',  ( -70.00000000000000000, 80.00000000000000000, 20.00000000000000000 ) ) ;
#2191 = ORIENTED_EDGE ( 'NONE', *, *, #638, .T. ) ;
#2192 = CARTESIAN_POINT ( 'NONE',  ( 37.99049656455601800, 34.03049484755960900, 79.99999999999998600 ) ) ;
#2193 = CARTESIAN_POINT ( 'NONE',  ( 60.00000000000000000, 7.347880794884118400E-015, 0.0000000000000000000 ) ) ;
#2194 = CARTESIAN_POINT ( 'NONE',  ( -7.306137728237000100, -70.47943776760000400, 39.60000000000000100 ) ) ;
#2195 = DIRECTION ( 'NONE',  ( 0.0000000000000000000, 0.0000000000000000000, -1.000000000000000000 ) ) ;
#2196 = ORIENTED_EDGE ( 'NONE', *, *, #2797, .T. ) ;
#2197 = STYLED_ITEM ( 'NONE', ( #2305 ), #130 ) ;
#2198 = CIRCLE ( 'NONE', #1407, 2.149999999999999000 ) ;
#2199 = DIRECTION ( 'NONE',  ( 0.0000000000000000000, 0.0000000000000000000, -1.000000000000000000 ) ) ;
#2200 = ORIENTED_EDGE ( 'NONE', *, *, #3535, .F. ) ;
#2201 = CONICAL_SURFACE ( 'NONE', #2941, 2.000000000009549700, 0.7853981632553398400 ) ;
#2202 = CARTESIAN_POINT ( 'NONE',  ( -57.50000000000000700, 69.40485025830530200, 35.69538106523950900 ) ) ;
#2203 = CARTESIAN_POINT ( 'NONE',  ( 36.06881985773505100, -36.06881985773505100, 79.99999999999998600 ) ) ;
#2204 = CARTESIAN_POINT ( 'NONE',  ( 58.04774345251917100, 66.34027823144948900, 39.69272227325493000 ) ) ;
#2205 = CARTESIAN_POINT ( 'NONE',  ( 0.0000000000000000000, 31.00000000000000000, 67.20000000000000300 ) ) ;
#2206 = DIRECTION ( 'NONE',  ( 1.000000000000000000, 0.0000000000000000000, 0.0000000000000000000 ) ) ;
#2207 = FACE_OUTER_BOUND ( 'NONE', #1979, .T. ) ;
#2208 = FACE_OUTER_BOUND ( 'NONE', #1729, .T. ) ;
#2209 = CARTESIAN_POINT ( 'NONE',  ( 70.00000000000000000, 80.00000000000000000, 20.00000000000000000 ) ) ;
#2210 = PLANE ( 'NONE',  #2609 ) ;
#2211 = AXIS2_PLACEMENT_3D ( 'NONE', #347, #691, #2491 ) ;
#2212 = LINE ( 'NONE', #584, #2159 ) ;
#2213 = AXIS2_PLACEMENT_3D ( 'NONE', #3209, #998, #2811 ) ;
#2214 = DIRECTION ( 'NONE',  ( -1.000000000000000000, 0.0000000000000000000, 0.0000000000000000000 ) ) ;
#2215 = ORIENTED_EDGE ( 'NONE', *, *, #1442, .F. ) ;
#2216 = EDGE_LOOP ( 'NONE', ( #3269, #2001, #1039, #1092, #3483, #2146, #1486 ) ) ;
#2217 = CARTESIAN_POINT ( 'NONE',  ( -0.8660254037843999600, -1.500000000000000000, -4.000000000000000000 ) ) ;
#2218 = CARTESIAN_POINT ( 'NONE',  ( -66.34027823144948900, 58.04774345251917100, 39.69272227325493000 ) ) ;
#2219 = CARTESIAN_POINT ( 'NONE',  ( -67.66042336751999600, -47.86226395399999900, 39.60000000000000100 ) ) ;
#2220 = EDGE_CURVE ( 'NONE', #3571, #1706, #501, .T. ) ;
#2221 = VERTEX_POINT ( 'NONE', #1959 ) ;
#2222 = CARTESIAN_POINT ( 'NONE',  ( -58.65669292905001000, 21.66025328545000100, 60.40000000000000600 ) ) ;
#2223 = CARTESIAN_POINT ( 'NONE',  ( 70.00000000000000000, -70.00000000000000000, 0.0000000000000000000 ) ) ;
#2224 = DIRECTION ( 'NONE',  ( 0.007532690215192006400, -0.9999716288866009600, 0.0000000000000000000 ) ) ;
#2225 = VERTEX_POINT ( 'NONE', #320 ) ;
#2226 = VECTOR ( 'NONE', #1281, 1000.000000000000000 ) ;
#2227 = APPLICATION_PROTOCOL_DEFINITION ( 'draft international standard', 'automotive_design', 1998, #2847 ) ;
#2228 = CARTESIAN_POINT ( 'NONE',  ( 46.50817814338999800, 43.42414940412000100, 66.83295594259999500 ) ) ;
#2229 =( LENGTH_UNIT ( ) NAMED_UNIT ( * ) SI_UNIT ( .MILLI., .METRE. ) );
#2230 = CARTESIAN_POINT ( 'NONE',  ( 3.500000000000000000, 4.286263797015736600E-016, 0.0000000000000000000 ) ) ;
#2231 = DIRECTION ( 'NONE',  ( 0.0000000000000000000, 0.0000000000000000000, -1.000000000000000000 ) ) ;
#2232 = STYLED_ITEM ( 'NONE', ( #2861 ), #3865 ) ;
#2233 = DIRECTION ( 'NONE',  ( 0.0000000000000000000, 0.0000000000000000000, -1.000000000000000000 ) ) ;
#2234 = ORIENTED_EDGE ( 'NONE', *, *, #586, .T. ) ;
#2235 = CARTESIAN_POINT ( 'NONE',  ( 74.25000000000001400, 70.00000000000000000, 0.0000000000000000000 ) ) ;
#2236 = AXIS2_PLACEMENT_3D ( 'NONE', #1897, #1586, #1064 ) ;
#2237 = CYLINDRICAL_SURFACE ( 'NONE', #1858, 2.000000000000000000 ) ;
#2238 = CARTESIAN_POINT ( 'NONE',  ( 5.959099898149000700, 60.37598396995999700, 60.40000000000000600 ) ) ;
#2239 = CARTESIAN_POINT ( 'NONE',  ( -1.984670597493694100E-014, 60.00000000000000000, 8.000000000000000000 ) ) ;
#2240 = ORIENTED_EDGE ( 'NONE', *, *, #1202, .T. ) ;
#2241 = CARTESIAN_POINT ( 'NONE',  ( -60.94150385326283700, -61.38100009056518800, 43.27759183665060000 ) ) ;
#2242 = CARTESIAN_POINT ( 'NONE',  ( -58.65256956632920500, 64.75191899100140300, 41.42542169598587500 ) ) ;
#2243 = FACE_OUTER_BOUND ( 'NONE', #2957, .T. ) ;
#2244 = ORIENTED_EDGE ( 'NONE', *, *, #1866, .T. ) ;
#2245 = CONICAL_SURFACE ( 'NONE', #209, 34.99999999999997200, 0.7853981633972956200 ) ;
#2246 = DIRECTION ( 'NONE',  ( -1.000000000000000000, 0.0000000000000000000, 0.0000000000000000000 ) ) ;
#2247 = EDGE_CURVE ( 'NONE', #3117, #3886, #1943, .T. ) ;
#2248 = CARTESIAN_POINT ( 'NONE',  ( 47.23836160959000100, -42.14738863518999800, 66.83295594259999500 ) ) ;
#2249 = LINE ( 'NONE', #2698, #3887 ) ;
#2250 = DIRECTION ( 'NONE',  ( 1.000000000000000000, 0.0000000000000000000, 0.0000000000000000000 ) ) ;
#2251 = ORIENTED_EDGE ( 'NONE', *, *, #1989, .F. ) ;
#2252 = ORIENTED_EDGE ( 'NONE', *, *, #1435, .F. ) ;
#2253 = CYLINDRICAL_SURFACE ( 'NONE', #2280, 2.149999999999999900 ) ;
#2254 = CARTESIAN_POINT ( 'NONE',  ( -64.96053453269483700, -58.55872315620007400, 41.22586100793989100 ) ) ;
#2255 = CARTESIAN_POINT ( 'NONE',  ( 3.299189422970041800, 0.2193959165804501000, -3.999999999969198400 ) ) ;
#2256 = VERTEX_POINT ( 'NONE', #346 ) ;
#2257 = CARTESIAN_POINT ( 'NONE',  ( -1.575690877435258900, 59.98060667643627400, 31.90271571441554600 ) ) ;
#2258 = FILL_AREA_STYLE_COLOUR ( '', #3325 ) ;
#2259 = ORIENTED_EDGE ( 'NONE', *, *, #1139, .T. ) ;
#2260 = AXIS2_PLACEMENT_3D ( 'NONE', #1730, #99, #108 ) ;
#2261 = EDGE_CURVE ( 'NONE', #1157, #2268, #1125, .T. ) ;
#2262 = DIRECTION ( 'NONE',  ( 0.0000000000000000000, 0.0000000000000000000, -1.000000000000000000 ) ) ;
#2263 = ORIENTED_EDGE ( 'NONE', *, *, #1158, .T. ) ;
#2264 = DIRECTION ( 'NONE',  ( -1.000000000000000000, 0.0000000000000000000, 0.0000000000000000000 ) ) ;
#2265 = DIRECTION ( 'NONE',  ( 0.0000000000000000000, 0.0000000000000000000, -1.000000000000000000 ) ) ;
#2266 = CARTESIAN_POINT ( 'NONE',  ( 2.981398600180019500, 1.432322300384014400, -4.000000000022458500 ) ) ;
#2267 = EDGE_LOOP ( 'NONE', ( #2765, #979, #3715, #1656, #3528, #2023, #1502, #1167, #939, #620 ) ) ;
#2268 = VERTEX_POINT ( 'NONE', #3375 ) ;
#2269 = EDGE_CURVE ( 'NONE', #1023, #3230, #3424, .T. ) ;
#2270 = CARTESIAN_POINT ( 'NONE',  ( 0.8660254037843999600, 1.500000000000000000, -4.000000000000000000 ) ) ;
#2271 = CARTESIAN_POINT ( 'NONE',  ( -37.22665080293342000, 34.87274480919886300, 80.00000000000011400 ) ) ;
#2272 = VECTOR ( 'NONE', #1804, 1000.000000000000000 ) ;
#2273 = PRODUCT_DEFINITION_SHAPE ( 'NONE', 'NONE',  #3919 ) ;
#2274 = DIRECTION ( 'NONE',  ( 0.0000000000000000000, 0.0000000000000000000, -1.000000000000000000 ) ) ;
#2275 = CARTESIAN_POINT ( 'NONE',  ( -80.00000000000000000, 70.00000000000000000, 20.00000000000000000 ) ) ;
#2276 = CARTESIAN_POINT ( 'NONE',  ( -74.25000000000001400, 70.00000000000000000, 20.00000000000000000 ) ) ;
#2277 = CARTESIAN_POINT ( 'NONE',  ( 2.346030749364486700, 2.320970243312447100, -3.999999977322656400 ) ) ;
#2278 = FACE_OUTER_BOUND ( 'NONE', #1237, .T. ) ;
#2279 = CARTESIAN_POINT ( 'NONE',  ( 59.19070571502658100, 51.79186750064922500, 50.00000000000000000 ) ) ;
#2280 = AXIS2_PLACEMENT_3D ( 'NONE', #3563, #61, #2381 ) ;
#2281 = ORIENTED_EDGE ( 'NONE', *, *, #453, .F. ) ;
#2282 = CARTESIAN_POINT ( 'NONE',  ( -0.02485788907802096600, 3.299907994249688900, -4.000000000000000000 ) ) ;
#2283 = CARTESIAN_POINT ( 'NONE',  ( 33.17572534680999800, 37.25047923713000100, 81.20000000000000300 ) ) ;
#2284 = CARTESIAN_POINT ( 'NONE',  ( 21.92031021677999900, 21.92031021677999900, 67.20000000000000300 ) ) ;
#2285 = ORIENTED_EDGE ( 'NONE', *, *, #629, .T. ) ;
#2286 = DIRECTION ( 'NONE',  ( -0.0000000000000000000, -0.0000000000000000000, 1.000000000000000000 ) ) ;
#2287 = EDGE_CURVE ( 'NONE', #1375, #2370, #2034, .T. ) ;
#2288 = ORIENTED_EDGE ( 'NONE', *, *, #1393, .T. ) ;
#2289 = CARTESIAN_POINT ( 'NONE',  ( 2.082644955463464100, 2.560303483559204500, -3.999999625847695300 ) ) ;
#2290 = FACE_BOUND ( 'NONE', #801, .T. ) ;
#2291 = ADVANCED_FACE ( 'NONE', ( #3524 ), #2497, .T. ) ;
#2292 = CARTESIAN_POINT ( 'NONE',  ( -3.122115267870914300, 59.92367057808107900, 31.61331453079783300 ) ) ;
#2293 = EDGE_CURVE ( 'NONE', #1615, #2395, #538, .T. ) ;
#2294 = FACE_OUTER_BOUND ( 'NONE', #2511, .T. ) ;
#2295 = ORIENTED_EDGE ( 'NONE', *, *, #2587, .T. ) ;
#2296 = FACE_OUTER_BOUND ( 'NONE', #2407, .T. ) ;
#2297 = CARTESIAN_POINT ( 'NONE',  ( -33.17708199553000300, 37.24920519535999800, 81.20000000000000300 ) ) ;
#2298 = DIRECTION ( 'NONE',  ( 1.000000000000000000, 0.0000000000000000000, 0.0000000000000000000 ) ) ;
#2299 = CARTESIAN_POINT ( 'NONE',  ( -57.50000000000002800, 70.46276265701853000, 34.23172130743740400 ) ) ;
#2300 = B_SPLINE_CURVE_WITH_KNOTS ( 'NONE', 3,
 ( #2420, #2120, #35, #2983, #883, #277, #1163, #2378, #585, #3518, #3834, #1419, #1734, #233, #3905, #1351, #3893, #306, #1488, #2101, #719, #2748, #367, #2479, #1503, #1684, #2564, #146 ),
 .UNSPECIFIED., .F., .F.,
 ( 4, 2, 2, 2, 2, 2, 2, 2, 2, 2, 2, 2, 2, 4 ),
 ( 2.899428255234173600E-016, 0.001819040584310376600, 0.002728560876465420300, 0.003638081168620463600, 0.004547601460775506400, 0.005457121752930550000, 0.006366642045085593700, 0.007276162337240636500, 0.008185682629395679400, 0.009095202921550723000, 0.01000472321370575100, 0.01091424350586077700, 0.01273328409017082500, 0.01455232467448087400 ),
 .UNSPECIFIED. ) ;
#2301 = CARTESIAN_POINT ( 'NONE',  ( 5.321457848768129200, 59.76456410109077700, 9.237264001165208100 ) ) ;
#2302 = ORIENTED_EDGE ( 'NONE', *, *, #3070, .T. ) ;
#2303 = CARTESIAN_POINT ( 'NONE',  ( -1.732050807569000200, 0.0000000000000000000, -4.000000000000000000 ) ) ;
#2304 = CARTESIAN_POINT ( 'NONE',  ( 66.26012668635000600, 59.21377306094999700, 39.60000000000000100 ) ) ;
#2305 = PRESENTATION_STYLE_ASSIGNMENT (( #3152 ) ) ;
#2306 = ORIENTED_EDGE ( 'NONE', *, *, #3564, .T. ) ;
#2307 = ADVANCED_FACE ( 'NONE', ( #2738 ), #3729, .F. ) ;
#2308 = VERTEX_POINT ( 'NONE', #1284 ) ;
#2309 = EDGE_LOOP ( 'NONE', ( #3285, #3300, #3236, #2007 ) ) ;
#2310 = CARTESIAN_POINT ( 'NONE',  ( -58.03834106941000900, -24.50311473511000000, 60.40000000000000600 ) ) ;
#2311 = EDGE_LOOP ( 'NONE', ( #3461, #1814, #702, #1655 ) ) ;
#2312 = CARTESIAN_POINT ( 'NONE',  ( 0.4092974357605946900, -3.297111032576219600, -3.999999998383595200 ) ) ;
#2313 = VECTOR ( 'NONE', #1761, 1000.000000000000000 ) ;
#2314 = CARTESIAN_POINT ( 'NONE',  ( 57.68827350714887800, 72.18206655440359000, 31.78385691620922400 ) ) ;
#2315 = CARTESIAN_POINT ( 'NONE',  ( 80.84121673349000000, 72.15264451392999900, 18.80000000000000100 ) ) ;
#2316 = EDGE_CURVE ( 'NONE', #3205, #1164, #2933, .T. ) ;
#2317 = CIRCLE ( 'NONE', #1755, 2.149999999999999000 ) ;
#2318 = CARTESIAN_POINT ( 'NONE',  ( -11.38568025179803700, 58.91060901413516900, 23.87071518166314400 ) ) ;
#2319 = EDGE_LOOP ( 'NONE', ( #3854, #2405, #2350, #3435 ) ) ;
#2320 = CARTESIAN_POINT ( 'NONE',  ( 74.25000000000001400, -70.00000000000000000, 0.0000000000000000000 ) ) ;
#2321 = CARTESIAN_POINT ( 'NONE',  ( 1.640359372416540800, -2.864105478343636200, -3.999999136740948200 ) ) ;
#2322 = ORIENTED_EDGE ( 'NONE', *, *, #1315, .T. ) ;
#2323 = PLANE ( 'NONE',  #321 ) ;
#2324 = CARTESIAN_POINT ( 'NONE',  ( 2.026527647067760900, 2.605926656379255600, -3.999999391423183500 ) ) ;
#2325 = CARTESIAN_POINT ( 'NONE',  ( -61.57406936065999800, -66.20774637620000600, 38.88657671872000100 ) ) ;
#2326 = ORIENTED_EDGE ( 'NONE', *, *, #1785, .T. ) ;
#2327 = CARTESIAN_POINT ( 'NONE',  ( -50.27253017230999900, 4.612062068061000300, 81.20000000000000300 ) ) ;
#2328 = AXIS2_PLACEMENT_3D ( 'NONE', #3389, #1262, #973 ) ;
#2329 = CARTESIAN_POINT ( 'NONE',  ( 0.02572994347849709800, -3.415673916798164000, -4.001508575632189300 ) ) ;
#2330 = PRESENTATION_LAYER_ASSIGNMENT (  '', '', ( #3840 ) ) ;
#2331 = VERTEX_POINT ( 'NONE', #1870 ) ;
#2332 = CARTESIAN_POINT ( 'NONE',  ( -76.43223369518504700, -59.26230357340514800, 25.45894899320783700 ) ) ;
#2333 = LINE ( 'NONE', #3521, #69 ) ;
#2334 = DIRECTION ( 'NONE',  ( -1.000000000000000000, 0.0000000000000000000, 0.0000000000000000000 ) ) ;
#2335 = CARTESIAN_POINT ( 'NONE',  ( 22.06702114807000500, 45.17016296447999900, 81.20000000000000300 ) ) ;
#2336 = CARTESIAN_POINT ( 'NONE',  ( 2.589809763171467200, -2.045728023471236500, -3.999999919106282900 ) ) ;
#2337 = LINE ( 'NONE', #2503, #1633 ) ;
#2338 = EDGE_CURVE ( 'NONE', #599, #1159, #2133, .T. ) ;
#2339 = VERTEX_POINT ( 'NONE', #2217 ) ;
#2340 = CARTESIAN_POINT ( 'NONE',  ( -45.10964517965000200, -45.10964517965000200, 66.83295594259999500 ) ) ;
#2341 = LINE ( 'NONE', #1649, #2392 ) ;
#2342 = CARTESIAN_POINT ( 'NONE',  ( 6.857077777074820800, -3.364214029841168700, -4.001508575632190200 ) ) ;
#2343 = EDGE_LOOP ( 'NONE', ( #1868, #2240 ) ) ;
#2344 = CARTESIAN_POINT ( 'NONE',  ( 40.49559866988389000, 31.06042358874157800, 80.00000000000014200 ) ) ;
#2345 = APPLICATION_PROTOCOL_DEFINITION ( 'draft international standard', 'automotive_design', 1998, #1922 ) ;
#2346 = CARTESIAN_POINT ( 'NONE',  ( 42.14773870844000200, -47.23816140161000000, 66.83295594259999500 ) ) ;
#2347 = CARTESIAN_POINT ( 'NONE',  ( 2.894679627820700300, -1.585752831154962900, -3.999999276369101700 ) ) ;
#2348 = CARTESIAN_POINT ( 'NONE',  ( -58.84708936925383000, -64.33217087581415700, 41.81618042981936900 ) ) ;
#2349 = CARTESIAN_POINT ( 'NONE',  ( 3.299994695485450000, -0.007448863834483377400, -3.999999999999021700 ) ) ;
#2350 = ORIENTED_EDGE ( 'NONE', *, *, #3096, .T. ) ;
#2351 = AXIS2_PLACEMENT_3D ( 'NONE', #1278, #1463, #1902 ) ;
#2352 = CARTESIAN_POINT ( 'NONE',  ( 38.13749204546999700, 32.23066947337999700, 81.20000000000000300 ) ) ;
#2353 = AXIS2_PLACEMENT_3D ( 'NONE', #2956, #534, #558 ) ;
#2354 = CARTESIAN_POINT ( 'NONE',  ( -38.38141143005102400, 33.58373500129091100, 80.00000000000001400 ) ) ;
#2355 = VERTEX_POINT ( 'NONE', #2977 ) ;
#2356 = ORIENTED_EDGE ( 'NONE', *, *, #536, .F. ) ;
#2357 = CARTESIAN_POINT ( 'NONE',  ( 37.24920519535999800, 33.17708199553000300, 81.20000000000000300 ) ) ;
#2358 = CARTESIAN_POINT ( 'NONE',  ( 0.8660254037843999600, 1.500000000000000000, -4.000000000000000000 ) ) ;
#2359 = CARTESIAN_POINT ( 'NONE',  ( -6.339335747655072200, 59.66507921972084500, 9.803513242553920600 ) ) ;
#2360 = FACE_OUTER_BOUND ( 'NONE', #3361, .T. ) ;
#2361 = CARTESIAN_POINT ( 'NONE',  ( -21.92031021677999900, 21.92031021677999900, 72.20000000000000300 ) ) ;
#2362 = EDGE_CURVE ( 'NONE', #53, #1079, #3777, .T. ) ;
#2363 = CARTESIAN_POINT ( 'NONE',  ( 2.762900808613817400, -1.806870505139942700, -3.999998387195456300 ) ) ;
#2364 = CARTESIAN_POINT ( 'NONE',  ( 79.53421816478335400, 61.87895755304470700, 20.71062760199471600 ) ) ;
#2365 = DIRECTION ( 'NONE',  ( 0.0000000000000000000, -0.0000000000000000000, -1.000000000000000000 ) ) ;
#2366 = EDGE_CURVE ( 'NONE', #2003, #291, #2317, .T. ) ;
#2367 = EDGE_LOOP ( 'NONE', ( #1938, #725, #1915, #483 ) ) ;
#2368 = DIRECTION ( 'NONE',  ( -1.000000000000000000, 0.0000000000000000000, 0.0000000000000000000 ) ) ;
#2369 = ORIENTED_EDGE ( 'NONE', *, *, #3652, .T. ) ;
#2370 = VERTEX_POINT ( 'NONE', #388 ) ;
#2371 = CARTESIAN_POINT ( 'NONE',  ( 10.40801542041232300, 59.09203437856046300, 26.02387094051540800 ) ) ;
#2372 = CARTESIAN_POINT ( 'NONE',  ( -11.36468911371497500, 58.91398428727226400, 16.12709144133227600 ) ) ;
#2373 = CARTESIAN_POINT ( 'NONE',  ( -3.534524860037309100, 2.005959210154224500, -3.799999999999999400 ) ) ;
#2374 = DIRECTION ( 'NONE',  ( 1.000000000000000000, 0.0000000000000000000, -0.0000000000000000000 ) ) ;
#2375 = CARTESIAN_POINT ( 'NONE',  ( -18.73765394535000100, 59.08486581428000800, 60.40000000000000600 ) ) ;
#2376 = CARTESIAN_POINT ( 'NONE',  ( 0.0000000000000000000, 2.851176827116000000E-013, 79.49999999999995700 ) ) ;
#2377 = VECTOR ( 'NONE', #3370, 1000.000000000000000 ) ;
#2378 = CARTESIAN_POINT ( 'NONE',  ( 59.22443047080925300, -63.65949130182706000, 42.32338703351305000 ) ) ;
#2379 = CARTESIAN_POINT ( 'NONE',  ( -61.61043492139610600, 79.28184019911887500, 21.09790177150841100 ) ) ;
#2380 = ORIENTED_EDGE ( 'NONE', *, *, #3234, .T. ) ;
#2381 = DIRECTION ( 'NONE',  ( -1.000000000000000000, 0.0000000000000000000, 0.0000000000000000000 ) ) ;
#2382 = LINE ( 'NONE', #1549, #2991 ) ;
#2383 = EDGE_LOOP ( 'NONE', ( #2484, #3513, #2681, #2801 ) ) ;
#2384 = ORIENTED_EDGE ( 'NONE', *, *, #2645, .F. ) ;
#2385 = EDGE_CURVE ( 'NONE', #3690, #2489, #1311, .T. ) ;
#2386 = CARTESIAN_POINT ( 'NONE',  ( -41.47282077714000100, -47.56453757113000300, 66.83295594259999500 ) ) ;
#2387 = DIRECTION ( 'NONE',  ( 1.000000000000000000, 0.0000000000000000000, 0.0000000000000000000 ) ) ;
#2388 = CARTESIAN_POINT ( 'NONE',  ( -11.98095663058182600, 58.79165127442467300, 20.78366386822799300 ) ) ;
#2389 = LINE ( 'NONE', #3387, #3094 ) ;
#2390 = CARTESIAN_POINT ( 'NONE',  ( 77.49377481681060000, -59.97475466694650200, 23.83898451455407000 ) ) ;
#2391 = CARTESIAN_POINT ( 'NONE',  ( -62.03019017794918700, -79.64764263346185700, 20.53757737870077800 ) ) ;
#2392 = VECTOR ( 'NONE', #2141, 1000.000000000000000 ) ;
#2393 = CARTESIAN_POINT ( 'NONE',  ( -58.04774345251917100, -66.34027823144948900, 39.69272227325493000 ) ) ;
#2394 = CARTESIAN_POINT ( 'NONE',  ( 46.73134835266999700, 18.63360003912000100, 81.20000000000000300 ) ) ;
#2395 = VERTEX_POINT ( 'NONE', #2424 ) ;
#2396 = CARTESIAN_POINT ( 'NONE',  ( 1.732050807569000200, 0.0000000000000000000, -4.000000000000000000 ) ) ;
#2397 = CARTESIAN_POINT ( 'NONE',  ( 1.841962930510244500, 2.739008985254558900, -3.999998707594438300 ) ) ;
#2398 = EDGE_LOOP ( 'NONE', ( #1596, #1100, #3596, #374, #1075 ) ) ;
#2399 = CARTESIAN_POINT ( 'NONE',  ( -64.75563935324309700, 58.64472651849302300, 41.43359478515321100 ) ) ;
#2400 = EDGE_LOOP ( 'NONE', ( #1545, #2196 ) ) ;
#2401 = DIRECTION ( 'NONE',  ( -0.4462881036937271200, -0.5100435470785176200, -0.7353111644637397900 ) ) ;
#2402 = DIRECTION ( 'NONE',  ( -1.000000000000000000, 0.0000000000000000000, 0.0000000000000000000 ) ) ;
#2403 = CARTESIAN_POINT ( 'NONE',  ( -37.96893299458999800, 54.56536245141000300, 60.40000000000000600 ) ) ;
#2404 = CARTESIAN_POINT ( 'NONE',  ( 60.39844944433212200, -78.03369026573672300, 23.01141426949055100 ) ) ;
#2405 = ORIENTED_EDGE ( 'NONE', *, *, #3822, .T. ) ;
#2406 = CARTESIAN_POINT ( 'NONE',  ( 2.149999999999999900, 31.00000000000000000, 67.20000000000000300 ) ) ;
#2407 = EDGE_LOOP ( 'NONE', ( #211, #462, #942, #317 ) ) ;
#2408 = LINE ( 'NONE', #3293, #1707 ) ;
#2409 = ADVANCED_FACE ( 'NONE', ( #1709, #1408 ), #3693, .T. ) ;
#2410 = AXIS2_PLACEMENT_3D ( 'NONE', #2168, #55, #1867 ) ;
#2411 = DIRECTION ( 'NONE',  ( 0.0000000000000000000, 0.0000000000000000000, -1.000000000000000000 ) ) ;
#2412 = DIRECTION ( 'NONE',  ( 0.0000000000000000000, 0.0000000000000000000, -1.000000000000000000 ) ) ;
#2413 = CARTESIAN_POINT ( 'NONE',  ( -80.68293798109000600, 43.58992986388000200, 18.80000000000000100 ) ) ;
#2414 = CARTESIAN_POINT ( 'NONE',  ( -70.00000000000000000, -70.00000000000000000, 0.0000000000000000000 ) ) ;
#2415 = CARTESIAN_POINT ( 'NONE',  ( 24.07031021677999800, 21.92031021677999900, 67.20000000000000300 ) ) ;
#2416 = ORIENTED_EDGE ( 'NONE', *, *, #402, .T. ) ;
#2417 = CARTESIAN_POINT ( 'NONE',  ( 20.21087382626999900, 80.60004493198999900, 18.80000000000000100 ) ) ;
#2418 = CARTESIAN_POINT ( 'NONE',  ( 13.39450447007000000, -70.36136551994999900, 39.60000000000000100 ) ) ;
#2419 = EDGE_CURVE ( 'NONE', #2559, #3092, #94, .T. ) ;
#2420 = CARTESIAN_POINT ( 'NONE',  ( 58.04774345251976800, -66.34027823144764100, 39.69272227325815500 ) ) ;
#2421 = FACE_BOUND ( 'NONE', #1795, .T. ) ;
#2422 = ORIENTED_EDGE ( 'NONE', *, *, #1337, .T. ) ;
#2423 = DIRECTION ( 'NONE',  ( -1.000000000000000000, 0.0000000000000000000, 0.0000000000000000000 ) ) ;
#2424 = CARTESIAN_POINT ( 'NONE',  ( 24.07031021677999800, 21.92031021677999900, 72.20000000000000300 ) ) ;
#2425 = CARTESIAN_POINT ( 'NONE',  ( 0.6389546852650368500, 3.237987567984325700, -3.999999567357378700 ) ) ;
#2426 = CARTESIAN_POINT ( 'NONE',  ( -11.90301528671035700, 58.80748088841913600, 21.57342871671652100 ) ) ;
#2427 = CARTESIAN_POINT ( 'NONE',  ( -3.499496722688916400, -0.05935223575852736200, -3.917157287525381700 ) ) ;
#2428 = CARTESIAN_POINT ( 'NONE',  ( -44.44455620479000400, 52.36527252674999700, 60.40000000000000600 ) ) ;
#2429 = CARTESIAN_POINT ( 'NONE',  ( -67.62040050763663100, 57.71244012764041300, 38.07366230538322300 ) ) ;
#2430 = EDGE_LOOP ( 'NONE', ( #1680, #1797, #1070, #1190 ) ) ;
#2431 = VECTOR ( 'NONE', #1342, 1000.000000000000200 ) ;
#2432 = AXIS2_PLACEMENT_3D ( 'NONE', #2908, #3464, #313 ) ;
#2433 = AXIS2_PLACEMENT_3D ( 'NONE', #709, #2510, #1908 ) ;
#2434 = DIRECTION ( 'NONE',  ( 0.8660254037844289400, -0.5000000000000167600, 0.0000000000000000000 ) ) ;
#2435 = LINE ( 'NONE', #2230, #3046 ) ;
#2436 = CARTESIAN_POINT ( 'NONE',  ( 6.784351039876117500, 70.82566752503103700, 38.86399822836742900 ) ) ;
#2437 = DIRECTION ( 'NONE',  ( -1.000000000000000000, 0.0000000000000000000, 0.0000000000000000000 ) ) ;
#2438 = DIRECTION ( 'NONE',  ( -0.8660254037844289400, 0.5000000000000167600, 0.0000000000000000000 ) ) ;
#2439 = CIRCLE ( 'NONE', #2566, 2.149999999999999000 ) ;
#2440 = CIRCLE ( 'NONE', #138, 2.149999999999999000 ) ;
#2441 = DIRECTION ( 'NONE',  ( 0.0000000000000000000, 0.0000000000000000000, -1.000000000000000000 ) ) ;
#2442 = ORIENTED_EDGE ( 'NONE', *, *, #3162, .T. ) ;
#2443 = CARTESIAN_POINT ( 'NONE',  ( 16.57354344674000400, 47.66805958557999600, 81.20000000000000300 ) ) ;
#2444 = CARTESIAN_POINT ( 'NONE',  ( -70.70803992784637200, -57.51642091950290600, 33.88588090765571100 ) ) ;
#2445 = EDGE_CURVE ( 'NONE', #2629, #1061, #1696, .T. ) ;
#2446 = CARTESIAN_POINT ( 'NONE',  ( 6.339373075632870800, 59.66507525988085800, 30.19646364003937600 ) ) ;
#2447 = ORIENTED_EDGE ( 'NONE', *, *, #557, .T. ) ;
#2448 = ADVANCED_FACE ( 'NONE', ( #2917 ), #3897, .T. ) ;
#2449 = ITEM_DEFINED_TRANSFORMATION ( 'NONE', 'NONE', #644,  #1556 ) ;
#2450 = CARTESIAN_POINT ( 'NONE',  ( -65.75000000000000000, 70.00000000000000000, 0.0000000000000000000 ) ) ;
#2451 = CARTESIAN_POINT ( 'NONE',  ( -58.55872315620007400, 64.96053453269483700, 41.22586100793989100 ) ) ;
#2452 = EDGE_LOOP ( 'NONE', ( #1380, #3561 ) ) ;
#2453 = CARTESIAN_POINT ( 'NONE',  ( 1.115472810027726700, 3.107235866506496500, -3.999999999501458800 ) ) ;
#2454 = PRODUCT_RELATED_PRODUCT_CATEGORY ( 'part', '', ( #1279 ) ) ;
#2455 = ORIENTED_EDGE ( 'NONE', *, *, #1442, .T. ) ;
#2456 = CARTESIAN_POINT ( 'NONE',  ( -3.865298098078112400, 59.87655155057670000, 8.632765906619065200 ) ) ;
#2457 = ORIENTED_EDGE ( 'NONE', *, *, #3728, .T. ) ;
#2458 = CARTESIAN_POINT ( 'NONE',  ( 70.00000000000000000, -70.00000000000000000, 0.0000000000000000000 ) ) ;
#2459 = DIRECTION ( 'NONE',  ( 0.0000000000000000000, -1.000000000000000000, -0.0000000000000000000 ) ) ;
#2460 = CARTESIAN_POINT ( 'NONE',  ( 36.24214412709000000, -80.65232650289000600, 18.80000000000000100 ) ) ;
#2461 = CARTESIAN_POINT ( 'NONE',  ( 3.066166045195194200, -1.230774629467833900, -3.999999897506936600 ) ) ;
#2462 = FACE_BOUND ( 'NONE', #872, .T. ) ;
#2463 = CARTESIAN_POINT ( 'NONE',  ( 7.323046532564122300, 59.55508724298133000, 29.53913394919663200 ) ) ;
#2464 = AXIS2_PLACEMENT_3D ( 'NONE', #1028, #1666, #2334 ) ;
#2465 = AXIS2_PLACEMENT_3D ( 'NONE', #1890, #927, #3338 ) ;
#2466 = EDGE_CURVE ( 'NONE', #1312, #3689, #903, .T. ) ;
#2467 = ORIENTED_EDGE ( 'NONE', *, *, #785, .T. ) ;
#2468 = DIRECTION ( 'NONE',  ( 0.0000000000000000000, 0.0000000000000000000, -1.000000000000000000 ) ) ;
#2469 = CARTESIAN_POINT ( 'NONE',  ( 1.817356477799426400, 2.755365751936052800, -3.999998683131103800 ) ) ;
#2470 = CARTESIAN_POINT ( 'NONE',  ( -32.48801893695735300, -39.34016298634387000, 80.00000000000014200 ) ) ;
#2471 = CARTESIAN_POINT ( 'NONE',  ( 58.30251625822181400, 65.57118203761956500, 40.60654772777149900 ) ) ;
#2472 = CARTESIAN_POINT ( 'NONE',  ( -31.06042358874157800, 40.49559866988389000, 80.00000000000014200 ) ) ;
#2473 = ADVANCED_FACE ( 'NONE', ( #3508 ), #2000, .F. ) ;
#2474 = CARTESIAN_POINT ( 'NONE',  ( -39.34016298634442400, 32.48801893695684800, 80.00000000000001400 ) ) ;
#2475 = EDGE_CURVE ( 'NONE', #3760, #1547, #200, .T. ) ;
#2476 = ORIENTED_EDGE ( 'NONE', *, *, #1689, .F. ) ;
#2477 = CARTESIAN_POINT ( 'NONE',  ( 32.23066947337999700, -38.13749204546999700, 81.20000000000000300 ) ) ;
#2478 = CARTESIAN_POINT ( 'NONE',  ( 46.00804689979000300, 51.77972812385999600, 60.40000000000000600 ) ) ;
#2479 = CARTESIAN_POINT ( 'NONE',  ( 64.33217087581415700, -58.84708936925383000, 41.81618042981936900 ) ) ;
#2480 = ORIENTED_EDGE ( 'NONE', *, *, #2869, .T. ) ;
#2481 = B_SPLINE_CURVE_WITH_KNOTS ( 'NONE', 3,
 ( #2087, #3007, #3289, #549, #908, #3019, #1193, #310, #1807, #1175, #893, #2691, #2391, #1789 ),
 .UNSPECIFIED., .F., .F.,
 ( 4, 2, 2, 2, 2, 2, 4 ),
 ( 0.006064801436169498000, 0.008413629925667753100, 0.01076245841516600800, 0.01546011539416252400, 0.02015777237315903900, 0.02250660086265728400, 0.02485542935215552500 ),
 .UNSPECIFIED. ) ;
#2482 = CIRCLE ( 'NONE', #523, 2.149999999999999900 ) ;
#2483 = CARTESIAN_POINT ( 'NONE',  ( 28.85000000000000100, 0.0000000000000000000, 67.20000000000000300 ) ) ;
#2484 = ORIENTED_EDGE ( 'NONE', *, *, #2445, .F. ) ;
#2485 = CARTESIAN_POINT ( 'NONE',  ( -58.86862218628002800, 75.70587933804881700, 26.56072300629434600 ) ) ;
#2486 = CARTESIAN_POINT ( 'NONE',  ( 42.14738863518999800, 47.23836160959000100, 66.83295594259999500 ) ) ;
#2487 = CYLINDRICAL_SURFACE ( 'NONE', #3710, 9.999999999999994700 ) ;
#2488 = CARTESIAN_POINT ( 'NONE',  ( 33.58373500129312100, -38.38141143005538700, 80.00000000000000000 ) ) ;
#2489 = VERTEX_POINT ( 'NONE', #761 ) ;
#2490 = CARTESIAN_POINT ( 'NONE',  ( -80.62124160947999500, -27.47552857466000000, 18.80000000000000100 ) ) ;
#2491 = DIRECTION ( 'NONE',  ( -1.000000000000000000, 0.0000000000000000000, 0.0000000000000000000 ) ) ;
#2492 = CARTESIAN_POINT ( 'NONE',  ( 58.84352944428000100, -66.30856898413999500, 39.60000000000000100 ) ) ;
#2493 = CARTESIAN_POINT ( 'NONE',  ( -79.04194507450041800, 61.34069410451337500, 21.46556248799881300 ) ) ;
#2494 =( GEOMETRIC_REPRESENTATION_CONTEXT ( 3 ) GLOBAL_UNCERTAINTY_ASSIGNED_CONTEXT ( ( #3437 ) ) GLOBAL_UNIT_ASSIGNED_CONTEXT ( ( #3430, #1650, #135 ) ) REPRESENTATION_CONTEXT ( 'NONE', 'WORKASPACE' ) );
#2495 = VECTOR ( 'NONE', #115, 1000.000000000000200 ) ;
#2496 = AXIS2_PLACEMENT_3D ( 'NONE', #1259, #2754, #2655 ) ;
#2497 = PLANE ( 'NONE',  #1329 ) ;
#2498 = CARTESIAN_POINT ( 'NONE',  ( -2.000000000000000000, 2.449293598294706400E-016, 0.0000000000000000000 ) ) ;
#2499 = ADVANCED_FACE ( 'NONE', ( #669 ), #3183, .F. ) ;
#2500 = DIRECTION ( 'NONE',  ( -1.000000000000000000, 0.0000000000000000000, 0.0000000000000000000 ) ) ;
#2501 = CARTESIAN_POINT ( 'NONE',  ( 3.870888076541639100, 59.87945021818605100, 8.614196798905208400 ) ) ;
#2502 = DIRECTION ( 'NONE',  ( 0.0000000000000000000, -0.0000000000000000000, -1.000000000000000000 ) ) ;
#2503 = CARTESIAN_POINT ( 'NONE',  ( 80.00000000000000000, 80.00000000000000000, 20.00000000000000000 ) ) ;
#2504 = EDGE_CURVE ( 'NONE', #155, #3869, #3393, .T. ) ;
#2505 = CARTESIAN_POINT ( 'NONE',  ( -22.48092323875956200, 45.85310094556837900, 80.00000000000014200 ) ) ;
#2506 = CARTESIAN_POINT ( 'NONE',  ( -21.92031021677999900, -21.92031021677999900, 67.20000000000000300 ) ) ;
#2507 = ORIENTED_EDGE ( 'NONE', *, *, #1146, .F. ) ;
#2508 = CARTESIAN_POINT ( 'NONE',  ( 59.20897427781000000, 66.26074232477999700, 39.60000000000000100 ) ) ;
#2509 = ORIENTED_EDGE ( 'NONE', *, *, #690, .F. ) ;
#2510 = DIRECTION ( 'NONE',  ( 0.0000000000000000000, 0.0000000000000000000, 1.000000000000000000 ) ) ;
#2511 = EDGE_LOOP ( 'NONE', ( #3848, #3160, #2885, #2251 ) ) ;
#2512 = CARTESIAN_POINT ( 'NONE',  ( 72.18206655440364700, -57.68827350714887800, 31.78385691620922400 ) ) ;
#2513 = VERTEX_POINT ( 'NONE', #964 ) ;
#2514 = CIRCLE ( 'NONE', #3039, 2.149999999999999900 ) ;
#2515 = CARTESIAN_POINT ( 'NONE',  ( -70.19926611082999600, 17.03859137155999900, 39.60000000000000100 ) ) ;
#2516 = ORIENTED_EDGE ( 'NONE', *, *, #615, .T. ) ;
#2517 = DIRECTION ( 'NONE',  ( 0.0000000000000000000, 0.0000000000000000000, 1.000000000000000000 ) ) ;
#2518 = CARTESIAN_POINT ( 'NONE',  ( -0.8660254037843999600, -1.500000000000000000, -4.000000000000000000 ) ) ;
#2519 = CARTESIAN_POINT ( 'NONE',  ( -2.149999999999999900, -31.00000000000000000, 67.20000000000000300 ) ) ;
#2520 = ORIENTED_EDGE ( 'NONE', *, *, #169, .T. ) ;
#2521 = VECTOR ( 'NONE', #230, 1000.000000000000200 ) ;
#2522 = CARTESIAN_POINT ( 'NONE',  ( -45.10964517965000200, 45.10964517965000200, 66.83295594259999500 ) ) ;
#2523 = CARTESIAN_POINT ( 'NONE',  ( 65.75000000000000000, -70.00000000000000000, 20.00000000000000000 ) ) ;
#2524 = CARTESIAN_POINT ( 'NONE',  ( -41.47030153531000000, -28.07560203518000500, 81.20000000000000300 ) ) ;
#2525 = CARTESIAN_POINT ( 'NONE',  ( 58.84708936925382300, 64.33217087581415700, 41.81618042981937600 ) ) ;
#2526 = ORIENTED_EDGE ( 'NONE', *, *, #853, .T. ) ;
#2527 = CIRCLE ( 'NONE', #2410, 4.250000000000003600 ) ;
#2528 = CARTESIAN_POINT ( 'NONE',  ( -80.59012047836999700, -15.86403193432999900, 18.80000000000000100 ) ) ;
#2529 = DIRECTION ( 'NONE',  ( 1.000000000000000000, 0.0000000000000000000, 0.0000000000000000000 ) ) ;
#2530 = EDGE_CURVE ( 'NONE', #2308, #647, #281, .T. ) ;
#2531 = CARTESIAN_POINT ( 'NONE',  ( -71.30961795736703800, -57.56513096151830000, 33.03523788204083200 ) ) ;
#2532 = DIRECTION ( 'NONE',  ( 0.0000000000000000000, 0.0000000000000000000, 1.000000000000000000 ) ) ;
#2533 = VECTOR ( 'NONE', #3467, 1000.000000000000200 ) ;
#2534 = CARTESIAN_POINT ( 'NONE',  ( -49.85806336360000300, 57.25745658966999900, 52.85976633066000100 ) ) ;
#2535 = CARTESIAN_POINT ( 'NONE',  ( 3.865322281049493800, 59.87655000302656600, 31.36722595568337000 ) ) ;
#2536 = CARTESIAN_POINT ( 'NONE',  ( 52.52804712345999900, -44.00993949969000600, 60.40000000000000600 ) ) ;
#2537 = CARTESIAN_POINT ( 'NONE',  ( -52.49910938239000300, -56.35796225979000000, 52.85976633066000100 ) ) ;
#2538 = CARTESIAN_POINT ( 'NONE',  ( 34.87274480919895600, 37.22665080293351300, 79.99999999999998600 ) ) ;
#2539 =( NAMED_UNIT ( * ) PLANE_ANGLE_UNIT ( ) SI_UNIT ( $, .RADIAN. ) );
#2540 = LINE ( 'NONE', #2483, #929 ) ;
#2541 = DIRECTION ( 'NONE',  ( -0.0000000000000000000, -0.0000000000000000000, -1.000000000000000000 ) ) ;
#2542 = DIRECTION ( 'NONE',  ( 0.0000000000000000000, 0.0000000000000000000, -1.000000000000000000 ) ) ;
#2543 = AXIS2_PLACEMENT_3D ( 'NONE', #156, #1050, #1676 ) ;
#2544 = AXIS2_PLACEMENT_3D ( 'NONE', #1438, #3157, #2224 ) ;
#2545 = DIRECTION ( 'NONE',  ( -1.000000000000000000, 0.0000000000000000000, 0.0000000000000000000 ) ) ;
#2546 = CARTESIAN_POINT ( 'NONE',  ( 49.85806336360000300, -57.25745658966999900, 52.85976633066000100 ) ) ;
#2547 = CARTESIAN_POINT ( 'NONE',  ( -79.99999999999937500, 62.49999999999919000, 19.99999999999888800 ) ) ;
#2548 = ORIENTED_EDGE ( 'NONE', *, *, #38, .T. ) ;
#2549 = CARTESIAN_POINT ( 'NONE',  ( -61.59964037553108100, -60.73859623405631000, 43.25067838717667700 ) ) ;
#2550 = DIRECTION ( 'NONE',  ( 0.0000000000000000000, 0.0000000000000000000, 1.000000000000000000 ) ) ;
#2551 = ORIENTED_EDGE ( 'NONE', *, *, #1213, .F. ) ;
#2552 = ORIENTED_EDGE ( 'NONE', *, *, #3026, .T. ) ;
#2553 = EDGE_CURVE ( 'NONE', #957, #3420, #1971, .T. ) ;
#2554 = ORIENTED_EDGE ( 'NONE', *, *, #3507, .T. ) ;
#2555 = CARTESIAN_POINT ( 'NONE',  ( -63.66287383870780300, 59.22241874790729100, 42.32104261467992500 ) ) ;
#2556 = CARTESIAN_POINT ( 'NONE',  ( 21.92031021677999900, 21.92031021677999900, 67.20000000000000300 ) ) ;
#2557 = CARTESIAN_POINT ( 'NONE',  ( 70.00000000000000000, -70.00000000000000000, 20.00000000000000400 ) ) ;
#2558 = CARTESIAN_POINT ( 'NONE',  ( 66.91861028214999900, -58.37338801780000400, 38.88657671872000100 ) ) ;
#2559 = VERTEX_POINT ( 'NONE', #2894 ) ;
#2560 = ORIENTED_EDGE ( 'NONE', *, *, #3868, .F. ) ;
#2561 = CARTESIAN_POINT ( 'NONE',  ( 0.0000000000000000000, 0.0000000000000000000, 67.20000000000000300 ) ) ;
#2562 = LINE ( 'NONE', #2358, #950 ) ;
#2563 = DIRECTION ( 'NONE',  ( 0.0000000000000000000, -1.000000000000000000, 0.0000000000000000000 ) ) ;
#2564 = CARTESIAN_POINT ( 'NONE',  ( 65.96418595673111400, -58.16290104466958200, 40.16002061081147900 ) ) ;
#2565 = CARTESIAN_POINT ( 'NONE',  ( 3.219678845835003400, 0.7309714266272744300, -3.999999999825779400 ) ) ;
#2566 = AXIS2_PLACEMENT_3D ( 'NONE', #3097, #3790, #1609 ) ;
#2567 = DIRECTION ( 'NONE',  ( 1.000000000000000000, 0.0000000000000000000, 0.0000000000000000000 ) ) ;
#2568 = ORIENTED_EDGE ( 'NONE', *, *, #2144, .F. ) ;
#2569 = CARTESIAN_POINT ( 'NONE',  ( -70.40378500525032700, -57.50279009368885100, 34.31221210923860100 ) ) ;
#2570 = AXIS2_PLACEMENT_3D ( 'NONE', #2376, #276, #2079 ) ;
#2571 = DIRECTION ( 'NONE',  ( 1.000000000000000000, 0.0000000000000000000, 0.0000000000000000000 ) ) ;
#2572 = DIRECTION ( 'NONE',  ( 0.0000000000000000000, 0.0000000000000000000, -1.000000000000000000 ) ) ;
#2573 = EDGE_CURVE ( 'NONE', #2489, #1752, #90, .T. ) ;
#2574 = CARTESIAN_POINT ( 'NONE',  ( 0.0000000000000000000, 0.0000000000000000000, 72.20000000000000300 ) ) ;
#2575 = EDGE_LOOP ( 'NONE', ( #591, #403, #1568, #3894 ) ) ;
#2576 = CARTESIAN_POINT ( 'NONE',  ( 2.877336502621728400, 1.631834342510140500, -4.000000427670439500 ) ) ;
#2577 = ADVANCED_FACE ( 'NONE', ( #1295 ), #3895, .F. ) ;
#2578 = ORIENTED_EDGE ( 'NONE', *, *, #1265, .F. ) ;
#2579 = LINE ( 'NONE', #1204, #1473 ) ;
#2580 = DIRECTION ( 'NONE',  ( 0.0000000000000000000, 0.0000000000000000000, 1.000000000000000000 ) ) ;
#2581 = CARTESIAN_POINT ( 'NONE',  ( -51.77888708975000000, -46.01030571990000300, 60.40000000000000600 ) ) ;
#2582 = DIRECTION ( 'NONE',  ( 0.0000000000000000000, 0.0000000000000000000, -1.000000000000000000 ) ) ;
#2583 = VERTEX_POINT ( 'NONE', #1196 ) ;
#2584 = CARTESIAN_POINT ( 'NONE',  ( 2.333637633569646000, 2.333309113734966200, -3.999999998002778100 ) ) ;
#2585 = CARTESIAN_POINT ( 'NONE',  ( -27.50000000000000000, 3.367778697655221300E-015, 67.20000000000000300 ) ) ;
#2586 = ORIENTED_EDGE ( 'NONE', *, *, #3822, .F. ) ;
#2587 = EDGE_CURVE ( 'NONE', #1453, #1574, #1925, .T. ) ;
#2588 = CARTESIAN_POINT ( 'NONE',  ( 0.0000000000000000000, 0.0000000000000000000, 0.0000000000000000000 ) ) ;
#2589 = DIRECTION ( 'NONE',  ( -1.000000000000000000, -0.0000000000000000000, -0.0000000000000000000 ) ) ;
#2590 = ORIENTED_EDGE ( 'NONE', *, *, #3073, .T. ) ;
#2591 = PRODUCT_DEFINITION_SHAPE ( 'NONE', 'NONE',  #1873 ) ;
#2592 = CARTESIAN_POINT ( 'NONE',  ( -1.859837337050091100, -3.350231094538764300, -4.000000000000000000 ) ) ;
#2593 = B_SPLINE_CURVE_WITH_KNOTS ( 'NONE', 3,
 ( #212, #3417, #1704, #2257, #751, #2292, #3709, #3484, #3898, #3141, #3212, #2940, #84, #3752, #787, #1292, #224, #2027, #1724, #3810, #2016, #2318, #3828, #1822, #2426, #2388, #2090, #3238, #3544, #1437, #1138, #2372, #2076, #272, #3555, #3882, #2916, #3817, #1388, #3190, #826, #2359, #2945, #841, #2182, #1518, #2456, #2726, #3644, #2150, #338, #2739 ),
 .UNSPECIFIED., .F., .F.,
 ( 4, 2, 2, 2, 2, 2, 2, 2, 2, 2, 2, 2, 2, 2, 2, 2, 2, 2, 2, 2, 2, 2, 2, 2, 2, 4 ),
 ( 0.05641290144268836000, 0.05758796641194984700, 0.05876303138121132700, 0.06111316131973429400, 0.06228822628899578100, 0.06346329125825726800, 0.06463835622751874800, 0.06581342119678024200, 0.06816355113530321600, 0.06933861610456469600, 0.07051368107382619000, 0.07286381101234915000, 0.07403887598161064400, 0.07521394095087213800, 0.07756407088939512600, 0.07873913585865662000, 0.07991420082791811400, 0.08226433076644110200, 0.08343939573570258200, 0.08461446070496407600, 0.08696459064348705000, 0.08813965561274854400, 0.08931472058201003800, 0.09048978555127151800, 0.09166485052053301200, 0.09401498045905598600 ),
 .UNSPECIFIED. ) ;
#2594 = DIRECTION ( 'NONE',  ( -0.0000000000000000000, -0.0000000000000000000, 1.000000000000000000 ) ) ;
#2595 = ORIENTED_EDGE ( 'NONE', *, *, #3667, .F. ) ;
#2596 = ORIENTED_EDGE ( 'NONE', *, *, #33, .F. ) ;
#2597 = FACE_OUTER_BOUND ( 'NONE', #286, .T. ) ;
#2598 = ORIENTED_EDGE ( 'NONE', *, *, #453, .T. ) ;
#2599 = DIRECTION ( 'NONE',  ( 0.0000000000000000000, 0.0000000000000000000, -1.000000000000000000 ) ) ;
#2600 = ADVANCED_FACE ( 'NONE', ( #2296 ), #1244, .F. ) ;
#2601 = ORIENTED_EDGE ( 'NONE', *, *, #1146, .T. ) ;
#2602 = CARTESIAN_POINT ( 'NONE',  ( -57.62566984044112700, 71.82549109899233000, 32.29929718100662200 ) ) ;
#2603 = DIRECTION ( 'NONE',  ( -0.0000000000000000000, -0.0000000000000000000, 1.000000000000000000 ) ) ;
#2604 = LINE ( 'NONE', #1153, #2521 ) ;
#2605 = DIRECTION ( 'NONE',  ( 0.0000000000000000000, 0.0000000000000000000, 1.000000000000000000 ) ) ;
#2606 = AXIS2_PLACEMENT_3D ( 'NONE', #609, #925, #1251 ) ;
#2607 = CARTESIAN_POINT ( 'NONE',  ( 65.75000000000000000, 70.00000000000000000, 20.00000000000000000 ) ) ;
#2608 = CARTESIAN_POINT ( 'NONE',  ( -70.00000000000000000, 80.00000000000000000, 46.07200000000000300 ) ) ;
#2609 = AXIS2_PLACEMENT_3D ( 'NONE', #3365, #1253, #3075 ) ;
#2610 = VERTEX_POINT ( 'NONE', #2585 ) ;
#2611 = CARTESIAN_POINT ( 'NONE',  ( 33.58373500129091800, 38.38141143005102400, 80.00000000000001400 ) ) ;
#2612 = ORIENTED_EDGE ( 'NONE', *, *, #9, .T. ) ;
#2613 = CARTESIAN_POINT ( 'NONE',  ( 17.03859137155999900, 70.19926611082999600, 39.60000000000000100 ) ) ;
#2614 = CIRCLE ( 'NONE', #3014, 42.50000000000246600 ) ;
#2615 = CARTESIAN_POINT ( 'NONE',  ( 58.95462534921707500, 75.88417646599876300, 26.29168921989736100 ) ) ;
#2616 = EDGE_CURVE ( 'NONE', #2225, #3092, #2866, .T. ) ;
#2617 = CARTESIAN_POINT ( 'NONE',  ( -70.00000000000000000, -70.00000000000000000, 0.0000000000000000000 ) ) ;
#2618 = ORIENTED_EDGE ( 'NONE', *, *, #1423, .F. ) ;
#2619 = DIRECTION ( 'NONE',  ( 0.7071067810860616200, 8.659560561124334500E-017, -0.7071067812870334100 ) ) ;
#2620 = VECTOR ( 'NONE', #3450, 1000.000000000000000 ) ;
#2621 = CARTESIAN_POINT ( 'NONE',  ( 7.026165817959377300, -3.447171869596757700, -3.800000000000000300 ) ) ;
#2622 = FACE_OUTER_BOUND ( 'NONE', #2750, .T. ) ;
#2623 = CARTESIAN_POINT ( 'NONE',  ( -37.91958389697000300, -32.98705333094999800, 80.80614555453000500 ) ) ;
#2624 = CARTESIAN_POINT ( 'NONE',  ( -29.24132405334000100, -57.00775463667999800, 60.40000000000000600 ) ) ;
#2625 = CARTESIAN_POINT ( 'NONE',  ( 11.59451248986368400, 58.86918534153836200, 23.11815028210669400 ) ) ;
#2626 = CARTESIAN_POINT ( 'NONE',  ( -80.84117904133999800, 72.14645502349999600, 18.80000000000000100 ) ) ;
#2627 = CARTESIAN_POINT ( 'NONE',  ( -33.58373500129173600, -38.38141143005029200, 79.99999999999998600 ) ) ;
#2628 = CARTESIAN_POINT ( 'NONE',  ( 1.638732871073432800, -2.865034006590069900, -3.999999143386246300 ) ) ;
#2629 = VERTEX_POINT ( 'NONE', #1991 ) ;
#2630 = CARTESIAN_POINT ( 'NONE',  ( 51.77972812385999600, -46.00804689979000300, 60.40000000000000600 ) ) ;
#2631 = PRESENTATION_LAYER_ASSIGNMENT (  '', '', ( #2232 ) ) ;
#2632 = VERTEX_POINT ( 'NONE', #3250 ) ;
#2633 = AXIS2_PLACEMENT_3D ( 'NONE', #1674, #1275, #3782 ) ;
#2634 = ORIENTED_EDGE ( 'NONE', *, *, #1474, .F. ) ;
#2635 = CARTESIAN_POINT ( 'NONE',  ( 66.98701068243605100, -57.84971717857649800, 38.88915086403832800 ) ) ;
#2636 = CARTESIAN_POINT ( 'NONE',  ( 3.500000000000000000, 4.286263797015736600E-016, -3.799999999999999800 ) ) ;
#2637 = CARTESIAN_POINT ( 'NONE',  ( 0.0000000000000000000, 31.00000000000000000, 72.20000000000000300 ) ) ;
#2638 = CARTESIAN_POINT ( 'NONE',  ( -68.13306145193000400, 43.64929751583999700, 39.60000000000000100 ) ) ;
#2639 = EDGE_LOOP ( 'NONE', ( #2252, #530 ) ) ;
#2640 = CARTESIAN_POINT ( 'NONE',  ( 43.42414940412000100, -46.50817814338999800, 66.83295594259999500 ) ) ;
#2641 = UNCERTAINTY_MEASURE_WITH_UNIT (LENGTH_MEASURE( 1.000000000000000100E-005 ), #1716, 'distance_accuracy_value', 'NONE');
#2642 = DIRECTION ( 'NONE',  ( 0.0000000000000000000, 0.0000000000000000000, 1.000000000000000000 ) ) ;
#2643 = LINE ( 'NONE', #2799, #3421 ) ;
#2644 = CARTESIAN_POINT ( 'NONE',  ( -79.99999999999946000, -62.49999999999933200, 19.99999999999909400 ) ) ;
#2645 = EDGE_CURVE ( 'NONE', #1254, #765, #2672, .T. ) ;
#2646 = FACE_OUTER_BOUND ( 'NONE', #45, .T. ) ;
#2647 = ADVANCED_FACE ( 'NONE', ( #802 ), #840, .F. ) ;
#2648 = VERTEX_POINT ( 'NONE', #3805 ) ;
#2649 = CARTESIAN_POINT ( 'NONE',  ( -57.25779439690000300, 49.85668041696000300, 52.85976633066000100 ) ) ;
#2650 = CIRCLE ( 'NONE', #2570, 34.50000000000003600 ) ;
#2651 = CARTESIAN_POINT ( 'NONE',  ( 60.15710082500943700, 62.28958035215572400, 43.06665818293598100 ) ) ;
#2652 = DIRECTION ( 'NONE',  ( 0.0000000000000000000, 0.0000000000000000000, -1.000000000000000000 ) ) ;
#2653 = FACE_BOUND ( 'NONE', #2884, .T. ) ;
#2654 = CARTESIAN_POINT ( 'NONE',  ( 31.83367296288000500, 80.63395961596999900, 18.80000000000000100 ) ) ;
#2655 = DIRECTION ( 'NONE',  ( -1.000000000000000000, 0.0000000000000000000, 0.0000000000000000000 ) ) ;
#2656 = ORIENTED_EDGE ( 'NONE', *, *, #3674, .F. ) ;
#2657 = B_SPLINE_SURFACE_WITH_KNOTS ( 'NONE', 3, 3, ( 
 ( #3807, #2039, #1422, #3222 ),
 ( #2938, #1118, #2630, #537 ),
 ( #221, #1129, #2536, #3136 ),
 ( #1770, #2959, #3506, #1722 ),
 ( #2923, #1106, #3824, #2025 ),
 ( #3078, #3653, #600, #369 ),
 ( #560, #959, #2173, #3579 ),
 ( #2052, #3066, #2764, #1228 ),
 ( #2098, #1856, #3537, #2694 ),
 ( #43, #3664, #3695, #671 ),
 ( #1975, #3452, #470, #3761 ),
 ( #763, #2157, #2071, #1472 ),
 ( #1540, #3116, #1871, #2394 ),
 ( #265, #1313, #1144, #2794 ),
 ( #2831, #3232, #1430, #1325 ),
 ( #3404, #1301, #1740, #3670 ),
 ( #1314, #3825, #1235, #1691 ),
 ( #149, #159, #1634, #2352 ),
 ( #834, #495, #936, #2357 ),
 ( #2315, #2304, #416, #528 ) ),
 .UNSPECIFIED., .F., .F., .F.,
 ( 4, 1, 1, 1, 1, 1, 1, 1, 1, 1, 1, 1, 1, 1, 1, 1, 1, 4 ),
 ( 4, 4 ),
 ( -0.009511749430291999800, 0.0000000000000000000, 0.06250000000000000000, 0.1250000000000000000, 0.1875000000000000000, 0.2500000000000000000, 0.3750000000000000000, 0.4375000000000000000, 0.5000000000000000000, 0.6250000000000000000, 0.7187500000000000000, 0.7500000000000000000, 0.8125000000000000000, 0.8750000000000000000, 0.9062500000000000000, 0.9531250000000000000, 1.000000000000000000, 1.009552215836000000 ),
 ( -0.02000000000000000000, 1.020000000000000000 ),
 .UNSPECIFIED. ) ;
#2658 = VECTOR ( 'NONE', #3171, 1000.000000000000000 ) ;
#2659 = ORIENTED_EDGE ( 'NONE', *, *, #2690, .F. ) ;
#2660 = VERTEX_POINT ( 'NONE', #3200 ) ;
#2661 = DIRECTION ( 'NONE',  ( -1.000000000000000000, 0.0000000000000000000, -0.0000000000000000000 ) ) ;
#2662 = AXIS2_PLACEMENT_3D ( 'NONE', #1837, #1222, #2035 ) ;
#2663 = EDGE_CURVE ( 'NONE', #1673, #258, #2439, .T. ) ;
#2664 = VECTOR ( 'NONE', #987, 1000.000000000000000 ) ;
#2665 = CARTESIAN_POINT ( 'NONE',  ( 11.98094878960992400, 58.79165287478529200, 19.21621750891266000 ) ) ;
#2666 = DIRECTION ( 'NONE',  ( 0.0000000000000000000, 0.0000000000000000000, 1.000000000000000000 ) ) ;
#2667 = CARTESIAN_POINT ( 'NONE',  ( -51.01089850452000000, 80.71927904522002000, 18.80000000000000100 ) ) ;
#2668 = CARTESIAN_POINT ( 'NONE',  ( -1.984670591382317400E-014, 80.00000000000000000, 8.000000000000000000 ) ) ;
#2669 = EDGE_CURVE ( 'NONE', #3146, #3869, #2708, .T. ) ;
#2670 = CARTESIAN_POINT ( 'NONE',  ( 69.48747284361110100, 57.49558050106173100, 35.58282237703152600 ) ) ;
#2671 = DIRECTION ( 'NONE',  ( 0.0000000000000000000, 0.0000000000000000000, -1.000000000000000000 ) ) ;
#2672 = LINE ( 'NONE', #532, #976 ) ;
#2673 = DIRECTION ( 'NONE',  ( 0.0000000000000000000, 0.0000000000000000000, 1.000000000000000000 ) ) ;
#2674 = CARTESIAN_POINT ( 'NONE',  ( -67.31919688915999700, 50.87150307334000100, 39.60000000000000100 ) ) ;
#2675 = CARTESIAN_POINT ( 'NONE',  ( -57.85547850704789100, 66.96819480508321500, 38.91252977607430100 ) ) ;
#2676 = CARTESIAN_POINT ( 'NONE',  ( -25.30862585595999900, 43.31676869382999900, 81.20000000000000300 ) ) ;
#2677 = CARTESIAN_POINT ( 'NONE',  ( 3.500000000000000000, 4.286263797015736600E-016, 0.0000000000000000000 ) ) ;
#2678 = ORIENTED_EDGE ( 'NONE', *, *, #3847, .T. ) ;
#2679 = CARTESIAN_POINT ( 'NONE',  ( 61.87855590067930900, 79.53391692550935900, 20.71108409029047700 ) ) ;
#2680 = CARTESIAN_POINT ( 'NONE',  ( -74.21510164214743100, 58.21682483404351400, 28.80090559949542600 ) ) ;
#2681 = ORIENTED_EDGE ( 'NONE', *, *, #3073, .F. ) ;
#2682 = AXIS2_PLACEMENT_3D ( 'NONE', #649, #2441, #3335 ) ;
#2683 = AXIS2_PLACEMENT_3D ( 'NONE', #3730, #2541, #123 ) ;
#2684 = VERTEX_POINT ( 'NONE', #1382 ) ;
#2685 = B_SPLINE_SURFACE_WITH_KNOTS ( 'NONE', 3, 3, ( 
 ( #305, #2534, #614, #656 ),
 ( #431, #1142, #1806, #1016 ),
 ( #2710, #1929, #852, #3527 ),
 ( #1186, #1492, #3292, #1810 ),
 ( #1330, #2081, #2522, #106 ),
 ( #2968, #3679, #1065, #547 ),
 ( #3778, #3175, #885, #3000 ),
 ( #365, #52, #866, #2772 ),
 ( #2073, #2649, #1147, #2963 ) ),
 .UNSPECIFIED., .F., .F., .F.,
 ( 4, 1, 1, 1, 1, 1, 4 ),
 ( 4, 4 ),
 ( -0.02042424038407000100, 0.0000000000000000000, 0.2500000000000000000, 0.5000000000000000000, 0.7500000000000000000, 1.000000000000000000, 1.020566973914000000 ),
 ( 0.3147762786453999800, 1.013435759242000000 ),
 .UNSPECIFIED. ) ;
#2686 = CARTESIAN_POINT ( 'NONE',  ( -38.38407138504000200, 31.96787890714999800, 81.20000000000000300 ) ) ;
#2687 = LINE ( 'NONE', #2608, #1080 ) ;
#2688 = CARTESIAN_POINT ( 'NONE',  ( 78.01821836137916900, -60.38498447057239800, 23.03512354165184900 ) ) ;
#2689 = CARTESIAN_POINT ( 'NONE',  ( -57.50000000000000700, -70.00000000000000000, 80.00000000000000000 ) ) ;
#2690 = EDGE_CURVE ( 'NONE', #253, #3392, #3754, .T. ) ;
#2691 = CARTESIAN_POINT ( 'NONE',  ( -61.60853686510412100, -79.28036564879659000, 21.10015431376535800 ) ) ;
#2692 = CARTESIAN_POINT ( 'NONE',  ( 70.40378500525031300, 57.50279009368888700, 34.31221210923861500 ) ) ;
#2693 = SHAPE_REPRESENTATION ( 'BASE^TECO-Base_Cobot_210618_v2', ( #1825 ), #3493 ) ;
#2694 = CARTESIAN_POINT ( 'NONE',  ( 50.27253017230999900, -4.612062068061000300, 81.20000000000000300 ) ) ;
#2695 = ORIENTED_EDGE ( 'NONE', *, *, #2366, .T. ) ;
#2696 =( REPRESENTATION_RELATIONSHIP ('NONE','NONE', #1429, #137 ) REPRESENTATION_RELATIONSHIP_WITH_TRANSFORMATION ( #334 )SHAPE_REPRESENTATION_RELATIONSHIP( ) );
#2697 = VERTEX_POINT ( 'NONE', #2834 ) ;
#2698 = CARTESIAN_POINT ( 'NONE',  ( -3.500000000000000000, 0.0000000000000000000, 0.0000000000000000000 ) ) ;
#2699 = CIRCLE ( 'NONE', #653, 2.149999999999999000 ) ;
#2700 = DIRECTION ( 'NONE',  ( 0.0000000000000000000, 0.0000000000000000000, -1.000000000000000000 ) ) ;
#2701 = VERTEX_POINT ( 'NONE', #3224 ) ;
#2702 = CARTESIAN_POINT ( 'NONE',  ( 62.49999999999933200, -79.99999999999946000, 19.99999999999909400 ) ) ;
#2703 = EDGE_LOOP ( 'NONE', ( #2285, #3144 ) ) ;
#2704 = AXIS2_PLACEMENT_3D ( 'NONE', #2711, #3005, #2545 ) ;
#2705 = CARTESIAN_POINT ( 'NONE',  ( 71.60742728606643900, 57.60018741723015300, 32.61026153717743600 ) ) ;
#2706 = ORIENTED_EDGE ( 'NONE', *, *, #2122, .T. ) ;
#2707 = LINE ( 'NONE', #3408, #828 ) ;
#2708 = B_SPLINE_CURVE_WITH_KNOTS ( 'NONE', 3,
 ( #566, #1591, #2472, #1341, #3726, #2505, #3530, #3033, #3058, #3658, #392, #837, #3672, #1876, #1236, #70, #2783, #899 ),
 .UNSPECIFIED., .F., .F.,
 ( 4, 1, 1, 1, 1, 1, 1, 1, 1, 1, 1, 1, 1, 1, 1, 4 ),
 ( 1.551583845779545700E-017, 0.003418895545466194300, 0.006837791090932372900, 0.009117054787909825400, 0.01367558218186473000, 0.01823410957581963300, 0.02051337327279708500, 0.02735116436372944300, 0.03646821915163925300, 0.04102674654559415600, 0.04558527393954905900, 0.05470232872745887200, 0.05926085612141377600, 0.06381938351536868600, 0.06837791090932358900, 0.07293643830327849200 ),
 .UNSPECIFIED. ) ;
#2709 = ORIENTED_EDGE ( 'NONE', *, *, #1265, .T. ) ;
#2710 = CARTESIAN_POINT ( 'NONE',  ( -59.44919673276000100, 66.79963367521000400, 38.88657671872000100 ) ) ;
#2711 = CARTESIAN_POINT ( 'NONE',  ( 0.0000000000000000000, 0.0000000000000000000, -3.799999999999999800 ) ) ;
#2712 = VECTOR ( 'NONE', #2178, 1000.000000000000000 ) ;
#2713 = CARTESIAN_POINT ( 'NONE',  ( -1.984670597493694100E-014, 60.00000000000000000, 8.000000000000000000 ) ) ;
#2714 = DIRECTION ( 'NONE',  ( 0.0000000000000000000, 0.0000000000000000000, -1.000000000000000000 ) ) ;
#2715 = LINE ( 'NONE', #3772, #3498 ) ;
#2716 = CARTESIAN_POINT ( 'NONE',  ( 80.00000000000000000, 80.00000000000000000, 20.00000000000000000 ) ) ;
#2717 = CARTESIAN_POINT ( 'NONE',  ( -30.41835546372000100, 39.70551064328000000, 81.20000000000000300 ) ) ;
#2718 = DIRECTION ( 'NONE',  ( -1.000000000000000000, 0.0000000000000000000, 0.0000000000000000000 ) ) ;
#2719 = DIRECTION ( 'NONE',  ( 0.0000000000000000000, 0.0000000000000000000, -1.000000000000000000 ) ) ;
#2720 = EDGE_CURVE ( 'NONE', #1744, #3392, #325, .T. ) ;
#2721 = LINE ( 'NONE', #984, #2115 ) ;
#2722 = B_SPLINE_SURFACE_WITH_KNOTS ( 'NONE', 3, 3, ( 
 ( #3553, #3744, #2844, #1645 ),
 ( #772, #2185, #3341, #3595 ),
 ( #1176, #3451, #1051, #1964 ),
 ( #3759, #424, #2228, #3148 ),
 ( #2856, #1760, #284, #3001 ),
 ( #1909, #1588, #3106, #3082 ),
 ( #699, #3356, #2486, #2161 ),
 ( #961, #658, #1542, #932 ),
 ( #3330, #323, #1205, #617 ) ),
 .UNSPECIFIED., .F., .F., .F.,
 ( 4, 1, 1, 1, 1, 1, 4 ),
 ( 4, 4 ),
 ( -0.02042424038407000100, 0.0000000000000000000, 0.2500000000000000000, 0.5000000000000000000, 0.7500000000000000000, 1.000000000000000000, 1.020566973914000000 ),
 ( 0.3147762786453999800, 1.013435759242000000 ),
 .UNSPECIFIED. ) ;
#2723 = CARTESIAN_POINT ( 'NONE',  ( 0.7053595777087783300, 3.224109780105844700, -3.999999939147526700 ) ) ;
#2724 = CONTEXT_DEPENDENT_SHAPE_REPRESENTATION ( #2696, #3095 ) ;
#2725 = ORIENTED_EDGE ( 'NONE', *, *, #1017, .F. ) ;
#2726 = CARTESIAN_POINT ( 'NONE',  ( -3.113035058199687700, 59.92037189222288200, 8.404157941436606500 ) ) ;
#2727 = CARTESIAN_POINT ( 'NONE',  ( -1.972554751416764100, -3.553275403298690200, -3.799999999999999400 ) ) ;
#2728 = CARTESIAN_POINT ( 'NONE',  ( 0.0000000000000000000, 0.0000000000000000000, 9.999999999990905100 ) ) ;
#2729 = CARTESIAN_POINT ( 'NONE',  ( -74.21423767098568200, -58.21669228180216700, 28.80219342511880100 ) ) ;
#2730 = DIRECTION ( 'NONE',  ( -1.000000000000000000, 0.0000000000000000000, 0.0000000000000000000 ) ) ;
#2731 = CARTESIAN_POINT ( 'NONE',  ( 0.01645935041374887700, -3.299961033388666200, -3.999999999995389900 ) ) ;
#2732 = AXIS2_PLACEMENT_3D ( 'NONE', #2854, #759, #2563 ) ;
#2733 = ORIENTED_EDGE ( 'NONE', *, *, #2164, .T. ) ;
#2734 = LINE ( 'NONE', #2235, #2833 ) ;
#2735 = AXIS2_PLACEMENT_3D ( 'NONE', #856, #34, #3545 ) ;
#2736 = CARTESIAN_POINT ( 'NONE',  ( -49.99775340050997800, 10.87704275762345900, 80.00000000000001400 ) ) ;
#2737 = CARTESIAN_POINT ( 'NONE',  ( -80.00000000000000000, 80.00000000000000000, 20.00000000000000000 ) ) ;
#2738 = FACE_OUTER_BOUND ( 'NONE', #1062, .T. ) ;
#2739 = CARTESIAN_POINT ( 'NONE',  ( -1.984670597493694100E-014, 60.00000000000000000, 8.000000000000000000 ) ) ;
#2740 = ADVANCED_FACE ( 'NONE', ( #1829 ), #1878, .F. ) ;
#2741 = CARTESIAN_POINT ( 'NONE',  ( -0.02485787771013403200, 3.299906375325782900, -3.799999999999999800 ) ) ;
#2742 = ORIENTED_EDGE ( 'NONE', *, *, #1981, .T. ) ;
#2743 = CARTESIAN_POINT ( 'NONE',  ( -46.01030571990000300, 51.77888708975000000, 60.40000000000000600 ) ) ;
#2744 = CARTESIAN_POINT ( 'NONE',  ( -31.96787890714999800, -38.38407138504000200, 81.20000000000000300 ) ) ;
#2745 = EDGE_CURVE ( 'NONE', #3254, #2225, #1245, .T. ) ;
#2746 = ORIENTED_EDGE ( 'NONE', *, *, #3162, .F. ) ;
#2747 = SHAPE_REPRESENTATION ( 'Base_Link', ( #3731, #644 ), #1995 ) ;
#2748 = CARTESIAN_POINT ( 'NONE',  ( 63.43625972415403400, -59.35853524390484600, 42.47558731517319300 ) ) ;
#2749 = FACE_BOUND ( 'NONE', #508, .T. ) ;
#2750 = EDGE_LOOP ( 'NONE', ( #2165, #57, #160, #3844 ) ) ;
#2751 = EDGE_LOOP ( 'NONE', ( #587, #779, #165, #2857 ) ) ;
#2752 = CARTESIAN_POINT ( 'NONE',  ( 3.550762114890027000E-016, -3.299999999999999800, -4.000000000000000000 ) ) ;
#2753 = CARTESIAN_POINT ( 'NONE',  ( -21.92031021677999900, -21.92031021677999900, 67.20000000000000300 ) ) ;
#2754 = DIRECTION ( 'NONE',  ( 0.0000000000000000000, 0.0000000000000000000, -1.000000000000000000 ) ) ;
#2755 = CIRCLE ( 'NONE', #3811, 2.149999999999999000 ) ;
#2756 = DIRECTION ( 'NONE',  ( 0.0000000000000000000, 1.000000000000000000, 0.0000000000000000000 ) ) ;
#2757 = CARTESIAN_POINT ( 'NONE',  ( -57.71999118264952200, 67.58538228778761000, 38.11878099348394500 ) ) ;
#2758 = DIRECTION ( 'NONE',  ( 0.0000000000000000000, 0.0000000000000000000, -1.000000000000000000 ) ) ;
#2759 = DIRECTION ( 'NONE',  ( 0.0000000000000000000, 0.0000000000000000000, -1.000000000000000000 ) ) ;
#2760 = CARTESIAN_POINT ( 'NONE',  ( -27.50000000000000000, 3.367778697655221300E-015, 72.20000000000000300 ) ) ;
#2761 = ORIENTED_EDGE ( 'NONE', *, *, #3336, .F. ) ;
#2762 = AXIS2_PLACEMENT_3D ( 'NONE', #3291, #3605, #287 ) ;
#2763 = B_SPLINE_CURVE_WITH_KNOTS ( 'NONE', 3,
 ( #1669, #1536, #3631, #3512, #2931, #2332, #1294, #1594, #2729, #913, #1838, #1521, #2531, #2444, #2569, #3119, #1944, #1652, #1318, #3128 ),
 .UNSPECIFIED., .F., .F.,
 ( 4, 2, 2, 2, 2, 2, 2, 2, 2, 4 ),
 ( 1.086662687844035600E-016, 0.003119974501030291700, 0.006239949002060474000, 0.009359923503090656800, 0.01247989800412084100, 0.01559987250515102400, 0.01715985975566611600, 0.01871984700618120300, 0.02183982150721136900, 0.02495979600824153200 ),
 .UNSPECIFIED. ) ;
#2764 = CARTESIAN_POINT ( 'NONE',  ( 59.79848728967999700, -13.86630891686000000, 60.40000000000000600 ) ) ;
#2765 = ORIENTED_EDGE ( 'NONE', *, *, #2969, .F. ) ;
#2766 = ADVANCED_FACE ( 'NONE', ( #278 ), #798, .F. ) ;
#2767 = CARTESIAN_POINT ( 'NONE',  ( -2.131628207279999800E-014, 80.00000000000000000, 20.00000000000000000 ) ) ;
#2768 = CARTESIAN_POINT ( 'NONE',  ( 1.827130677279360100, 2.748891392523800500, -3.999998691141700500 ) ) ;
#2769 = CARTESIAN_POINT ( 'NONE',  ( -30.19356410998244700, -41.18121496680408500, 80.00000000000014200 ) ) ;
#2770 = CIRCLE ( 'NONE', #731, 3.500000000000000000 ) ;
#2771 = EDGE_CURVE ( 'NONE', #1260, #1574, #1587, .T. ) ;
#2772 = CARTESIAN_POINT ( 'NONE',  ( -37.88750121561999900, 33.02253715681001000, 80.80614555453000500 ) ) ;
#2773 = DIRECTION ( 'NONE',  ( 0.0000000000000000000, 0.0000000000000000000, 1.000000000000000000 ) ) ;
#2774 = CARTESIAN_POINT ( 'NONE',  ( 58.04774345251917100, 66.34027823144948900, 39.69272227325493000 ) ) ;
#2775 = EDGE_CURVE ( 'NONE', #1420, #1744, #2820, .T. ) ;
#2776 = ORIENTED_EDGE ( 'NONE', *, *, #145, .F. ) ;
#2777 = PRODUCT_DEFINITION_CONTEXT ( 'detailed design', #412, 'design' ) ;
#2778 = CARTESIAN_POINT ( 'NONE',  ( 79.99999999999946000, 62.49999999999933200, 19.99999999999909400 ) ) ;
#2779 = SURFACE_STYLE_USAGE ( .BOTH. , #3342 ) ;
#2780 = CARTESIAN_POINT ( 'NONE',  ( -58.28087628363722000, 74.44642142955231600, 28.45829816646463300 ) ) ;
#2781 = ORIENTED_EDGE ( 'NONE', *, *, #1859, .T. ) ;
#2782 = CARTESIAN_POINT ( 'NONE',  ( -51.79186750064922500, 59.19070571502658100, 50.00000000000000000 ) ) ;
#2783 = CARTESIAN_POINT ( 'NONE',  ( 32.48801893695677000, 39.34016298634434600, 80.00000000000012800 ) ) ;
#2784 = VERTEX_POINT ( 'NONE', #867 ) ;
#2785 = ADVANCED_FACE ( 'NONE', ( #2208 ), #855, .F. ) ;
#2786 = APPLICATION_CONTEXT ( 'automotive_design' ) ;
#2787 = CARTESIAN_POINT ( 'NONE',  ( 24.50311473511000000, -58.03834106941000900, 60.40000000000000600 ) ) ;
#2788 = CARTESIAN_POINT ( 'NONE',  ( -79.99999999999937500, 62.49999999999919000, 19.99999999999888800 ) ) ;
#2789 = EDGE_LOOP ( 'NONE', ( #3641, #3789 ) ) ;
#2790 = LINE ( 'NONE', #2880, #3573 ) ;
#2791 = CARTESIAN_POINT ( 'NONE',  ( -4.147073309757054500E-016, 3.299999999999999800, -4.000000000000000000 ) ) ;
#2792 = EDGE_CURVE ( 'NONE', #337, #3739, #1389, .T. ) ;
#2793 = CARTESIAN_POINT ( 'NONE',  ( 80.00000000000000000, -70.00000000000000000, 0.0000000000000000000 ) ) ;
#2794 = CARTESIAN_POINT ( 'NONE',  ( 45.17016296447999900, 22.06701823620000300, 81.20000000000000300 ) ) ;
#2795 = DIRECTION ( 'NONE',  ( 0.0000000000000000000, 0.0000000000000000000, -1.000000000000000000 ) ) ;
#2796 = CARTESIAN_POINT ( 'NONE',  ( -65.57118203761956500, 58.30251625822182100, 40.60654772777149200 ) ) ;
#2797 = EDGE_CURVE ( 'NONE', #2355, #3820, #613, .T. ) ;
#2798 = ORIENTED_EDGE ( 'NONE', *, *, #1544, .T. ) ;
#2799 = CARTESIAN_POINT ( 'NONE',  ( -2.131628207279999800E-014, 80.00000000000000000, 32.00000000000000000 ) ) ;
#2800 = CIRCLE ( 'NONE', #3551, 12.00000000000000000 ) ;
#2801 = ORIENTED_EDGE ( 'NONE', *, *, #654, .F. ) ;
#2802 = EDGE_LOOP ( 'NONE', ( #3327, #990 ) ) ;
#2803 = DIRECTION ( 'NONE',  ( 0.0000000000000000000, 0.0000000000000000000, -1.000000000000000000 ) ) ;
#2804 = CYLINDRICAL_SURFACE ( 'NONE', #3838, 4.250000000000003600 ) ;
#2805 = CARTESIAN_POINT ( 'NONE',  ( 64.10396474450355700, 58.97495045380865300, 41.98852338065193400 ) ) ;
#2806 = EDGE_LOOP ( 'NONE', ( #2915, #3499 ) ) ;
#2807 = CARTESIAN_POINT ( 'NONE',  ( -2.000000000000000000, 2.449293598294706400E-016, 0.0000000000000000000 ) ) ;
#2808 = CYLINDRICAL_SURFACE ( 'NONE', #2135, 12.49999999999999600 ) ;
#2809 = CARTESIAN_POINT ( 'NONE',  ( 0.0000000000000000000, 0.0000000000000000000, 0.0000000000000000000 ) ) ;
#2810 = CARTESIAN_POINT ( 'NONE',  ( -52.49547664373000100, -80.72654725805000500, 18.80000000000000100 ) ) ;
#2811 = DIRECTION ( 'NONE',  ( 1.000000000000000000, 0.0000000000000000000, -0.0000000000000000000 ) ) ;
#2812 = AXIS2_PLACEMENT_3D ( 'NONE', #874, #2671, #2368 ) ;
#2813 = CIRCLE ( 'NONE', #1511, 27.50000000000000000 ) ;
#2814 = AXIS2_PLACEMENT_3D ( 'NONE', #2145, #21, #1839 ) ;
#2815 = CARTESIAN_POINT ( 'NONE',  ( -1.984670591382317400E-014, 80.00000000000000000, 8.000000000000000000 ) ) ;
#2816 = FACE_OUTER_BOUND ( 'NONE', #2319, .T. ) ;
#2817 = CARTESIAN_POINT ( 'NONE',  ( -70.00000000000000000, -70.00000000000000000, 46.07200000000000300 ) ) ;
#2818 = CARTESIAN_POINT ( 'NONE',  ( 60.00000000000000000, 7.347880794884118400E-015, 0.0000000000000000000 ) ) ;
#2819 = CARTESIAN_POINT ( 'NONE',  ( -57.00775463667999800, -29.24137161390000400, 60.40000000000000600 ) ) ;
#2820 = LINE ( 'NONE', #2807, #3800 ) ;
#2821 = CARTESIAN_POINT ( 'NONE',  ( -34.34918942584000200, -36.65839402699000300, 80.80614555453000500 ) ) ;
#2822 = SURFACE_STYLE_FILL_AREA ( #3455 ) ;
#2823 = EDGE_CURVE ( 'NONE', #1375, #1539, #1642, .T. ) ;
#2824 = DIRECTION ( 'NONE',  ( 0.0000000000000000000, 0.0000000000000000000, -1.000000000000000000 ) ) ;
#2825 = ORIENTED_EDGE ( 'NONE', *, *, #3406, .T. ) ;
#2826 = CARTESIAN_POINT ( 'NONE',  ( -46.27149353211999700, -51.68030560822000300, 60.40000000000000600 ) ) ;
#2827 = CARTESIAN_POINT ( 'NONE',  ( 36.41562695860999800, 68.84534630887999600, 39.60000000000000100 ) ) ;
#2828 = CONTEXT_DEPENDENT_SHAPE_REPRESENTATION ( #1268, #2273 ) ;
#2829 = ORIENTED_EDGE ( 'NONE', *, *, #2269, .T. ) ;
#2830 = CARTESIAN_POINT ( 'NONE',  ( 72.47789619252334600, -57.74437681176441100, 31.35510490699685300 ) ) ;
#2831 = CARTESIAN_POINT ( 'NONE',  ( 80.71927904522002000, 51.01089850452000000, 18.80000000000000100 ) ) ;
#2832 = ORIENTED_EDGE ( 'NONE', *, *, #3449, .F. ) ;
#2833 = VECTOR ( 'NONE', #1304, 1000.000000000000000 ) ;
#2834 = CARTESIAN_POINT ( 'NONE',  ( -62.49999999999933200, 79.99999999999946000, 19.99999999999909400 ) ) ;
#2835 = AXIS2_PLACEMENT_3D ( 'NONE', #2396, #2434, #2134 ) ;
#2836 =( NAMED_UNIT ( * ) SI_UNIT ( $, .STERADIAN. ) SOLID_ANGLE_UNIT ( ) );
#2837 = VECTOR ( 'NONE', #42, 1000.000000000000000 ) ;
#2838 = CARTESIAN_POINT ( 'NONE',  ( -40.22543548825000000, -53.86201807764999900, 60.40000000000000600 ) ) ;
#2839 = AXIS2_PLACEMENT_3D ( 'NONE', #3427, #413, #426 ) ;
#2840 = CARTESIAN_POINT ( 'NONE',  ( 7.306137728237000100, 70.47943776760000400, 39.60000000000000100 ) ) ;
#2841 = CARTESIAN_POINT ( 'NONE',  ( -13.63303167804319400, 72.72942581809485300, 34.69277243518475700 ) ) ;
#2842 = FACE_OUTER_BOUND ( 'NONE', #3621, .T. ) ;
#2843 = CARTESIAN_POINT ( 'NONE',  ( -62.74682151156055500, -59.81542677855256300, 42.87080536906572100 ) ) ;
#2844 = CARTESIAN_POINT ( 'NONE',  ( 47.58852024331999800, 41.42255834726999800, 66.83295594259999500 ) ) ;
#2845 = ORIENTED_EDGE ( 'NONE', *, *, #2419, .T. ) ;
#2846 = DIRECTION ( 'NONE',  ( 0.0000000000000000000, 0.0000000000000000000, 1.000000000000000000 ) ) ;
#2847 = APPLICATION_CONTEXT ( 'automotive_design' ) ;
#2848 = EDGE_CURVE ( 'NONE', #1539, #520, #1293, .T. ) ;
#2849 = CARTESIAN_POINT ( 'NONE',  ( -8.653175558324999600, -80.58289156524999400, 18.80000000000000100 ) ) ;
#2850 = CARTESIAN_POINT ( 'NONE',  ( 57.24157392664000800, -49.92310439746999900, 52.85976633066000100 ) ) ;
#2851 = VECTOR ( 'NONE', #352, 1000.000000000000000 ) ;
#2852 = DIRECTION ( 'NONE',  ( -1.000000000000000000, 0.0000000000000000000, 0.0000000000000000000 ) ) ;
#2853 = LINE ( 'NONE', #67, #2313 ) ;
#2854 = CARTESIAN_POINT ( 'NONE',  ( 0.0000000000000000000, 2.851176827116000000E-013, 79.49999999999995700 ) ) ;
#2855 = CARTESIAN_POINT ( 'NONE',  ( -2.131628207279999800E-014, 80.00000000000000000, 20.00000000000000000 ) ) ;
#2856 = CARTESIAN_POINT ( 'NONE',  ( 64.29833565881000400, 64.29833565881000400, 38.88657671872000100 ) ) ;
#2857 = ORIENTED_EDGE ( 'NONE', *, *, #2287, .F. ) ;
#2858 = CARTESIAN_POINT ( 'NONE',  ( 3.195164097365592600, 0.8316138851671103200, -3.999999999854907600 ) ) ;
#2859 = CARTESIAN_POINT ( 'NONE',  ( -49.92310439746999900, -57.24157392664000800, 52.85976633066000100 ) ) ;
#2860 = CARTESIAN_POINT ( 'NONE',  ( 68.86746681462106800, -57.53549078604005000, 36.42480644093483700 ) ) ;
#2861 = PRESENTATION_STYLE_ASSIGNMENT (( #1303 ) ) ;
#2862 = SURFACE_STYLE_FILL_AREA ( #1920 ) ;
#2863 = CARTESIAN_POINT ( 'NONE',  ( -66.30856898413999500, -58.84352944428000100, 39.60000000000000100 ) ) ;
#2864 = AXIS2_PLACEMENT_3D ( 'NONE', #1421, #234, #598 ) ;
#2865 = ORIENTED_EDGE ( 'NONE', *, *, #1435, .T. ) ;
#2866 = CIRCLE ( 'NONE', #3350, 2.149999999999999900 ) ;
#2867 = AXIS2_PLACEMENT_3D ( 'NONE', #406, #2517, #3701 ) ;
#2868 = DIRECTION ( 'NONE',  ( -1.000000000000000000, 0.0000000000000000000, 0.0000000000000000000 ) ) ;
#2869 = EDGE_CURVE ( 'NONE', #1285, #2124, #516, .T. ) ;
#2870 = ADVANCED_FACE ( 'NONE', ( #2816 ), #1194, .F. ) ;
#2871 = CARTESIAN_POINT ( 'NONE',  ( 21.92031021677999900, -21.92031021677999900, 67.20000000000000300 ) ) ;
#2872 = CARTESIAN_POINT ( 'NONE',  ( -61.38100009056518800, 60.94150385326283700, 43.27759183665060000 ) ) ;
#2873 = ORIENTED_EDGE ( 'NONE', *, *, #1917, .F. ) ;
#2874 = CARTESIAN_POINT ( 'NONE',  ( 2.625961575492896700, 2.003417089401048600, -3.999997385696773200 ) ) ;
#2875 = EDGE_CURVE ( 'NONE', #3689, #1312, #2593, .T. ) ;
#2876 = EDGE_LOOP ( 'NONE', ( #980, #696, #2781, #3101 ) ) ;
#2877 = EDGE_LOOP ( 'NONE', ( #3337, #630, #2706, #1143 ) ) ;
#2878 = ORIENTED_EDGE ( 'NONE', *, *, #3851, .T. ) ;
#2879 = DIRECTION ( 'NONE',  ( 0.0000000000000000000, 0.0000000000000000000, -1.000000000000000000 ) ) ;
#2880 = CARTESIAN_POINT ( 'NONE',  ( -74.25000000000001400, -70.00000000000000000, 0.0000000000000000000 ) ) ;
#2881 = ORIENTED_EDGE ( 'NONE', *, *, #951, .F. ) ;
#2882 = CARTESIAN_POINT ( 'NONE',  ( -38.13749204546999700, -32.23066947337999700, 81.20000000000000300 ) ) ;
#2883 = ORIENTED_EDGE ( 'NONE', *, *, #3873, .F. ) ;
#2884 = EDGE_LOOP ( 'NONE', ( #3533, #3167 ) ) ;
#2885 = ORIENTED_EDGE ( 'NONE', *, *, #3558, .F. ) ;
#2886 = CARTESIAN_POINT ( 'NONE',  ( 34.80311838795999800, 55.53957564582000100, 60.40000000000000600 ) ) ;
#2887 = DIRECTION ( 'NONE',  ( -1.000000000000000000, 0.0000000000000000000, 0.0000000000000000000 ) ) ;
#2888 = ORIENTED_EDGE ( 'NONE', *, *, #663, .F. ) ;
#2889 = CIRCLE ( 'NONE', #871, 12.49999999999999600 ) ;
#2890 = CARTESIAN_POINT ( 'NONE',  ( 0.09014927904736555500, -3.415967949963093700, -4.000000000000000000 ) ) ;
#2891 = B_SPLINE_CURVE_WITH_KNOTS ( 'NONE', 3,
 ( #518, #542, #1340, #3843, #3696, #3290, #2805, #2893, #3839, #270, #3179, #1912, #227, #3381, #3738, #1926, #3542, #3750, #2651, #2181, #176, #3896, #2930, #2525, #118, #2471, #1354, #2204 ),
 .UNSPECIFIED., .F., .F.,
 ( 4, 2, 2, 2, 2, 2, 2, 2, 2, 2, 2, 2, 2, 4 ),
 ( 2.966732183033997200E-016, 0.001819040584310371600, 0.002728560876465401700, 0.003638081168620432300, 0.004547601460775462100, 0.005457121752930491900, 0.006366642045085522600, 0.007276162337240553300, 0.008185682629395583900, 0.009095202921550615500, 0.01000472321370566100, 0.01091424350586070600, 0.01273328409017079000, 0.01455232467448087400 ),
 .UNSPECIFIED. ) ;
#2892 = CARTESIAN_POINT ( 'NONE',  ( 2.328856777208229800, 2.338039463344032700, -4.000000000003059800 ) ) ;
#2893 = CARTESIAN_POINT ( 'NONE',  ( 63.65949130182701800, 59.22443047080923900, 42.32338703351310700 ) ) ;
#2894 = CARTESIAN_POINT ( 'NONE',  ( 2.149999999999999900, 31.00000000000000000, 72.20000000000000300 ) ) ;
#2895 = AXIS2_PLACEMENT_3D ( 'NONE', #3722, #2412, #2852 ) ;
#2896 = CARTESIAN_POINT ( 'NONE',  ( -24.07031021677999800, -21.92031021677999900, 72.20000000000000300 ) ) ;
#2897 = AXIS2_PLACEMENT_3D ( 'NONE', #88, #2195, #395 ) ;
#2898 = VERTEX_POINT ( 'NONE', #430 ) ;
#2899 = DIRECTION ( 'NONE',  ( 0.0000000000000000000, 0.0000000000000000000, 1.000000000000000000 ) ) ;
#2900 = ORIENTED_EDGE ( 'NONE', *, *, #2504, .T. ) ;
#2901 = EDGE_CURVE ( 'NONE', #718, #120, #2341, .T. ) ;
#2902 = VERTEX_POINT ( 'NONE', #3407 ) ;
#2903 = ORIENTED_EDGE ( 'NONE', *, *, #2247, .T. ) ;
#2904 = ADVANCED_FACE ( 'NONE', ( #3270 ), #3137, .T. ) ;
#2905 = CARTESIAN_POINT ( 'NONE',  ( 71.29224669292023000, -57.55250253203021800, 33.06324394233055100 ) ) ;
#2906 = EDGE_CURVE ( 'NONE', #2221, #700, #3134, .T. ) ;
#2907 = CARTESIAN_POINT ( 'NONE',  ( -34.87274480919920400, -37.22665080293327800, 79.99999999999998600 ) ) ;
#2908 = CARTESIAN_POINT ( 'NONE',  ( 0.0000000000000000000, 2.844946500601963600E-013, 80.00000000000004300 ) ) ;
#2909 = CARTESIAN_POINT ( 'NONE',  ( 40.22543548825000000, 53.86201807764999900, 60.40000000000000600 ) ) ;
#2910 = CARTESIAN_POINT ( 'NONE',  ( -20.00000000000017400, 79.68708896897634000, 20.62249253860675300 ) ) ;
#2911 = VECTOR ( 'NONE', #1882, 1000.000000000000000 ) ;
#2912 = CARTESIAN_POINT ( 'NONE',  ( -57.69971383399996500, 72.27061920663075500, 31.65699099862643400 ) ) ;
#2913 = AXIS2_PLACEMENT_3D ( 'NONE', #1738, #2104, #898 ) ;
#2914 = CARTESIAN_POINT ( 'NONE',  ( 47.38367485555878000, 18.97222588696554300, 80.00000000000014200 ) ) ;
#2915 = ORIENTED_EDGE ( 'NONE', *, *, #1066, .F. ) ;
#2916 = CARTESIAN_POINT ( 'NONE',  ( -9.518317319141390300, 59.24074430749190900, 12.68174672959819000 ) ) ;
#2917 = FACE_OUTER_BOUND ( 'NONE', #187, .T. ) ;
#2918 = CARTESIAN_POINT ( 'NONE',  ( -2.149999999999999900, -31.00000000000000000, 67.20000000000000300 ) ) ;
#2919 = CARTESIAN_POINT ( 'NONE',  ( 1.212791236216953100, -3.079991744066284700, -3.999999711280193300 ) ) ;
#2920 = ORIENTED_EDGE ( 'NONE', *, *, #2690, .T. ) ;
#2921 = ADVANCED_FACE ( 'NONE', ( #1534 ), #3226, .T. ) ;
#2922 = CARTESIAN_POINT ( 'NONE',  ( 59.97475466694649500, 77.49377481681060000, 23.83898451455406300 ) ) ;
#2923 = CARTESIAN_POINT ( 'NONE',  ( 80.72654725805000500, -52.49547664373000100, 18.80000000000000100 ) ) ;
#2924 = EDGE_LOOP ( 'NONE', ( #427, #2742, #3826, #1443, #2088, #2326 ) ) ;
#2925 = EDGE_CURVE ( 'NONE', #155, #1026, #1060, .T. ) ;
#2926 = ADVANCED_FACE ( 'NONE', ( #1530 ), #28, .T. ) ;
#2927 = CARTESIAN_POINT ( 'NONE',  ( -0.02636441575317245700, 3.499900701103103400, -3.799999999999999800 ) ) ;
#2928 = ORIENTED_EDGE ( 'NONE', *, *, #1393, .F. ) ;
#2929 = CYLINDRICAL_SURFACE ( 'NONE', #776, 4.250000000000003600 ) ;
#2930 = CARTESIAN_POINT ( 'NONE',  ( 59.22241874790730500, 63.66287383870780300, 42.32104261467991800 ) ) ;
#2931 = CARTESIAN_POINT ( 'NONE',  ( -77.51033472444052600, -59.98667751512791600, 23.81367843567863200 ) ) ;
#2932 = CARTESIAN_POINT ( 'NONE',  ( -48.31667791668999700, -14.36871663070000000, 81.20000000000000300 ) ) ;
#2933 = LINE ( 'NONE', #3680, #1500 ) ;
#2934 = DIRECTION ( 'NONE',  ( -1.000000000000000000, 0.0000000000000000000, 0.0000000000000000000 ) ) ;
#2935 = B_SPLINE_CURVE_WITH_KNOTS ( 'NONE', 3,
 ( #71, #1877, #1298, #19, #1836, #3628, #753, #3866, #1156, #3045, #931, #2736, #1519, #966, #2166, #1864, #2474, #3034 ),
 .UNSPECIFIED., .F., .F.,
 ( 4, 1, 1, 1, 1, 1, 1, 1, 1, 1, 1, 1, 1, 1, 1, 4 ),
 ( 3.469446951953614200E-017, 0.003418895545466212000, 0.006837791090932389400, 0.009117054787909841000, 0.01367558218186474400, 0.01823410957581964700, 0.02051337327279709900, 0.02735116436372945400, 0.03646821915163926000, 0.04102674654559416300, 0.04558527393954906600, 0.05470232872745887200, 0.05926085612141377600, 0.06381938351536867200, 0.06837791090932357500, 0.07293643830327847800 ),
 .UNSPECIFIED. ) ;
#2936 = CARTESIAN_POINT ( 'NONE',  ( 1.640886452350276400, -2.863806508361709000, -3.999999134488792400 ) ) ;
#2937 = CARTESIAN_POINT ( 'NONE',  ( 79.04551921825599000, 61.34502834025431600, 21.46008624024676300 ) ) ;
#2938 = CARTESIAN_POINT ( 'NONE',  ( 80.83822589731001100, -71.67269000576999400, 18.80000000000000100 ) ) ;
#2939 = CIRCLE ( 'NONE', #576, 34.99999999999997200 ) ;
#2940 = CARTESIAN_POINT ( 'NONE',  ( -6.998006480993087300, 59.59139536231838700, 29.75603309394740100 ) ) ;
#2941 = AXIS2_PLACEMENT_3D ( 'NONE', #3835, #3677, #1258 ) ;
#2942 = ADVANCED_FACE ( 'NONE', ( #26 ), #2017, .F. ) ;
#2943 = CARTESIAN_POINT ( 'NONE',  ( -24.07031021677999800, 21.92031021677999900, 67.20000000000000300 ) ) ;
#2944 = AXIS2_PLACEMENT_3D ( 'NONE', #3473, #93, #1036 ) ;
#2945 = CARTESIAN_POINT ( 'NONE',  ( -5.999791085688804600, 59.70027663490054700, 9.600190010312191500 ) ) ;
#2946 = CARTESIAN_POINT ( 'NONE',  ( 2.611550351350992100, -2.018188347948044500, -3.999999768989270300 ) ) ;
#2947 = FACE_OUTER_BOUND ( 'NONE', #1990, .T. ) ;
#2948 = EDGE_CURVE ( 'NONE', #2158, #1808, #1641, .T. ) ;
#2949 = DIRECTION ( 'NONE',  ( -1.000000000000000000, 0.0000000000000000000, 0.0000000000000000000 ) ) ;
#2950 = VERTEX_POINT ( 'NONE', #907 ) ;
#2951 = LINE ( 'NONE', #714, #1328 ) ;
#2952 = CARTESIAN_POINT ( 'NONE',  ( 46.27149353211999700, 51.68030560822000300, 60.40000000000000600 ) ) ;
#2953 = DIRECTION ( 'NONE',  ( 0.8660254037844289400, 0.5000000000000167600, 0.0000000000000000000 ) ) ;
#2954 = VECTOR ( 'NONE', #1001, 1000.000000000000000 ) ;
#2955 = CARTESIAN_POINT ( 'NONE',  ( 0.0000000000000000000, 0.0000000000000000000, 0.0000000000000000000 ) ) ;
#2956 = CARTESIAN_POINT ( 'NONE',  ( 80.00000000000000000, 80.00000000000000000, 0.0000000000000000000 ) ) ;
#2957 = EDGE_LOOP ( 'NONE', ( #1426, #2457, #1397, #2058, #2044, #3909 ) ) ;
#2958 = CARTESIAN_POINT ( 'NONE',  ( 66.98549810092005400, 57.85018032354677300, 38.89103026140094200 ) ) ;
#2959 = CARTESIAN_POINT ( 'NONE',  ( 67.31919688915999700, -50.87150307334000100, 39.60000000000000100 ) ) ;
#2960 = CARTESIAN_POINT ( 'NONE',  ( -49.85668041696000300, -57.25779439690000300, 52.85976633066000100 ) ) ;
#2961 = ORIENTED_EDGE ( 'NONE', *, *, #3564, .F. ) ;
#2962 = AXIS2_PLACEMENT_3D ( 'NONE', #1489, #1181, #3878 ) ;
#2963 = CARTESIAN_POINT ( 'NONE',  ( -37.92026604163999800, 32.98629888416999700, 80.80614555453000500 ) ) ;
#2964 = DIRECTION ( 'NONE',  ( -0.5000000000000167600, 0.8660254037844289400, 0.0000000000000000000 ) ) ;
#2965 = LINE ( 'NONE', #1884, #1773 ) ;
#2966 = CARTESIAN_POINT ( 'NONE',  ( 11.90300027008600600, 58.80748393035392500, 18.42645830594701200 ) ) ;
#2967 = DIRECTION ( 'NONE',  ( -0.0000000000000000000, -0.0000000000000000000, 1.000000000000000000 ) ) ;
#2968 = CARTESIAN_POINT ( 'NONE',  ( -66.20774637620000600, 61.57406936065999800, 38.88657671872000100 ) ) ;
#2969 = EDGE_CURVE ( 'NONE', #2583, #1327, #3876, .T. ) ;
#2970 = ORIENTED_EDGE ( 'NONE', *, *, #2121, .T. ) ;
#2971 = VERTEX_POINT ( 'NONE', #2450 ) ;
#2972 = CARTESIAN_POINT ( 'NONE',  ( 67.61939340404761400, 57.71253352049294700, 38.07503078179153300 ) ) ;
#2973 = DIRECTION ( 'NONE',  ( -1.000000000000000000, 0.0000000000000000000, 0.0000000000000000000 ) ) ;
#2974 = EDGE_CURVE ( 'NONE', #237, #3, #845, .T. ) ;
#2975 = CYLINDRICAL_SURFACE ( 'NONE', #2496, 2.149999999999999000 ) ;
#2976 = CARTESIAN_POINT ( 'NONE',  ( 6.569819958616033500, 3.347006139762658300, -3.999983393933619300 ) ) ;
#2977 = CARTESIAN_POINT ( 'NONE',  ( 42.50000000000246600, 6.276314845630121900E-015, 67.20000000000160900 ) ) ;
#2978 = CARTESIAN_POINT ( 'NONE',  ( -33.02253715681001000, -37.88750121561999900, 80.80614555453000500 ) ) ;
#2979 = CARTESIAN_POINT ( 'NONE',  ( 11.36472080459466800, 58.91397816891687700, 23.87281578351205600 ) ) ;
#2980 = APPLICATION_PROTOCOL_DEFINITION ( 'draft international standard', 'automotive_design', 1998, #412 ) ;
#2981 = CARTESIAN_POINT ( 'NONE',  ( -70.00000000000000000, 70.00000000000000000, 20.00000000000000000 ) ) ;
#2982 = CARTESIAN_POINT ( 'NONE',  ( -0.02485788907802096600, 3.299907994249688900, -4.000000000000000000 ) ) ;
#2983 = CARTESIAN_POINT ( 'NONE',  ( 58.55872315620007400, -64.96053453269483700, 41.22586100793989100 ) ) ;
#2984 = ORIENTED_EDGE ( 'NONE', *, *, #1625, .F. ) ;
#2985 = CIRCLE ( 'NONE', #1758, 2.149999999999999000 ) ;
#2986 = DIRECTION ( 'NONE',  ( 0.0000000000000000000, 0.0000000000000000000, -1.000000000000000000 ) ) ;
#2987 = DIRECTION ( 'NONE',  ( -1.000000000000000000, 0.0000000000000000000, 0.0000000000000000000 ) ) ;
#2988 = DIRECTION ( 'NONE',  ( -1.000000000000000000, 0.0000000000000000000, 0.0000000000000000000 ) ) ;
#2989 = EDGE_CURVE ( 'NONE', #2697, #3440, #373, .T. ) ;
#2990 = CARTESIAN_POINT ( 'NONE',  ( -32.98629888416999700, -37.92026604163999800, 80.80614555453000500 ) ) ;
#2991 = VECTOR ( 'NONE', #2077, 1000.000000000000200 ) ;
#2992 = CARTESIAN_POINT ( 'NONE',  ( 2.000000000000000000, 0.0000000000000000000, 0.0000000000000000000 ) ) ;
#2993 = CARTESIAN_POINT ( 'NONE',  ( -3.416665922459318800, -0.05794740712947892000, -4.000000000000000000 ) ) ;
#2994 = DIRECTION ( 'NONE',  ( 0.0000000000000000000, 0.0000000000000000000, -1.000000000000000000 ) ) ;
#2995 = DIRECTION ( 'NONE',  ( -1.000000000000000000, 0.0000000000000000000, 0.0000000000000000000 ) ) ;
#2996 = CARTESIAN_POINT ( 'NONE',  ( 57.60018741723017400, -71.60742728606646800, 32.61026153717745000 ) ) ;
#2997 = ORIENTED_EDGE ( 'NONE', *, *, #3406, .F. ) ;
#2998 = ORIENTED_EDGE ( 'NONE', *, *, #739, .T. ) ;
#2999 = EDGE_CURVE ( 'NONE', #733, #1327, #3566, .T. ) ;
#3000 = CARTESIAN_POINT ( 'NONE',  ( -37.45764441015000300, 33.49677597422000000, 80.80614555453000500 ) ) ;
#3001 = CARTESIAN_POINT ( 'NONE',  ( 35.51529994007000100, 35.51529994007000100, 80.80614555453000500 ) ) ;
#3002 = ADVANCED_FACE ( 'NONE', ( #1110 ), #2685, .T. ) ;
#3003 = B_SPLINE_CURVE_WITH_KNOTS ( 'NONE', 3,
 ( #3900, #214, #839, #1373, #226, #499, #1042, #3802, #1412, #512, #823, #364, #3359, #1248, #48, #2769, #2470, #2163 ),
 .UNSPECIFIED., .F., .F.,
 ( 4, 1, 1, 1, 1, 1, 1, 1, 1, 1, 1, 1, 1, 1, 1, 4 ),
 ( 1.551583845779545700E-017, 0.003418895545466245000, 0.006837791090932474400, 0.009117054787909960700, 0.01367558218186493300, 0.01823410957581990400, 0.02051337327279739000, 0.02735116436372984900, 0.03646821915163979400, 0.04102674654559476700, 0.04558527393954973900, 0.05470232872745968400, 0.05926085612141465700, 0.06381938351536962900, 0.06837791090932460200, 0.07293643830327957400 ),
 .UNSPECIFIED. ) ;
#3004 = APPLICATION_PROTOCOL_DEFINITION ( 'draft international standard', 'automotive_design', 1998, #2786 ) ;
#3005 = DIRECTION ( 'NONE',  ( -0.0000000000000000000, -0.0000000000000000000, 1.000000000000000000 ) ) ;
#3006 = ORIENTED_EDGE ( 'NONE', *, *, #3207, .T. ) ;
#3007 = CARTESIAN_POINT ( 'NONE',  ( -57.50000000000004300, -70.45883266847431500, 34.23710079593816900 ) ) ;
#3008 = DIRECTION ( 'NONE',  ( -0.0000000000000000000, -0.0000000000000000000, 1.000000000000000000 ) ) ;
#3009 = DIRECTION ( 'NONE',  ( -1.000000000000000000, 0.0000000000000000000, 0.0000000000000000000 ) ) ;
#3010 = CARTESIAN_POINT ( 'NONE',  ( 44.00993949969000600, 52.52804712345999900, 60.40000000000000600 ) ) ;
#3011 = CARTESIAN_POINT ( 'NONE',  ( -2.131628207279999800E-014, 80.00000000000000000, 32.00000000000000000 ) ) ;
#3012 = VERTEX_POINT ( 'NONE', #3245 ) ;
#3013 = ORIENTED_EDGE ( 'NONE', *, *, #3482, .F. ) ;
#3014 = AXIS2_PLACEMENT_3D ( 'NONE', #3166, #2233, #423 ) ;
#3015 = ORIENTED_EDGE ( 'NONE', *, *, #3851, .F. ) ;
#3016 = AXIS2_PLACEMENT_3D ( 'NONE', #1212, #3038, #2730 ) ;
#3017 = CARTESIAN_POINT ( 'NONE',  ( 9.276545461103266300, 71.33525367912390900, 37.72181969982810300 ) ) ;
#3018 = ORIENTED_EDGE ( 'NONE', *, *, #460, .F. ) ;
#3019 = CARTESIAN_POINT ( 'NONE',  ( -57.99362513841835200, -73.59485607115934200, 29.72634386368455800 ) ) ;
#3020 = ORIENTED_EDGE ( 'NONE', *, *, #2875, .F. ) ;
#3021 = CARTESIAN_POINT ( 'NONE',  ( 45.85310094556837900, 22.48092323875956200, 80.00000000000014200 ) ) ;
#3022 = CIRCLE ( 'NONE', #803, 4.250000000000003600 ) ;
#3023 = DIRECTION ( 'NONE',  ( 0.0000000000000000000, 0.0000000000000000000, -1.000000000000000000 ) ) ;
#3024 = EDGE_LOOP ( 'NONE', ( #3079, #3906, #2656, #59, #189, #875, #466, #1550 ) ) ;
#3025 = CARTESIAN_POINT ( 'NONE',  ( 10.92497700582000100, -60.13261056152001100, 60.40000000000000600 ) ) ;
#3026 = EDGE_CURVE ( 'NONE', #1742, #337, #2333, .T. ) ;
#3027 = CARTESIAN_POINT ( 'NONE',  ( 59.99999999999650400, 7.347880794883692400E-015, 40.00000000000000000 ) ) ;
#3028 = DIRECTION ( 'NONE',  ( 0.0000000000000000000, 0.0000000000000000000, -1.000000000000000000 ) ) ;
#3029 = DIRECTION ( 'NONE',  ( 0.0000000000000000000, 1.000000000000000000, 0.0000000000000000000 ) ) ;
#3030 = DIRECTION ( 'NONE',  ( 0.0000000000000000000, 0.0000000000000000000, -1.000000000000000000 ) ) ;
#3031 = DIRECTION ( 'NONE',  ( -1.000000000000000000, 0.0000000000000000000, 0.0000000000000000000 ) ) ;
#3032 = CIRCLE ( 'NONE', #2059, 12.49999999999999600 ) ;
#3033 = CARTESIAN_POINT ( 'NONE',  ( -14.62077070654517500, 48.93791952616629000, 80.00000000000014200 ) ) ;
#3034 = CARTESIAN_POINT ( 'NONE',  ( -38.38141143005102400, 33.58373500129091100, 80.00000000000001400 ) ) ;
#3035 = VERTEX_POINT ( 'NONE', #3184 ) ;
#3036 = CARTESIAN_POINT ( 'NONE',  ( -2.131628207279999800E-014, 80.00000000000000000, 20.00000000000000000 ) ) ;
#3037 = CARTESIAN_POINT ( 'NONE',  ( -44.00993949969000600, -52.52804712345999900, 60.40000000000000600 ) ) ;
#3038 = DIRECTION ( 'NONE',  ( 0.0000000000000000000, 0.0000000000000000000, -1.000000000000000000 ) ) ;
#3039 = AXIS2_PLACEMENT_3D ( 'NONE', #3914, #1802, #2402 ) ;
#3040 = PLANE ( 'NONE',  #2835 ) ;
#3041 = ORIENTED_EDGE ( 'NONE', *, *, #667, .T. ) ;
#3042 = CIRCLE ( 'NONE', #2812, 4.250000000000003600 ) ;
#3043 = ADVANCED_FACE ( 'NONE', ( #3169, #3412 ), #283, .F. ) ;
#3044 = EDGE_LOOP ( 'NONE', ( #1307, #687, #917, #2552, #3650, #1128 ) ) ;
#3045 = CARTESIAN_POINT ( 'NONE',  ( -51.14457826244114400, -1.563258596342096200, 80.00000000000001400 ) ) ;
#3046 = VECTOR ( 'NONE', #3332, 1000.000000000000000 ) ;
#3047 = CARTESIAN_POINT ( 'NONE',  ( 4.612062068061000300, 50.27253017230999900, 81.20000000000000300 ) ) ;
#3048 = CARTESIAN_POINT ( 'NONE',  ( 1.537361089093000100, -50.56746982768999700, 81.20000000000000300 ) ) ;
#3049 = CARTESIAN_POINT ( 'NONE',  ( 0.8660254037844459200, -1.500000000000026600, -1.400000000000000100 ) ) ;
#3050 = EDGE_CURVE ( 'NONE', #1567, #3146, #3698, .T. ) ;
#3051 = CIRCLE ( 'NONE', #2085, 34.50000000000000000 ) ;
#3052 = CARTESIAN_POINT ( 'NONE',  ( -58.97495045380863100, 64.10396474450358500, 41.98852338065187000 ) ) ;
#3053 = B_SPLINE_CURVE_WITH_KNOTS ( 'NONE', 3,
 ( #642, #12, #1774, #1425, #3225, #1121 ),
 .UNSPECIFIED., .F., .F.,
 ( 4, 2, 4 ),
 ( 3.718042987691977000E-015, 0.003032400718086607700, 0.006064801436169498000 ),
 .UNSPECIFIED. ) ;
#3054 = EDGE_LOOP ( 'NONE', ( #439, #3006, #945, #2998 ) ) ;
#3055 = APPLICATION_PROTOCOL_DEFINITION ( 'draft international standard', 'automotive_design', 1998, #199 ) ;
#3056 = CARTESIAN_POINT ( 'NONE',  ( 66.34027823144767000, 58.04774345251978200, 39.69272227325816300 ) ) ;
#3057 = PRODUCT_DEFINITION_FORMATION_WITH_SPECIFIED_SOURCE ( 'ANY', '', #1279, .NOT_KNOWN. ) ;
#3058 = CARTESIAN_POINT ( 'NONE',  ( -8.597922279883608400, 50.49397608147033600, 80.00000000000014200 ) ) ;
#3059 = ADVANCED_FACE ( 'NONE', ( #833 ), #921, .F. ) ;
#3060 = CARTESIAN_POINT ( 'NONE',  ( -58.04774345251976800, 66.34027823144764100, 39.69272227325815500 ) ) ;
#3061 = DIRECTION ( 'NONE',  ( 0.0000000000000000000, 0.0000000000000000000, -1.000000000000000000 ) ) ;
#3062 = CARTESIAN_POINT ( 'NONE',  ( -66.98701068243606500, 57.84971717857652600, 38.88915086403834900 ) ) ;
#3063 = CARTESIAN_POINT ( 'NONE',  ( 3.227207280653648300, -0.6998197338781651000, -3.999999991245891500 ) ) ;
#3064 = EDGE_LOOP ( 'NONE', ( #1694, #564, #994, #1695 ) ) ;
#3065 = AXIS2_PLACEMENT_3D ( 'NONE', #404, #2033, #1679 ) ;
#3066 = CARTESIAN_POINT ( 'NONE',  ( 70.19926611082999600, -17.03859137155999900, 39.60000000000000100 ) ) ;
#3067 = ORIENTED_EDGE ( 'NONE', *, *, #3713, .T. ) ;
#3068 = ORIENTED_EDGE ( 'NONE', *, *, #1239, .T. ) ;
#3069 = AXIS2_PLACEMENT_3D ( 'NONE', #3661, #2759, #1879 ) ;
#3070 = EDGE_CURVE ( 'NONE', #646, #155, #14, .T. ) ;
#3071 = CARTESIAN_POINT ( 'NONE',  ( 1.263788128624354900, 3.048673822235935700, -3.999999971557219900 ) ) ;
#3072 = CARTESIAN_POINT ( 'NONE',  ( 0.09233478301324341000, -3.498781829129375100, -3.799999999999999800 ) ) ;
#3073 = EDGE_CURVE ( 'NONE', #1026, #2331, #3216, .T. ) ;
#3074 = CARTESIAN_POINT ( 'NONE',  ( 68.87232966759999900, -80.82083348930000000, 18.80000000000000100 ) ) ;
#3075 = DIRECTION ( 'NONE',  ( -1.000000000000000000, 0.0000000000000000000, -0.0000000000000000000 ) ) ;
#3076 = ORIENTED_EDGE ( 'NONE', *, *, #561, .T. ) ;
#3077 = CARTESIAN_POINT ( 'NONE',  ( -58.30251625822182100, -65.57118203761956500, 40.60654772777149200 ) ) ;
#3078 = CARTESIAN_POINT ( 'NONE',  ( 80.68293798109000600, -43.58992986388000200, 18.80000000000000100 ) ) ;
#3079 = ORIENTED_EDGE ( 'NONE', *, *, #2771, .F. ) ;
#3080 = CIRCLE ( 'NONE', #3297, 9.999999999999994700 ) ;
#3081 = DIRECTION ( 'NONE',  ( 0.0000000000000000000, 0.0000000000000000000, -1.000000000000000000 ) ) ;
#3082 = CARTESIAN_POINT ( 'NONE',  ( 34.34918942584000200, 36.65839402699000300, 80.80614555453000500 ) ) ;
#3083 = CARTESIAN_POINT ( 'NONE',  ( -20.00000000000001100, 80.00000000000042600, 20.00000000000021700 ) ) ;
#3084 = EDGE_LOOP ( 'NONE', ( #480, #2560, #1772 ) ) ;
#3085 = CARTESIAN_POINT ( 'NONE',  ( -46.73134835266999700, -18.63360003912000100, 81.20000000000000300 ) ) ;
#3086 = DIRECTION ( 'NONE',  ( 0.0000000000000000000, 0.0000000000000000000, -1.000000000000000000 ) ) ;
#3087 = ORIENTED_EDGE ( 'NONE', *, *, #3283, .F. ) ;
#3088 = FACE_BOUND ( 'NONE', #3539, .T. ) ;
#3089 = AXIS2_PLACEMENT_3D ( 'NONE', #319, #3028, #628 ) ;
#3090 = AXIS2_PLACEMENT_3D ( 'NONE', #1531, #1745, #1449 ) ;
#3091 = PLANE ( 'NONE',  #2213 ) ;
#3092 = VERTEX_POINT ( 'NONE', #2406 ) ;
#3093 = DIRECTION ( 'NONE',  ( 0.0000000000000000000, -1.000000000000000000, 0.0000000000000000000 ) ) ;
#3094 = VECTOR ( 'NONE', #992, 1000.000000000000000 ) ;
#3095 = PRODUCT_DEFINITION_SHAPE ( 'NONE', 'NONE',  #3921 ) ;
#3096 = EDGE_CURVE ( 'NONE', #2632, #911, #3310, .T. ) ;
#3097 = CARTESIAN_POINT ( 'NONE',  ( 21.92031021677999900, -21.92031021677999900, 72.20000000000000300 ) ) ;
#3098 = DIRECTION ( 'NONE',  ( 0.0000000000000000000, 1.000000000000000000, -0.0000000000000000000 ) ) ;
#3099 = VECTOR ( 'NONE', #622, 1000.000000000000000 ) ;
#3100 = DIRECTION ( 'NONE',  ( -1.000000000000000000, -0.0000000000000000000, 0.0000000000000000000 ) ) ;
#3101 = ORIENTED_EDGE ( 'NONE', *, *, #2771, .T. ) ;
#3102 = CIRCLE ( 'NONE', #1956, 2.149999999999999000 ) ;
#3103 = EDGE_LOOP ( 'NONE', ( #74, #2416 ) ) ;
#3104 = CARTESIAN_POINT ( 'NONE',  ( -80.00000000000000000, -70.00000000000000000, 0.0000000000000000000 ) ) ;
#3105 = ORIENTED_EDGE ( 'NONE', *, *, #862, .T. ) ;
#3106 = CARTESIAN_POINT ( 'NONE',  ( 43.42414940412000100, 46.50817814338999800, 66.83295594259999500 ) ) ;
#3107 = CARTESIAN_POINT ( 'NONE',  ( 65.75000000000000000, 70.00000000000000000, 0.0000000000000000000 ) ) ;
#3108 = AXIS2_PLACEMENT_3D ( 'NONE', #1889, #1513, #2987 ) ;
#3109 = DIRECTION ( 'NONE',  ( 0.0000000000000000000, 0.0000000000000000000, 1.000000000000000000 ) ) ;
#3110 = CARTESIAN_POINT ( 'NONE',  ( -68.09406068477000000, -80.81599860029000100, 18.80000000000000100 ) ) ;
#3111 = AXIS2_PLACEMENT_3D ( 'NONE', #2855, #3702, #863 ) ;
#3112 = ORIENTED_EDGE ( 'NONE', *, *, #1963, .F. ) ;
#3113 = FACE_BOUND ( 'NONE', #3276, .T. ) ;
#3114 =( NAMED_UNIT ( * ) PLANE_ANGLE_UNIT ( ) SI_UNIT ( $, .RADIAN. ) );
#3115 = CARTESIAN_POINT ( 'NONE',  ( 19.77031021678000000, -21.92031021677999900, 67.20000000000000300 ) ) ;
#3116 = CARTESIAN_POINT ( 'NONE',  ( 69.34533378615000700, 30.37262943109999800, 39.60000000000000100 ) ) ;
#3117 = VERTEX_POINT ( 'NONE', #2276 ) ;
#3118 = EDGE_CURVE ( 'NONE', #1615, #2158, #1005, .T. ) ;
#3119 = CARTESIAN_POINT ( 'NONE',  ( -69.48747284361114400, -57.49558050106170300, 35.58282237703150500 ) ) ;
#3120 = CIRCLE ( 'NONE', #3448, 1.800000000002910400 ) ;
#3121 = DIRECTION ( 'NONE',  ( -0.0000000000000000000, -0.0000000000000000000, 1.000000000000000000 ) ) ;
#3122 = CARTESIAN_POINT ( 'NONE',  ( -24.07031021677999800, 21.92031021677999900, 67.20000000000000300 ) ) ;
#3123 =( GEOMETRIC_REPRESENTATION_CONTEXT ( 3 ) GLOBAL_UNCERTAINTY_ASSIGNED_CONTEXT ( ( #1516 ) ) GLOBAL_UNIT_ASSIGNED_CONTEXT ( ( #3180, #1372, #1667 ) ) REPRESENTATION_CONTEXT ( 'NONE', 'WORKASPACE' ) );
#3124 = CARTESIAN_POINT ( 'NONE',  ( 73.07251240433062400, 57.86880848990793400, 30.48976568877420900 ) ) ;
#3125 = CARTESIAN_POINT ( 'NONE',  ( 1.967018194876641000, 59.96898625468743700, 8.155802814073990000 ) ) ;
#3126 = ORIENTED_EDGE ( 'NONE', *, *, #2466, .F. ) ;
#3127 = CIRCLE ( 'NONE', #3274, 4.250000000000003600 ) ;
#3128 = CARTESIAN_POINT ( 'NONE',  ( -66.34027823144764100, -58.04774345251976800, 39.69272227325815500 ) ) ;
#3129 = AXIS2_PLACEMENT_3D ( 'NONE', #498, #1411, #1029 ) ;
#3130 = CIRCLE ( 'NONE', #1598, 2.149999999999999000 ) ;
#3131 = AXIS2_PLACEMENT_3D ( 'NONE', #3707, #2045, #1607 ) ;
#3132 = DIRECTION ( 'NONE',  ( 0.0000000000000000000, 0.0000000000000000000, -1.000000000000000000 ) ) ;
#3133 = VERTEX_POINT ( 'NONE', #2607 ) ;
#3134 = LINE ( 'NONE', #3319, #3138 ) ;
#3135 = CARTESIAN_POINT ( 'NONE',  ( -62.97898396164049500, -59.65451840916971800, 42.75003112680624200 ) ) ;
#3136 = CARTESIAN_POINT ( 'NONE',  ( 38.38407138504000200, -31.96787890714999800, 81.20000000000000300 ) ) ;
#3137 = CYLINDRICAL_SURFACE ( 'NONE', #3244, 20.00000000000000000 ) ;
#3138 = VECTOR ( 'NONE', #3333, 1000.000000000000000 ) ;
#3139 = EDGE_CURVE ( 'NONE', #3749, #813, #1630, .T. ) ;
#3140 = MECHANICAL_DESIGN_GEOMETRIC_PRESENTATION_REPRESENTATION (  '', ( #2197 ), #3123 ) ;
#3141 = CARTESIAN_POINT ( 'NONE',  ( -6.014185910686127700, 59.69883252411767000, 30.39153355097316800 ) ) ;
#3142 = ORIENTED_EDGE ( 'NONE', *, *, #2745, .F. ) ;
#3143 = ORIENTED_EDGE ( 'NONE', *, *, #3426, .T. ) ;
#3144 = ORIENTED_EDGE ( 'NONE', *, *, #119, .T. ) ;
#3145 = CARTESIAN_POINT ( 'NONE',  ( 0.0000000000000000000, 0.0000000000000000000, 72.20000000000000300 ) ) ;
#3146 = VERTEX_POINT ( 'NONE', #3161 ) ;
#3147 = CARTESIAN_POINT ( 'NONE',  ( -65.96393521539693000, -58.16297782042453700, 40.16033215937800800 ) ) ;
#3148 = CARTESIAN_POINT ( 'NONE',  ( 36.65839402699000300, 34.34918942584000200, 80.80614555453000500 ) ) ;
#3149 = CARTESIAN_POINT ( 'NONE',  ( 3.127743535976988700, 1.054454575733844600, -3.999999999948693000 ) ) ;
#3150 = ORIENTED_EDGE ( 'NONE', *, *, #2906, .F. ) ;
#3151 = ADVANCED_FACE ( 'NONE', ( #215 ), #3492, .F. ) ;
#3152 = SURFACE_STYLE_USAGE ( .BOTH. , #1073 ) ;
#3153 = CIRCLE ( 'NONE', #1597, 1.800000000002910400 ) ;
#3154 = CARTESIAN_POINT ( 'NONE',  ( 47.86226395399999900, -67.66042336751999600, 39.60000000000000100 ) ) ;
#3155 = PRESENTATION_LAYER_ASSIGNMENT (  '', '', ( #1934 ) ) ;
#3156 = CARTESIAN_POINT ( 'NONE',  ( -37.24920519535999800, -33.17708199553000300, 81.20000000000000300 ) ) ;
#3157 = DIRECTION ( 'NONE',  ( -0.9999716288866009600, -0.007532690215192008200, 0.0000000000000000000 ) ) ;
#3158 = ORIENTED_EDGE ( 'NONE', *, *, #210, .T. ) ;
#3159 = CARTESIAN_POINT ( 'NONE',  ( -60.94836561463033300, 61.37379418093429000, 43.27818157747850600 ) ) ;
#3160 = ORIENTED_EDGE ( 'NONE', *, *, #370, .F. ) ;
#3161 = CARTESIAN_POINT ( 'NONE',  ( -33.58373500129311400, 38.38141143005537300, 80.00000000000001400 ) ) ;
#3162 = EDGE_CURVE ( 'NONE', #2902, #1285, #318, .T. ) ;
#3163 = B_SPLINE_CURVE_WITH_KNOTS ( 'NONE', 3,
 ( #331, #3062, #2429, #1269, #3756, #152, #1646, #3613, #1754, #1003, #1247, #2680, #1880, #73, #2184, #380, #693, #2493, #978, #2788 ),
 .UNSPECIFIED., .F., .F.,
 ( 4, 2, 2, 2, 2, 2, 2, 2, 2, 4 ),
 ( 3.729214908251200700E-015, 0.003106928669022720200, 0.006213857338041710700, 0.009320786007060703800, 0.01087425034157019900, 0.01242771467607968800, 0.01553464334509865500, 0.01864157201411762600, 0.02174850068313659600, 0.02485542935215556300 ),
 .UNSPECIFIED. ) ;
#3164 = CARTESIAN_POINT ( 'NONE',  ( 2.464415868618392600, 2.196971662651520800, -3.999998918990711200 ) ) ;
#3165 = FACE_OUTER_BOUND ( 'NONE', #486, .T. ) ;
#3166 = CARTESIAN_POINT ( 'NONE',  ( 0.0000000000000000000, 0.0000000000000000000, 67.20000000000160900 ) ) ;
#3167 = ORIENTED_EDGE ( 'NONE', *, *, #247, .F. ) ;
#3168 = CARTESIAN_POINT ( 'NONE',  ( -66.59305300802999700, -56.65844293619000600, 39.60000000000000100 ) ) ;
#3169 = FACE_BOUND ( 'NONE', #1427, .T. ) ;
#3170 = EDGE_LOOP ( 'NONE', ( #3784, #1640 ) ) ;
#3171 = DIRECTION ( 'NONE',  ( -1.000000000000000000, -0.0000000000000000000, -0.0000000000000000000 ) ) ;
#3172 = DIRECTION ( 'NONE',  ( 0.0000000000000000000, 0.0000000000000000000, -1.000000000000000000 ) ) ;
#3173 = CIRCLE ( 'NONE', #3917, 20.00000000000000000 ) ;
#3174 = CARTESIAN_POINT ( 'NONE',  ( 80.00000000000000000, 70.00000000000000000, 46.07200000000000300 ) ) ;
#3175 = CARTESIAN_POINT ( 'NONE',  ( -57.01907880903000600, 50.79800129614999800, 52.85976633066000100 ) ) ;
#3176 = EDGE_LOOP ( 'NONE', ( #2507, #2119 ) ) ;
#3177 = CARTESIAN_POINT ( 'NONE',  ( 2.238163731079652500, 2.425266854276949800, -3.999999988251482300 ) ) ;
#3178 = FACE_BOUND ( 'NONE', #2789, .T. ) ;
#3179 = CARTESIAN_POINT ( 'NONE',  ( 62.74682151156051200, 59.81542677855251400, 42.87080536906566400 ) ) ;
#3180 =( LENGTH_UNIT ( ) NAMED_UNIT ( * ) SI_UNIT ( .MILLI., .METRE. ) );
#3181 = EDGE_CURVE ( 'NONE', #236, #1993, #2066, .T. ) ;
#3182 = CARTESIAN_POINT ( 'NONE',  ( 50.87150307334000100, 67.31919688915999700, 39.60000000000000100 ) ) ;
#3183 = CYLINDRICAL_SURFACE ( 'NONE', #3550, 12.00000000000000000 ) ;
#3184 = CARTESIAN_POINT ( 'NONE',  ( -74.25000000000001400, 70.00000000000000000, 0.0000000000000000000 ) ) ;
#3185 = CARTESIAN_POINT ( 'NONE',  ( -10.43521817369526200, 71.62741336096100000, 37.07540338318398200 ) ) ;
#3186 = ORIENTED_EDGE ( 'NONE', *, *, #612, .F. ) ;
#3187 = ADVANCED_FACE ( 'NONE', ( #3401 ), #2808, .F. ) ;
#3188 = ORIENTED_EDGE ( 'NONE', *, *, #2999, .F. ) ;
#3189 = EDGE_LOOP ( 'NONE', ( #3068, #3880, #102, #3852 ) ) ;
#3190 = CARTESIAN_POINT ( 'NONE',  ( -7.926050175795998200, 59.47679348320114900, 10.95639607855817100 ) ) ;
#3191 = CARTESIAN_POINT ( 'NONE',  ( 25.95693926007000100, 42.94608983970000100, 81.20000000000000300 ) ) ;
#3192 = CARTESIAN_POINT ( 'NONE',  ( -0.8660254037843999600, -1.500000000000000000, -4.000000000000000000 ) ) ;
#3193 = LINE ( 'NONE', #3308, #814 ) ;
#3194 = CARTESIAN_POINT ( 'NONE',  ( 57.53549078604005000, 68.86746681462108200, 36.42480644093481600 ) ) ;
#3195 = DIRECTION ( 'NONE',  ( -1.000000000000000000, -0.0000000000000000000, -0.0000000000000000000 ) ) ;
#3196 = AXIS2_PLACEMENT_3D ( 'NONE', #3363, #603, #888 ) ;
#3197 = CARTESIAN_POINT ( 'NONE',  ( -70.00000000000000000, -70.00000000000000000, 0.0000000000000000000 ) ) ;
#3198 = AXIS2_PLACEMENT_3D ( 'NONE', #2132, #333, #6 ) ;
#3199 = VERTEX_POINT ( 'NONE', #263 ) ;
#3200 = CARTESIAN_POINT ( 'NONE',  ( 74.25000000000001400, 70.00000000000000000, 20.00000000000000000 ) ) ;
#3201 = ADVANCED_FACE ( 'NONE', ( #411 ), #510, .T. ) ;
#3202 = CYLINDRICAL_SURFACE ( 'NONE', #3666, 27.50000000000000000 ) ;
#3203 = CARTESIAN_POINT ( 'NONE',  ( -24.50311473511000000, 58.03834106941000900, 60.40000000000000600 ) ) ;
#3204 = CARTESIAN_POINT ( 'NONE',  ( 1.552602201658752400, -2.913194693156510700, -3.999999352185697800 ) ) ;
#3205 = VERTEX_POINT ( 'NONE', #1783 ) ;
#3206 = CARTESIAN_POINT ( 'NONE',  ( 59.25973757359525300, 76.42720530284617600, 25.46655566301715000 ) ) ;
#3207 = EDGE_CURVE ( 'NONE', #1512, #429, #3601, .T. ) ;
#3208 = VECTOR ( 'NONE', #101, 1000.000000000000100 ) ;
#3209 = CARTESIAN_POINT ( 'NONE',  ( 0.0000000000000000000, 0.0000000000000000000, 80.00000000000000000 ) ) ;
#3210 = CARTESIAN_POINT ( 'NONE',  ( 0.02486482435968299900, -3.299909562781217600, -3.999999999986880300 ) ) ;
#3211 = ORIENTED_EDGE ( 'NONE', *, *, #1139, .F. ) ;
#3212 = CARTESIAN_POINT ( 'NONE',  ( -6.349382096140957700, 59.66399117502421500, 30.19007475121860300 ) ) ;
#3213 = CARTESIAN_POINT ( 'NONE',  ( 7.026165817959376400, -3.447171869596756800, -3.918357890360455000 ) ) ;
#3214 = DIRECTION ( 'NONE',  ( 0.0000000000000000000, 0.0000000000000000000, -1.000000000000000000 ) ) ;
#3215 = CARTESIAN_POINT ( 'NONE',  ( 80.00000000000000000, 70.00000000000000000, 20.00000000000000000 ) ) ;
#3216 = LINE ( 'NONE', #1617, #2533 ) ;
#3217 = CARTESIAN_POINT ( 'NONE',  ( -14.36871663070000000, 48.31667791668999700, 81.20000000000000300 ) ) ;
#3218 = CARTESIAN_POINT ( 'NONE',  ( -0.8660254037843999600, 1.500000000000000000, -4.000000000000000000 ) ) ;
#3219 = ADVANCED_FACE ( 'NONE', ( #1191 ), #2201, .T. ) ;
#3220 = VECTOR ( 'NONE', #689, 1000.000000000000000 ) ;
#3221 = CARTESIAN_POINT ( 'NONE',  ( 62.49999999999917600, 79.99999999999940300, 19.99999999999888100 ) ) ;
#3222 = CARTESIAN_POINT ( 'NONE',  ( 37.09986889164999700, -33.33401278641999700, 81.20000000000000300 ) ) ;
#3223 = FACE_OUTER_BOUND ( 'NONE', #3044, .T. ) ;
#3224 = CARTESIAN_POINT ( 'NONE',  ( -1.800000000002910400, 0.0000000000000000000, 9.999999999990905100 ) ) ;
#3225 = CARTESIAN_POINT ( 'NONE',  ( -57.50000000000000700, -69.40763469125963100, 35.69148142150692800 ) ) ;
#3226 = CYLINDRICAL_SURFACE ( 'NONE', #652, 20.00000000000000000 ) ;
#3227 = CARTESIAN_POINT ( 'NONE',  ( -58.37338801780000400, -66.91861028214999900, 38.88657671872000100 ) ) ;
#3228 = DIRECTION ( 'NONE',  ( 0.0000000000000000000, 0.0000000000000000000, -1.000000000000000000 ) ) ;
#3229 = CARTESIAN_POINT ( 'NONE',  ( 2.632867932812408300, -1.990333600196056500, -3.999999350590435700 ) ) ;
#3230 = VERTEX_POINT ( 'NONE', #60 ) ;
#3231 = CARTESIAN_POINT ( 'NONE',  ( 72.49285279279492000, 57.73654277029970000, 31.33680023409236900 ) ) ;
#3232 = CARTESIAN_POINT ( 'NONE',  ( 68.25177559476000500, 42.44347428833999900, 39.60000000000000100 ) ) ;
#3233 = VERTEX_POINT ( 'NONE', #2644 ) ;
#3234 = EDGE_CURVE ( 'NONE', #1157, #646, #789, .T. ) ;
#3235 = PRODUCT_CONTEXT ( 'NONE', #2847, 'mechanical' ) ;
#3236 = ORIENTED_EDGE ( 'NONE', *, *, #690, .T. ) ;
#3237 = ORIENTED_EDGE ( 'NONE', *, *, #3118, .F. ) ;
#3238 = CARTESIAN_POINT ( 'NONE',  ( -11.99933859777128100, 58.78788883491293400, 19.19537306436466300 ) ) ;
#3239 = CIRCLE ( 'NONE', #3273, 4.250000000000003600 ) ;
#3240 = CARTESIAN_POINT ( 'NONE',  ( 2.886342204602852800, -1.600856130379299400, -3.999999215388054400 ) ) ;
#3241 = CARTESIAN_POINT ( 'NONE',  ( 74.77629395916932300, 58.43225703113889600, 27.96163756234697900 ) ) ;
#3242 = CARTESIAN_POINT ( 'NONE',  ( 0.8660254037843999600, -1.500000000000000000, -4.000000000000000000 ) ) ;
#3243 = ORIENTED_EDGE ( 'NONE', *, *, #2553, .T. ) ;
#3244 = AXIS2_PLACEMENT_3D ( 'NONE', #1108, #1096, #3454 ) ;
#3245 = CARTESIAN_POINT ( 'NONE',  ( 74.25000000000001400, 70.00000000000000000, 0.0000000000000000000 ) ) ;
#3246 = AXIS2_PLACEMENT_3D ( 'NONE', #3252, #3915, #843 ) ;
#3247 = EDGE_CURVE ( 'NONE', #3133, #2660, #3700, .T. ) ;
#3248 = CARTESIAN_POINT ( 'NONE',  ( -54.70399041923000300, -54.70399041923000300, 52.85976633066000100 ) ) ;
#3249 = CARTESIAN_POINT ( 'NONE',  ( 10.76490379456952700, 59.02671079276284200, 14.68283449654604000 ) ) ;
#3250 = CARTESIAN_POINT ( 'NONE',  ( 24.07031021677999800, -21.92031021677999900, 67.20000000000000300 ) ) ;
#3251 = DIRECTION ( 'NONE',  ( 0.0000000000000000000, 0.0000000000000000000, 1.000000000000000000 ) ) ;
#3252 = CARTESIAN_POINT ( 'NONE',  ( 0.0000000000000000000, 0.0000000000000000000, 20.00000000000000000 ) ) ;
#3253 = CARTESIAN_POINT ( 'NONE',  ( 33.58373500129312100, -38.38141143005538700, 80.00000000000000000 ) ) ;
#3254 = VERTEX_POINT ( 'NONE', #368 ) ;
#3255 = EDGE_CURVE ( 'NONE', #1347, #765, #604, .T. ) ;
#3256 = ORIENTED_EDGE ( 'NONE', *, *, #2466, .T. ) ;
#3257 = DIRECTION ( 'NONE',  ( -0.5000000000000167600, -0.8660254037844289400, 0.0000000000000000000 ) ) ;
#3258 = LINE ( 'NONE', #1225, #326 ) ;
#3259 = ADVANCED_FACE ( 'NONE', ( #1381 ), #1476, .F. ) ;
#3260 = CARTESIAN_POINT ( 'NONE',  ( -70.00000000000000000, 70.00000000000000000, 0.0000000000000000000 ) ) ;
#3261 = PRODUCT_DEFINITION_FORMATION_WITH_SPECIFIED_SOURCE ( 'ANY', '', #3496, .NOT_KNOWN. ) ;
#3262 = CARTESIAN_POINT ( 'NONE',  ( -35.51529994007000100, -35.51529994007000100, 80.80614555453000500 ) ) ;
#3263 = LINE ( 'NONE', #104, #2954 ) ;
#3264 = DIRECTION ( 'NONE',  ( 0.0000000000000000000, 0.0000000000000000000, -1.000000000000000000 ) ) ;
#3265 = CARTESIAN_POINT ( 'NONE',  ( 70.00000000000000000, 70.00000000000000000, 0.0000000000000000000 ) ) ;
#3266 = CARTESIAN_POINT ( 'NONE',  ( 0.0000000000000000000, 0.0000000000000000000, 0.0000000000000000000 ) ) ;
#3267 = CARTESIAN_POINT ( 'NONE',  ( 33.33401278641999700, 37.09986889164999700, 81.20000000000000300 ) ) ;
#3268 = CARTESIAN_POINT ( 'NONE',  ( 57.85018032354668100, -66.98549810092005400, 38.89103026140090700 ) ) ;
#3269 = ORIENTED_EDGE ( 'NONE', *, *, #3619, .T. ) ;
#3270 = FACE_OUTER_BOUND ( 'NONE', #2020, .T. ) ;
#3271 =( NAMED_UNIT ( * ) PLANE_ANGLE_UNIT ( ) SI_UNIT ( $, .RADIAN. ) );
#3272 = DIRECTION ( 'NONE',  ( -1.000000000000000000, 0.0000000000000000000, 0.0000000000000000000 ) ) ;
#3273 = AXIS2_PLACEMENT_3D ( 'NONE', #2617, #2199, #1585 ) ;
#3274 = AXIS2_PLACEMENT_3D ( 'NONE', #3583, #605, #297 ) ;
#3275 = UNCERTAINTY_MEASURE_WITH_UNIT (LENGTH_MEASURE( 1.000000000000000100E-005 ), #3718, 'distance_accuracy_value', 'NONE');
#3276 = EDGE_LOOP ( 'NONE', ( #2061, #2306 ) ) ;
#3277 = CARTESIAN_POINT ( 'NONE',  ( 19.99999999999997200, 79.37277557961878900, 21.24777245936466100 ) ) ;
#3278 = DIRECTION ( 'NONE',  ( 0.0000000000000000000, 0.0000000000000000000, -1.000000000000000000 ) ) ;
#3279 = ORIENTED_EDGE ( 'NONE', *, *, #1239, .F. ) ;
#3280 = CARTESIAN_POINT ( 'NONE',  ( -66.30897701057999400, 58.84036845277999800, 39.60000000000000100 ) ) ;
#3281 = CARTESIAN_POINT ( 'NONE',  ( -2.042400034977440700, 3.401869035831370800, -4.000000000000000000 ) ) ;
#3282 = CARTESIAN_POINT ( 'NONE',  ( 0.0000000000000000000, 0.0000000000000000000, 20.00000000000000000 ) ) ;
#3283 = EDGE_CURVE ( 'NONE', #264, #3571, #83, .T. ) ;
#3284 = CARTESIAN_POINT ( 'NONE',  ( 57.73654277029970700, -72.49285279279490600, 31.33680023409237600 ) ) ;
#3285 = ORIENTED_EDGE ( 'NONE', *, *, #3507, .F. ) ;
#3286 = ORIENTED_EDGE ( 'NONE', *, *, #2013, .T. ) ;
#3287 = VECTOR ( 'NONE', #1189, 1000.000000000000000 ) ;
#3288 = CARTESIAN_POINT ( 'NONE',  ( 11.02267566938946600, 71.79795806085097400, 36.70155259385939000 ) ) ;
#3289 = CARTESIAN_POINT ( 'NONE',  ( -57.52515725732522600, -70.91333832541442900, 33.59823129527067200 ) ) ;
#3290 = CARTESIAN_POINT ( 'NONE',  ( 64.32418959965122000, 58.86035422361632600, 41.80636513585135800 ) ) ;
#3291 = CARTESIAN_POINT ( 'NONE',  ( -21.92031021677999900, 21.92031021677999900, 67.20000000000000300 ) ) ;
#3292 = CARTESIAN_POINT ( 'NONE',  ( -43.42414940412000100, 46.50817814338999800, 66.83295594259999500 ) ) ;
#3293 = CARTESIAN_POINT ( 'NONE',  ( 59.99999999999752700, 7.347880794883817000E-015, 39.99999999999840800 ) ) ;
#3294 = CARTESIAN_POINT ( 'NONE',  ( 33.49700969626999800, -37.45742526480000100, 80.80614555453000500 ) ) ;
#3295 = CARTESIAN_POINT ( 'NONE',  ( 61.34502834025431600, -79.04551921825599000, 21.46008624024676300 ) ) ;
#3296 = CARTESIAN_POINT ( 'NONE',  ( -0.02636441531447179100, 3.499900701106408300, -3.917157287525381700 ) ) ;
#3297 = AXIS2_PLACEMENT_3D ( 'NONE', #1765, #2070, #2949 ) ;
#3298 = CARTESIAN_POINT ( 'NONE',  ( 0.02486482435968299900, -3.299909562781217600, -3.999999999986880300 ) ) ;
#3299 = ADVANCED_FACE ( 'NONE', ( #704 ), #78, .F. ) ;
#3300 = ORIENTED_EDGE ( 'NONE', *, *, #461, .T. ) ;
#3301 = LINE ( 'NONE', #2760, #207 ) ;
#3302 = CARTESIAN_POINT ( 'NONE',  ( 9.576401314521579200, 71.40746845115762700, 37.56151402348270800 ) ) ;
#3303 = DIRECTION ( 'NONE',  ( 0.0000000000000000000, 0.0000000000000000000, -1.000000000000000000 ) ) ;
#3304 = DIRECTION ( 'NONE',  ( -1.000000000000000000, 0.0000000000000000000, 0.0000000000000000000 ) ) ;
#3305 = CARTESIAN_POINT ( 'NONE',  ( 2.149999999999999900, -31.00000000000000000, 67.20000000000000300 ) ) ;
#3306 = CARTESIAN_POINT ( 'NONE',  ( -70.00000000000000000, -80.00000000000000000, 20.00000000000000000 ) ) ;
#3307 = CARTESIAN_POINT ( 'NONE',  ( -20.21087382626999900, -80.60004493198999900, 18.80000000000000100 ) ) ;
#3308 = CARTESIAN_POINT ( 'NONE',  ( -1.732050807569000200, 0.0000000000000000000, -4.000000000000000000 ) ) ;
#3309 = ORIENTED_EDGE ( 'NONE', *, *, #2645, .T. ) ;
#3310 = CIRCLE ( 'NONE', #3328, 2.149999999999999000 ) ;
#3311 = DIRECTION ( 'NONE',  ( -1.000000000000000000, 0.0000000000000000000, 0.0000000000000000000 ) ) ;
#3312 = EDGE_CURVE ( 'NONE', #3814, #673, #1580, .T. ) ;
#3313 = VECTOR ( 'NONE', #2589, 1000.000000000000000 ) ;
#3314 = CARTESIAN_POINT ( 'NONE',  ( -2.131628207279999800E-014, 80.00000000000000000, 20.00000000000000000 ) ) ;
#3315 = CARTESIAN_POINT ( 'NONE',  ( -59.81542677855256300, 62.74682151156055500, 42.87080536906572100 ) ) ;
#3316 = CARTESIAN_POINT ( 'NONE',  ( 0.3869770723352017900, 3.277724851593439800, -3.999999648511452400 ) ) ;
#3317 = CIRCLE ( 'NONE', #1457, 34.99999999999997200 ) ;
#3318 = CARTESIAN_POINT ( 'NONE',  ( -0.02636441575317245700, 3.499900701103103800, -3.799999999999999800 ) ) ;
#3319 = CARTESIAN_POINT ( 'NONE',  ( -33.14999999999999900, 0.0000000000000000000, 67.20000000000000300 ) ) ;
#3320 = ADVANCED_FACE ( 'NONE', ( #1723, #2290, #3178, #791, #3793, #884, #1365, #935, #1671, #1599 ), #2323, .T. ) ;
#3321 = CARTESIAN_POINT ( 'NONE',  ( 0.0000000000000000000, 0.0000000000000000000, 0.0000000000000000000 ) ) ;
#3322 = DIRECTION ( 'NONE',  ( -1.000000000000000000, 0.0000000000000000000, 0.0000000000000000000 ) ) ;
#3323 = CARTESIAN_POINT ( 'NONE',  ( -33.17572534680999800, -37.25047923713000100, 81.20000000000000300 ) ) ;
#3324 = DIRECTION ( 'NONE',  ( 0.0000000000000000000, 0.0000000000000000000, 1.000000000000000000 ) ) ;
#3325 = COLOUR_RGB ( '',0.7921568627450980000, 0.8196078431372548800, 0.9333333333333333500 ) ;
#3326 = B_SPLINE_CURVE_WITH_KNOTS ( 'NONE', 3,
 ( #1778, #2202, #387, #2757, #2675, #3060 ),
 .UNSPECIFIED., .F., .F.,
 ( 4, 2, 4 ),
 ( 0.01888718792157806700, 0.02192349196490980100, 0.02495979600824153200 ),
 .UNSPECIFIED. ) ;
#3327 = ORIENTED_EDGE ( 'NONE', *, *, #378, .T. ) ;
#3328 = AXIS2_PLACEMENT_3D ( 'NONE', #172, #3774, #1972 ) ;
#3329 = DIRECTION ( 'NONE',  ( -1.000000000000000000, 0.0000000000000000000, 0.0000000000000000000 ) ) ;
#3330 = CARTESIAN_POINT ( 'NONE',  ( 58.29187118336000100, 66.92655857452000100, 38.88657671872000100 ) ) ;
#3331 = CARTESIAN_POINT ( 'NONE',  ( 0.8684882668598612500, 3.183902350379482500, -3.999999926133099000 ) ) ;
#3332 = DIRECTION ( 'NONE',  ( 0.0000000000000000000, 0.0000000000000000000, -1.000000000000000000 ) ) ;
#3333 = DIRECTION ( 'NONE',  ( 0.0000000000000000000, 0.0000000000000000000, -1.000000000000000000 ) ) ;
#3334 = VERTEX_POINT ( 'NONE', #2024 ) ;
#3335 = DIRECTION ( 'NONE',  ( -1.000000000000000000, 0.0000000000000000000, 0.0000000000000000000 ) ) ;
#3336 = EDGE_CURVE ( 'NONE', #3199, #2784, #2482, .T. ) ;
#3337 = ORIENTED_EDGE ( 'NONE', *, *, #1813, .F. ) ;
#3338 = DIRECTION ( 'NONE',  ( -1.000000000000000000, 0.0000000000000000000, 0.0000000000000000000 ) ) ;
#3339 = EDGE_CURVE ( 'NONE', #3749, #3739, #2965, .T. ) ;
#3340 = VECTOR ( 'NONE', #815, 1000.000000000000000 ) ;
#3341 = CARTESIAN_POINT ( 'NONE',  ( 47.56419341786000400, 41.47353249030999900, 66.83295594259999500 ) ) ;
#3342 = SURFACE_SIDE_STYLE ('',( #548 ) ) ;
#3343 = ADVANCED_FACE ( 'NONE', ( #262 ), #3438, .F. ) ;
#3344 = DIRECTION ( 'NONE',  ( 1.000000000000000000, 0.0000000000000000000, -0.0000000000000000000 ) ) ;
#3345 = CARTESIAN_POINT ( 'NONE',  ( -80.00000000000000000, -80.00000000000000000, 20.00000000000000000 ) ) ;
#3346 = CARTESIAN_POINT ( 'NONE',  ( -28.85000000000000100, 2.632990618166809200E-016, 67.20000000000000300 ) ) ;
#3347 = CARTESIAN_POINT ( 'NONE',  ( 80.00000000000000000, -80.00000000000000000, 20.00000000000000000 ) ) ;
#3348 = CARTESIAN_POINT ( 'NONE',  ( 46.27490160797999900, -51.67903663922000100, 60.40000000000000600 ) ) ;
#3349 = CARTESIAN_POINT ( 'NONE',  ( 3.280433756139997200, -0.3657090865370808400, -3.999999999138060100 ) ) ;
#3350 = AXIS2_PLACEMENT_3D ( 'NONE', #2205, #2231, #216 ) ;
#3351 = ORIENTED_EDGE ( 'NONE', *, *, #1474, .T. ) ;
#3352 = LINE ( 'NONE', #672, #167 ) ;
#3353 = DIRECTION ( 'NONE',  ( -1.000000000000000000, 0.0000000000000000000, 0.0000000000000000000 ) ) ;
#3354 = EDGE_LOOP ( 'NONE', ( #2578, #2234, #3143, #3211 ) ) ;
#3355 = DIRECTION ( 'NONE',  ( 0.0000000000000000000, -0.0000000000000000000, -1.000000000000000000 ) ) ;
#3356 = CARTESIAN_POINT ( 'NONE',  ( 50.79800129614999800, 57.01907880903000600, 52.85976633066000100 ) ) ;
#3357 = FACE_OUTER_BOUND ( 'NONE', #1578, .T. ) ;
#3358 = CARTESIAN_POINT ( 'NONE',  ( -19.77031021678000000, 21.92031021677999900, 72.20000000000000300 ) ) ;
#3359 = CARTESIAN_POINT ( 'NONE',  ( -16.86700747589631500, -48.30201920154934900, 80.00000000000014200 ) ) ;
#3360 = EDGE_CURVE ( 'NONE', #237, #1742, #1045, .T. ) ;
#3361 = EDGE_LOOP ( 'NONE', ( #1820, #781, #2984, #3309 ) ) ;
#3362 = DIRECTION ( 'NONE',  ( 0.0000000000000000000, 0.0000000000000000000, -1.000000000000000000 ) ) ;
#3363 = CARTESIAN_POINT ( 'NONE',  ( 0.0000000000000000000, 31.00000000000000000, 72.20000000000000300 ) ) ;
#3364 = CARTESIAN_POINT ( 'NONE',  ( 23.10659126000999900, -69.85305371187999400, 39.60000000000000100 ) ) ;
#3365 = CARTESIAN_POINT ( 'NONE',  ( 0.0000000000000000000, 0.0000000000000000000, -4.000000000000000000 ) ) ;
#3366 = LINE ( 'NONE', #3491, #296 ) ;
#3367 = VERTEX_POINT ( 'NONE', #960 ) ;
#3368 = CARTESIAN_POINT ( 'NONE',  ( -31.00000000000000000, 0.0000000000000000000, 72.20000000000000300 ) ) ;
#3369 = CARTESIAN_POINT ( 'NONE',  ( -80.68293798109000600, -43.59007836928999800, 18.80000000000000100 ) ) ;
#3370 = DIRECTION ( 'NONE',  ( 1.000000000000000000, 0.0000000000000000000, -0.0000000000000000000 ) ) ;
#3371 = ORIENTED_EDGE ( 'NONE', *, *, #3096, .F. ) ;
#3372 = CARTESIAN_POINT ( 'NONE',  ( 15.86403193432999900, -80.59012047836999700, 18.80000000000000100 ) ) ;
#3373 = CARTESIAN_POINT ( 'NONE',  ( -34.50000000000000000, 4.225031457058368900E-015, 72.20000000000000300 ) ) ;
#3374 = ORIENTED_EDGE ( 'NONE', *, *, #3713, .F. ) ;
#3375 = CARTESIAN_POINT ( 'NONE',  ( 79.99999999999940300, -62.49999999999918300, 19.99999999999887700 ) ) ;
#3376 = PLANE ( 'NONE',  #2944 ) ;
#3377 = ORIENTED_EDGE ( 'NONE', *, *, #3139, .F. ) ;
#3378 = CARTESIAN_POINT ( 'NONE',  ( -59.09071199291944500, 76.12128172837677200, 25.93098965364667300 ) ) ;
#3379 = CARTESIAN_POINT ( 'NONE',  ( 31.00000000000000000, 0.0000000000000000000, 67.20000000000000300 ) ) ;
#3380 = CYLINDRICAL_SURFACE ( 'NONE', #1055, 12.49999999999999600 ) ;
#3381 = CARTESIAN_POINT ( 'NONE',  ( 61.59964037553108800, 60.73859623405631000, 43.25067838717667700 ) ) ;
#3382 = CARTESIAN_POINT ( 'NONE',  ( 0.0000000000000000000, 2.844946500601963600E-013, 80.00000000000004300 ) ) ;
#3383 = EDGE_CURVE ( 'NONE', #1791, #3440, #3352, .T. ) ;
#3384 = CARTESIAN_POINT ( 'NONE',  ( -2.131628207279999800E-014, 80.00000000000000000, 20.00000000000000000 ) ) ;
#3385 = DIRECTION ( 'NONE',  ( 0.0000000000000000000, 0.0000000000000000000, -1.000000000000000000 ) ) ;
#3386 = ORIENTED_EDGE ( 'NONE', *, *, #1737, .F. ) ;
#3387 = CARTESIAN_POINT ( 'NONE',  ( 80.00000000000000000, 0.0000000000000000000, 0.0000000000000000000 ) ) ;
#3388 = ORIENTED_EDGE ( 'NONE', *, *, #2261, .F. ) ;
#3389 = CARTESIAN_POINT ( 'NONE',  ( 70.00000000000000000, 70.00000000000000000, 20.00000000000000000 ) ) ;
#3390 = CARTESIAN_POINT ( 'NONE',  ( -43.31676869382999900, -25.30862585595999900, 81.20000000000000300 ) ) ;
#3391 = CARTESIAN_POINT ( 'NONE',  ( -46.50817814338999800, -43.42414940412000100, 66.83295594259999500 ) ) ;
#3392 = VERTEX_POINT ( 'NONE', #588 ) ;
#3393 = B_SPLINE_CURVE_WITH_KNOTS ( 'NONE', 3,
 ( #50, #2192, #1250, #676, #2538, #555, #2611 ),
 .UNSPECIFIED., .F., .F.,
 ( 4, 1, 1, 1, 4 ),
 ( 7.071546578084214500E-016, 0.001697301106902296100, 0.003394602213803885200, 0.005091903320705473500, 0.006789204427607062700 ),
 .UNSPECIFIED. ) ;
#3394 = ORIENTED_EDGE ( 'NONE', *, *, #1035, .T. ) ;
#3395 = CARTESIAN_POINT ( 'NONE',  ( -61.51757065843000300, -80.77637570065999700, 18.80000000000000100 ) ) ;
#3396 = ORIENTED_EDGE ( 'NONE', *, *, #1841, .T. ) ;
#3397 = AXIS2_PLACEMENT_3D ( 'NONE', #1505, #636, #3009 ) ;
#3398 = AXIS2_PLACEMENT_3D ( 'NONE', #1824, #2594, #797 ) ;
#3399 = ORIENTED_EDGE ( 'NONE', *, *, #432, .F. ) ;
#3400 = CARTESIAN_POINT ( 'NONE',  ( -74.25000000000001400, 70.00000000000000000, 0.0000000000000000000 ) ) ;
#3401 = FACE_OUTER_BOUND ( 'NONE', #506, .T. ) ;
#3402 = CARTESIAN_POINT ( 'NONE',  ( 0.6912144477694244200, 70.33333360774584300, 39.99999999999930400 ) ) ;
#3403 = ORIENTED_EDGE ( 'NONE', *, *, #100, .T. ) ;
#3404 = CARTESIAN_POINT ( 'NONE',  ( 80.75548428362000700, 57.75559491341000000, 18.80000000000000100 ) ) ;
#3405 = CONICAL_SURFACE ( 'NONE', #27, 2.000000000009549700, 0.7853981632553398400 ) ;
#3406 = EDGE_CURVE ( 'NONE', #533, #1285, #1141, .T. ) ;
#3407 = CARTESIAN_POINT ( 'NONE',  ( 34.50000000000004300, -2.958228394578794300E-028, 79.49999999999995700 ) ) ;
#3408 = CARTESIAN_POINT ( 'NONE',  ( -51.79186750064263100, -59.19070571502542300, 50.00000000000000000 ) ) ;
#3409 = ORIENTED_EDGE ( 'NONE', *, *, #1665, .T. ) ;
#3410 = LINE ( 'NONE', #2782, #842 ) ;
#3411 = CARTESIAN_POINT ( 'NONE',  ( 18.63360003912000100, -46.73134835266999700, 81.20000000000000300 ) ) ;
#3412 = FACE_OUTER_BOUND ( 'NONE', #2452, .T. ) ;
#3413 = AXIS2_PLACEMENT_3D ( 'NONE', #1385, #1056, #1154 ) ;
#3414 = CARTESIAN_POINT ( 'NONE',  ( 78.03369026573673800, 60.39844944433212200, 23.01141426949055100 ) ) ;
#3415 = EDGE_LOOP ( 'NONE', ( #1137, #1775, #2881, #1888 ) ) ;
#3416 = EDGE_LOOP ( 'NONE', ( #574, #2595, #92, #3720 ) ) ;
#3417 = CARTESIAN_POINT ( 'NONE',  ( -0.3923655584224168800, 60.00000000000001400, 32.00000000000000700 ) ) ;
#3418 = DIRECTION ( 'NONE',  ( 0.0000000000000000000, 0.0000000000000000000, -1.000000000000000000 ) ) ;
#3419 = CARTESIAN_POINT ( 'NONE',  ( 36.65839402699000300, -34.34918942584000200, 80.80614555453000500 ) ) ;
#3420 = VERTEX_POINT ( 'NONE', #32 ) ;
#3421 = VECTOR ( 'NONE', #1413, 1000.000000000000000 ) ;
#3422 = DIRECTION ( 'NONE',  ( 1.000000000000000000, 0.0000000000000000000, 0.0000000000000000000 ) ) ;
#3423 = CARTESIAN_POINT ( 'NONE',  ( -11.00297737105412400, 71.79196757869033300, 36.71463724644315400 ) ) ;
#3424 = CIRCLE ( 'NONE', #1130, 3.500000000000000000 ) ;
#3425 = CARTESIAN_POINT ( 'NONE',  ( -63.43462339177277400, -59.35953546365330900, 42.47667239397891600 ) ) ;
#3426 = EDGE_CURVE ( 'NONE', #291, #2003, #2755, .T. ) ;
#3427 = CARTESIAN_POINT ( 'NONE',  ( 70.00000000000000000, 70.00000000000000000, 20.00000000000000400 ) ) ;
#3428 = ORIENTED_EDGE ( 'NONE', *, *, #409, .T. ) ;
#3429 = CARTESIAN_POINT ( 'NONE',  ( 49.99775340050992200, -10.87704275762344300, 80.00000000000014200 ) ) ;
#3430 =( LENGTH_UNIT ( ) NAMED_UNIT ( * ) SI_UNIT ( .MILLI., .METRE. ) );
#3431 = EDGE_CURVE ( 'NONE', #3199, #2513, #458, .T. ) ;
#3432 = ORIENTED_EDGE ( 'NONE', *, *, #2989, .F. ) ;
#3433 = PLANE ( 'NONE',  #2867 ) ;
#3434 = VERTEX_POINT ( 'NONE', #3841 ) ;
#3435 = ORIENTED_EDGE ( 'NONE', *, *, #3751, .F. ) ;
#3436 = CARTESIAN_POINT ( 'NONE',  ( -28.85000000000000100, 2.632990618166810200E-016, 67.20000000000000300 ) ) ;
#3437 = UNCERTAINTY_MEASURE_WITH_UNIT (LENGTH_MEASURE( 1.000000000000000100E-005 ), #3430, 'distance_accuracy_value', 'NONE');
#3438 = CYLINDRICAL_SURFACE ( 'NONE', #3610, 2.149999999999999900 ) ;
#3439 = CARTESIAN_POINT ( 'NONE',  ( 3.101515571702307300, 1.127496882914061700, -3.999999999975232700 ) ) ;
#3440 = VERTEX_POINT ( 'NONE', #573 ) ;
#3441 = CARTESIAN_POINT ( 'NONE',  ( -34.99999999999997200, 2.887809138572120700E-013, 80.00000000000004300 ) ) ;
#3442 = FACE_OUTER_BOUND ( 'NONE', #1826, .T. ) ;
#3443 = CARTESIAN_POINT ( 'NONE',  ( 70.69350036788938500, -57.50453865868159700, 33.91062629371690900 ) ) ;
#3444 = CARTESIAN_POINT ( 'NONE',  ( 33.87605007215000100, -55.78427214429999700, 60.40000000000000600 ) ) ;
#3445 = CARTESIAN_POINT ( 'NONE',  ( -39.70551064328000000, -30.41835546372000100, 81.20000000000000300 ) ) ;
#3446 = AXIS2_PLACEMENT_3D ( 'NONE', #1184, #3008, #1316 ) ;
#3447 = VECTOR ( 'NONE', #3195, 1000.000000000000000 ) ;
#3448 = AXIS2_PLACEMENT_3D ( 'NONE', #2728, #2542, #637 ) ;
#3449 = EDGE_CURVE ( 'NONE', #120, #502, #2049, .T. ) ;
#3450 = DIRECTION ( 'NONE',  ( 0.0000000000000000000, 0.0000000000000000000, -1.000000000000000000 ) ) ;
#3451 = CARTESIAN_POINT ( 'NONE',  ( 57.01889753841000200, 50.79846772060000100, 52.85976633066000100 ) ) ;
#3452 = CARTESIAN_POINT ( 'NONE',  ( 70.36136551994999900, 13.39450447007000000, 39.60000000000000100 ) ) ;
#3453 = EDGE_CURVE ( 'NONE', #2971, #3035, #1958, .T. ) ;
#3454 = DIRECTION ( 'NONE',  ( 0.0000000000000000000, 0.0000000000000000000, 1.000000000000000000 ) ) ;
#3455 = FILL_AREA_STYLE ('',( #1007 ) ) ;
#3456 = ORIENTED_EDGE ( 'NONE', *, *, #2925, .T. ) ;
#3457 = ORIENTED_EDGE ( 'NONE', *, *, #402, .F. ) ;
#3458 = CARTESIAN_POINT ( 'NONE',  ( 0.004059857646020344000, -3.299999999999998500, -3.999999999999999100 ) ) ;
#3459 = CARTESIAN_POINT ( 'NONE',  ( 64.29833565881000400, -64.29833565881000400, 38.88657671872000100 ) ) ;
#3460 = CARTESIAN_POINT ( 'NONE',  ( 0.0000000000000000000, 0.0000000000000000000, 0.0000000000000000000 ) ) ;
#3461 = ORIENTED_EDGE ( 'NONE', *, *, #2419, .F. ) ;
#3462 = DIRECTION ( 'NONE',  ( 0.0000000000000000000, 0.0000000000000000000, -1.000000000000000000 ) ) ;
#3463 = CARTESIAN_POINT ( 'NONE',  ( -3.332552010892319200, 1.891332969573982900, -4.000000000000000000 ) ) ;
#3464 = DIRECTION ( 'NONE',  ( 0.0000000000000000000, 0.0000000000000000000, 1.000000000000000000 ) ) ;
#3465 = CARTESIAN_POINT ( 'NONE',  ( 2.168009273847434600, 2.488278534337487800, -3.999999890960703300 ) ) ;
#3466 = CARTESIAN_POINT ( 'NONE',  ( 0.0000000000000000000, 0.0000000000000000000, 9.800000000000000700 ) ) ;
#3467 = DIRECTION ( 'NONE',  ( 0.5100435470785176200, -0.4462881036937271200, -0.7353111644637397900 ) ) ;
#3468 = ORIENTED_EDGE ( 'NONE', *, *, #2385, .F. ) ;
#3469 = LINE ( 'NONE', #1687, #1893 ) ;
#3470 = AXIS2_PLACEMENT_3D ( 'NONE', #1395, #1093, #3523 ) ;
#3471 = ORIENTED_EDGE ( 'NONE', *, *, #2013, .F. ) ;
#3472 = CARTESIAN_POINT ( 'NONE',  ( -29.24137161390000400, 57.00775463667999800, 60.40000000000000600 ) ) ;
#3473 = CARTESIAN_POINT ( 'NONE',  ( 0.0000000000000000000, 0.0000000000000000000, 67.20000000000000300 ) ) ;
#3474 = CARTESIAN_POINT ( 'NONE',  ( 58.04774345251917100, 66.34027823144948900, 39.69272227325493000 ) ) ;
#3475 = EDGE_CURVE ( 'NONE', #1574, #1360, #552, .T. ) ;
#3476 = DIRECTION ( 'NONE',  ( 0.0000000000000000000, 0.0000000000000000000, -1.000000000000000000 ) ) ;
#3477 = CARTESIAN_POINT ( 'NONE',  ( -80.00000000000000000, -80.00000000000000000, 20.00000000000000000 ) ) ;
#3478 = CARTESIAN_POINT ( 'NONE',  ( -47.58852024331999800, -41.42255834726999800, 66.83295594259999500 ) ) ;
#3479 = CIRCLE ( 'NONE', #239, 2.149999999999999900 ) ;
#3480 = CARTESIAN_POINT ( 'NONE',  ( -2.149999999999999900, 31.00000000000000000, 67.20000000000000300 ) ) ;
#3481 = DIRECTION ( 'NONE',  ( 0.0000000000000000000, 0.0000000000000000000, 1.000000000000000000 ) ) ;
#3482 = EDGE_CURVE ( 'NONE', #2559, #3254, #1324, .T. ) ;
#3483 = ORIENTED_EDGE ( 'NONE', *, *, #1009, .T. ) ;
#3484 = CARTESIAN_POINT ( 'NONE',  ( -4.962117050472998300, 59.79557240423131500, 30.93309053965384000 ) ) ;
#3485 = CARTESIAN_POINT ( 'NONE',  ( -66.34027823144764100, -58.04774345251976800, 39.69272227325815500 ) ) ;
#3486 = DIRECTION ( 'NONE',  ( -1.000000000000000000, 0.0000000000000000000, 0.0000000000000000000 ) ) ;
#3487 = CYLINDRICAL_SURFACE ( 'NONE', #3633, 2.149999999999999000 ) ;
#3488 = ADVANCED_FACE ( 'NONE', ( #2947 ), #743, .T. ) ;
#3489 = CARTESIAN_POINT ( 'NONE',  ( 57.49607105101413400, 69.48109949762999800, 35.59139817766181600 ) ) ;
#3490 = ORIENTED_EDGE ( 'NONE', *, *, #2475, .F. ) ;
#3491 = CARTESIAN_POINT ( 'NONE',  ( -2.131628207279999800E-014, 80.00000000000000000, 40.00000000000000000 ) ) ;
#3492 = CYLINDRICAL_SURFACE ( 'NONE', #2543, 2.149999999999999000 ) ;
#3493 =( GEOMETRIC_REPRESENTATION_CONTEXT ( 3 ) GLOBAL_UNCERTAINTY_ASSIGNED_CONTEXT ( ( #2186 ) ) GLOBAL_UNIT_ASSIGNED_CONTEXT ( ( #1610, #3711, #1916 ) ) REPRESENTATION_CONTEXT ( 'NONE', 'WORKASPACE' ) );
#3494 = AXIS2_PLACEMENT_3D ( 'NONE', #2458, #2274, #1063 ) ;
#3495 = CARTESIAN_POINT ( 'NONE',  ( -49.90385560309999800, -8.455449541561002000, 81.20000000000000300 ) ) ;
#3496 = PRODUCT ( 'BASE^TECO-Base_Cobot_210618_v2', 'BASE^TECO-Base_Cobot_210618_v2', '', ( #846 ) ) ;
#3497 = DIRECTION ( 'NONE',  ( 0.0000000000000000000, 0.0000000000000000000, 1.000000000000000000 ) ) ;
#3498 = VECTOR ( 'NONE', #1970, 1000.000000000000000 ) ;
#3499 = ORIENTED_EDGE ( 'NONE', *, *, #2068, .F. ) ;
#3500 = DIRECTION ( 'NONE',  ( -0.0000000000000000000, -0.0000000000000000000, 1.000000000000000000 ) ) ;
#3501 = LINE ( 'NONE', #116, #1827 ) ;
#3502 = CARTESIAN_POINT ( 'NONE',  ( -1.986251214743999900, 60.57068269671000100, 60.40000000000000600 ) ) ;
#3503 = CARTESIAN_POINT ( 'NONE',  ( 1.385350899843591500, -2.998201550266312400, -3.999999570284701100 ) ) ;
#3504 = VECTOR ( 'NONE', #1424, 1000.000000000000000 ) ;
#3505 = DIRECTION ( 'NONE',  ( 1.000000000000000000, 0.0000000000000000000, -0.0000000000000000000 ) ) ;
#3506 = CARTESIAN_POINT ( 'NONE',  ( 53.86201807764999900, -40.22543548825000000, 60.40000000000000600 ) ) ;
#3507 = EDGE_CURVE ( 'NONE', #2660, #3133, #3042, .T. ) ;
#3508 = FACE_OUTER_BOUND ( 'NONE', #3054, .T. ) ;
#3509 = CARTESIAN_POINT ( 'NONE',  ( 38.38141143005102400, -33.58373500129091800, 80.00000000000001400 ) ) ;
#3510 = DIRECTION ( 'NONE',  ( 1.000000000000000000, 0.0000000000000000000, -0.0000000000000000000 ) ) ;
#3511 = CARTESIAN_POINT ( 'NONE',  ( -37.88704769067999900, -33.02303750320999900, 80.80614555453000500 ) ) ;
#3512 = CARTESIAN_POINT ( 'NONE',  ( -78.03369026573672300, -60.39844944433212200, 23.01141426949055100 ) ) ;
#3513 = ORIENTED_EDGE ( 'NONE', *, *, #1989, .T. ) ;
#3514 = CARTESIAN_POINT ( 'NONE',  ( -70.00000000000000000, 70.00000000000000000, 0.0000000000000000000 ) ) ;
#3515 = ADVANCED_FACE ( 'NONE', ( #2243 ), #675, .T. ) ;
#3516 = CARTESIAN_POINT ( 'NONE',  ( -70.00000000000000000, -70.00000000000000000, 0.0000000000000000000 ) ) ;
#3517 = CARTESIAN_POINT ( 'NONE',  ( 1.725512137918994400, -2.814486229875342800, -3.999998789989000600 ) ) ;
#3518 = CARTESIAN_POINT ( 'NONE',  ( 59.65451840916971800, -62.97898396164049500, 42.75003112680624200 ) ) ;
#3519 = ORIENTED_EDGE ( 'NONE', *, *, #240, .T. ) ;
#3520 = CIRCLE ( 'NONE', #3069, 2.149999999999999000 ) ;
#3521 = CARTESIAN_POINT ( 'NONE',  ( 0.0000000000000000000, -80.00000000000000000, 0.0000000000000000000 ) ) ;
#3522 = CARTESIAN_POINT ( 'NONE',  ( 9.754323826261657600, 59.20221275163244500, 27.00047271384621100 ) ) ;
#3523 = DIRECTION ( 'NONE',  ( 1.000000000000000000, 0.0000000000000000000, 0.0000000000000000000 ) ) ;
#3524 = FACE_OUTER_BOUND ( 'NONE', #3589, .T. ) ;
#3525 = CARTESIAN_POINT ( 'NONE',  ( 45.85310094556837900, -22.48092323875861400, 80.00000000000014200 ) ) ;
#3526 = AXIS2_PLACEMENT_3D ( 'NONE', #3877, #563, #2661 ) ;
#3527 = CARTESIAN_POINT ( 'NONE',  ( -33.49700969626999800, 37.45742526480000100, 80.80614555453000500 ) ) ;
#3528 = ORIENTED_EDGE ( 'NONE', *, *, #2989, .T. ) ;
#3529 = VERTEX_POINT ( 'NONE', #920 ) ;
#3530 = CARTESIAN_POINT ( 'NONE',  ( -18.97222588696554300, 47.38367485555878000, 80.00000000000014200 ) ) ;
#3531 = FACE_BOUND ( 'NONE', #295, .T. ) ;
#3532 = CARTESIAN_POINT ( 'NONE',  ( 2.641344675999141700, -1.979177323547035800, -3.999999152838630500 ) ) ;
#3533 = ORIENTED_EDGE ( 'NONE', *, *, #3697, .F. ) ;
#3534 = CARTESIAN_POINT ( 'NONE',  ( -60.50267293030078300, 78.14281395649082600, 22.84433288370878800 ) ) ;
#3535 = EDGE_CURVE ( 'NONE', #1993, #1353, #3053, .T. ) ;
#3536 = VECTOR ( 'NONE', #2619, 1000.000000000000000 ) ;
#3537 = CARTESIAN_POINT ( 'NONE',  ( 60.37598396995999700, -5.959099898149000700, 60.40000000000000600 ) ) ;
#3538 = AXIS2_PLACEMENT_3D ( 'NONE', #445, #774, #2529 ) ;
#3539 = EDGE_LOOP ( 'NONE', ( #3020, #3126 ) ) ;
#3540 = VECTOR ( 'NONE', #808, 1000.000000000000000 ) ;
#3541 = CARTESIAN_POINT ( 'NONE',  ( 0.0000000000000000000, 0.0000000000000000000, 20.00000000000000000 ) ) ;
#3542 = CARTESIAN_POINT ( 'NONE',  ( 60.73590912399748700, 61.60260323704841300, 43.25020868304252300 ) ) ;
#3543 = LINE ( 'NONE', #1593, #3651 ) ;
#3544 = CARTESIAN_POINT ( 'NONE',  ( -11.92053167883353200, 58.80412793465823300, 18.41435716979266200 ) ) ;
#3545 = DIRECTION ( 'NONE',  ( -1.000000000000000000, 0.0000000000000000000, 0.0000000000000000000 ) ) ;
#3546 = DIRECTION ( 'NONE',  ( -1.000000000000000000, -0.0000000000000000000, -0.0000000000000000000 ) ) ;
#3547 = ORIENTED_EDGE ( 'NONE', *, *, #2362, .F. ) ;
#3548 = CARTESIAN_POINT ( 'NONE',  ( 71.30961795736706700, 57.56513096151830700, 33.03523788204083900 ) ) ;
#3549 = CARTESIAN_POINT ( 'NONE',  ( 0.8660254037844459200, -1.500000000000026600, -4.000000000000000000 ) ) ;
#3550 = AXIS2_PLACEMENT_3D ( 'NONE', #1338, #3733, #2605 ) ;
#3551 = AXIS2_PLACEMENT_3D ( 'NONE', #3036, #124, #2078 ) ;
#3552 = CARTESIAN_POINT ( 'NONE',  ( 0.02483846418185639200, -3.297329211398946300, -3.999983393933619800 ) ) ;
#3553 = CARTESIAN_POINT ( 'NONE',  ( 66.92639293601999400, 58.29356837992000400, 38.88657671872000100 ) ) ;
#3554 = CARTESIAN_POINT ( 'NONE',  ( 10.93470549847045300, 58.99538633277278200, 15.04154746196125300 ) ) ;
#3555 = CARTESIAN_POINT ( 'NONE',  ( -10.40797441098460200, 59.09204161295480900, 13.97605881317986800 ) ) ;
#3556 = ADVANCED_FACE ( 'NONE', ( #1818 ), #312, .F. ) ;
#3557 = CARTESIAN_POINT ( 'NONE',  ( 0.0000000000000000000, 0.0000000000000000000, 72.20000000000000300 ) ) ;
#3558 = EDGE_CURVE ( 'NONE', #2331, #2268, #836, .T. ) ;
#3559 = DIRECTION ( 'NONE',  ( 0.0000000000000000000, 0.0000000000000000000, -1.000000000000000000 ) ) ;
#3560 = VERTEX_POINT ( 'NONE', #2943 ) ;
#3561 = ORIENTED_EDGE ( 'NONE', *, *, #2269, .F. ) ;
#3562 = DIRECTION ( 'NONE',  ( 0.0000000000000000000, 0.0000000000000000000, 1.000000000000000000 ) ) ;
#3563 = CARTESIAN_POINT ( 'NONE',  ( 0.0000000000000000000, 31.00000000000000000, 67.20000000000000300 ) ) ;
#3564 = EDGE_CURVE ( 'NONE', #718, #3367, #1517, .T. ) ;
#3565 = ORIENTED_EDGE ( 'NONE', *, *, #586, .F. ) ;
#3566 = B_SPLINE_CURVE_WITH_KNOTS ( 'NONE', 3,
 ( #3474, #1116, #1392, #3194, #3489, #3808, #1712, #2314, #2012, #519, #206, #818, #1105, #2615, #3206, #2922, #2069, #1406, #2679, #3221 ),
 .UNSPECIFIED., .F., .F.,
 ( 4, 2, 2, 2, 2, 2, 2, 2, 2, 4 ),
 ( 3.723626672596977400E-015, 0.003106928669022690200, 0.006213857338041656900, 0.009320786007060625700, 0.01087425034157010800, 0.01242771467607958900, 0.01553464334509857400, 0.01864157201411756000, 0.02174850068313655100, 0.02485542935215553900 ),
 .UNSPECIFIED. ) ;
#3567 = CARTESIAN_POINT ( 'NONE',  ( -0.02483846418185599000, 3.297329211398946300, -3.999983393933619800 ) ) ;
#3568 = EDGE_LOOP ( 'NONE', ( #3457, #2612, #2369, #3237 ) ) ;
#3569 = ORIENTED_EDGE ( 'NONE', *, *, #303, .T. ) ;
#3570 = CARTESIAN_POINT ( 'NONE',  ( -0.6889711102905015100, 70.33333305975362700, 40.00000000000068200 ) ) ;
#3571 = VERTEX_POINT ( 'NONE', #1759 ) ;
#3572 = ORIENTED_EDGE ( 'NONE', *, *, #654, .T. ) ;
#3573 = VECTOR ( 'NONE', #1984, 1000.000000000000000 ) ;
#3574 = CARTESIAN_POINT ( 'NONE',  ( 79.99999999999940300, -62.49999999999918300, 19.99999999999887700 ) ) ;
#3575 = DIRECTION ( 'NONE',  ( 1.000000000000000000, 0.0000000000000000000, 0.0000000000000000000 ) ) ;
#3576 = CARTESIAN_POINT ( 'NONE',  ( 26.74696312416000100, 69.64532627251000500, 39.60000000000000100 ) ) ;
#3577 = CARTESIAN_POINT ( 'NONE',  ( 57.53512476099264500, -68.87039585443199000, 36.42094869074316700 ) ) ;
#3578 = EDGE_LOOP ( 'NONE', ( #3678, #1208, #882, #804 ) ) ;
#3579 = CARTESIAN_POINT ( 'NONE',  ( 47.66805958557999600, -16.57354344674000400, 81.20000000000000300 ) ) ;
#3580 = EDGE_LOOP ( 'NONE', ( #1700, #2520 ) ) ;
#3581 = CARTESIAN_POINT ( 'NONE',  ( 19.99999999999997500, 80.00000000000015600, 20.00000000000008200 ) ) ;
#3582 = CARTESIAN_POINT ( 'NONE',  ( -34.99999999999997200, 2.887809138572120700E-013, 80.00000000000004300 ) ) ;
#3583 = CARTESIAN_POINT ( 'NONE',  ( 70.00000000000000000, -70.00000000000000000, 20.00000000000000000 ) ) ;
#3584 = ORIENTED_EDGE ( 'NONE', *, *, #3751, .T. ) ;
#3585 = CIRCLE ( 'NONE', #2735, 4.250000000000003600 ) ;
#3586 = CARTESIAN_POINT ( 'NONE',  ( -58.04774345251976800, 66.34027823144764100, 39.69272227325815500 ) ) ;
#3587 = CARTESIAN_POINT ( 'NONE',  ( -80.83822589731001100, 71.67269000576999400, 18.80000000000000100 ) ) ;
#3588 = DIRECTION ( 'NONE',  ( -1.000000000000000000, 0.0000000000000000000, 0.0000000000000000000 ) ) ;
#3589 = EDGE_LOOP ( 'NONE', ( #783, #3067, #2295, #1717, #1748, #174 ) ) ;
#3590 = CARTESIAN_POINT ( 'NONE',  ( -28.07560203518000500, 41.47030153531000000, 81.20000000000000300 ) ) ;
#3591 = CARTESIAN_POINT ( 'NONE',  ( 58.43225703113892400, -74.77629395916932300, 27.96163756234699700 ) ) ;
#3592 = EDGE_LOOP ( 'NONE', ( #1297, #1490, #1471, #3158, #3468, #3763 ) ) ;
#3593 = EDGE_CURVE ( 'NONE', #3820, #2355, #2614, .T. ) ;
#3594 = CARTESIAN_POINT ( 'NONE',  ( -60.84659938135389700, 78.52951445304356100, 22.25113588947317900 ) ) ;
#3595 = CARTESIAN_POINT ( 'NONE',  ( 37.88704769067999900, 33.02303750320999900, 80.80614555453000500 ) ) ;
#3596 = ORIENTED_EDGE ( 'NONE', *, *, #956, .F. ) ;
#3597 = FACE_OUTER_BOUND ( 'NONE', #3592, .T. ) ;
#3598 = EDGE_LOOP ( 'NONE', ( #3565, #1469, #2259, #2695 ) ) ;
#3599 = CARTESIAN_POINT ( 'NONE',  ( 15.45621956987639000, 73.64960799832401500, 32.76130046964039600 ) ) ;
#3600 = DIRECTION ( 'NONE',  ( 0.0000000000000000000, 0.0000000000000000000, -1.000000000000000000 ) ) ;
#3601 = LINE ( 'NONE', #456, #1287 ) ;
#3602 = DIRECTION ( 'NONE',  ( -0.0000000000000000000, -0.0000000000000000000, -1.000000000000000000 ) ) ;
#3603 = PRODUCT_DEFINITION_FORMATION_WITH_SPECIFIED_SOURCE ( 'ANY', '', #1592, .NOT_KNOWN. ) ;
#3604 = CARTESIAN_POINT ( 'NONE',  ( -0.8660254037843999600, 1.500000000000000000, -4.000000000000000000 ) ) ;
#3605 = DIRECTION ( 'NONE',  ( 0.0000000000000000000, 0.0000000000000000000, -1.000000000000000000 ) ) ;
#3606 = CIRCLE ( 'NONE', #2839, 12.49999999999999600 ) ;
#3607 = ADVANCED_FACE ( 'NONE', ( #3833 ), #3487, .F. ) ;
#3608 = CARTESIAN_POINT ( 'NONE',  ( -57.75559491341000000, 80.75548428362000700, 18.80000000000000100 ) ) ;
#3609 = VECTOR ( 'NONE', #328, 1000.000000000000000 ) ;
#3610 = AXIS2_PLACEMENT_3D ( 'NONE', #80, #64, #1558 ) ;
#3611 = MECHANICAL_DESIGN_GEOMETRIC_PRESENTATION_REPRESENTATION (  '', ( #1934 ), #3816 ) ;
#3612 = CARTESIAN_POINT ( 'NONE',  ( 17.59698050812450300, 75.19666261854320100, 29.58952492852854400 ) ) ;
#3613 = CARTESIAN_POINT ( 'NONE',  ( -72.18206655440361900, 57.68827350714885700, 31.78385691620921700 ) ) ;
#3614 = ORIENTED_EDGE ( 'NONE', *, *, #2720, .T. ) ;
#3615 = CARTESIAN_POINT ( 'NONE',  ( -70.47943776760000400, 7.306137728237000100, 39.60000000000000100 ) ) ;
#3616 = CARTESIAN_POINT ( 'NONE',  ( -3.464468585340523300, -2.124663681671278900, -3.917157287525381700 ) ) ;
#3617 = CARTESIAN_POINT ( 'NONE',  ( 52.49910938239000300, -56.35796225979000000, 52.85976633066000100 ) ) ;
#3618 = ITEM_DEFINED_TRANSFORMATION ( 'NONE', 'NONE', #3538,  #1825 ) ;
#3619 = EDGE_CURVE ( 'NONE', #3529, #1993, #2707, .T. ) ;
#3620 = DIRECTION ( 'NONE',  ( 1.000000000000000000, 0.0000000000000000000, 0.0000000000000000000 ) ) ;
#3621 = EDGE_LOOP ( 'NONE', ( #1227, #1249, #1842, #1863 ) ) ;
#3622 = ORIENTED_EDGE ( 'NONE', *, *, #409, .F. ) ;
#3623 = FACE_OUTER_BOUND ( 'NONE', #2216, .T. ) ;
#3624 = CARTESIAN_POINT ( 'NONE',  ( 1.384226467750208700, 70.34863450625796600, 39.96426901328031500 ) ) ;
#3625 = CARTESIAN_POINT ( 'NONE',  ( 7.926092395339397400, 59.47678786619464800, 29.04356737335787000 ) ) ;
#3626 = CARTESIAN_POINT ( 'NONE',  ( 0.3554265361105734500, 3.281162989311577200, -3.999999712520395000 ) ) ;
#3627 = VECTOR ( 'NONE', #1257, 1000.000000000000000 ) ;
#3628 = CARTESIAN_POINT ( 'NONE',  ( -45.85310094556845700, -22.48092323875960100, 80.00000000000001400 ) ) ;
#3629 = ORIENTED_EDGE ( 'NONE', *, *, #3431, .T. ) ;
#3630 = CARTESIAN_POINT ( 'NONE',  ( -58.84352944428000100, 66.30856898413999500, 39.60000000000000100 ) ) ;
#3631 = CARTESIAN_POINT ( 'NONE',  ( -79.04551921825599000, -61.34502834025431600, 21.46008624024676300 ) ) ;
#3632 = CARTESIAN_POINT ( 'NONE',  ( 65.75000000000000000, 70.00000000000000000, 0.0000000000000000000 ) ) ;
#3633 = AXIS2_PLACEMENT_3D ( 'NONE', #1955, #3264, #1216 ) ;
#3634 = AXIS2_PLACEMENT_3D ( 'NONE', #3192, #844, #962 ) ;
#3635 = VECTOR ( 'NONE', #3546, 1000.000000000000000 ) ;
#3636 = LINE ( 'NONE', #2518, #3208 ) ;
#3637 = CARTESIAN_POINT ( 'NONE',  ( 0.0000000000000000000, 0.0000000000000000000, 39.99999999999840800 ) ) ;
#3638 = CARTESIAN_POINT ( 'NONE',  ( -80.79008802660000300, -63.80589796492999700, 18.80000000000000100 ) ) ;
#3639 = CARTESIAN_POINT ( 'NONE',  ( 0.0000000000000000000, 0.0000000000000000000, 20.00000000000000000 ) ) ;
#3640 = DIRECTION ( 'NONE',  ( -1.000000000000000000, -0.0000000000000000000, -0.0000000000000000000 ) ) ;
#3641 = ORIENTED_EDGE ( 'NONE', *, *, #357, .T. ) ;
#3642 = EDGE_CURVE ( 'NONE', #2898, #1567, #2935, .T. ) ;
#3643 = ORIENTED_EDGE ( 'NONE', *, *, #886, .F. ) ;
#3644 = CARTESIAN_POINT ( 'NONE',  ( -2.726874862749178300, 59.93925665323465100, 8.307259087740240100 ) ) ;
#3645 = ADVANCED_FACE ( 'NONE', ( #408 ), #2804, .F. ) ;
#3646 = CARTESIAN_POINT ( 'NONE',  ( 1.800000000002910400, 2.326828918343158700E-016, 9.999999999990905100 ) ) ;
#3647 = CARTESIAN_POINT ( 'NONE',  ( 61.57406936065999800, -66.20774637620000600, 38.88657671872000100 ) ) ;
#3648 = CARTESIAN_POINT ( 'NONE',  ( -25.95693926007000100, -42.94608983970000100, 81.20000000000000300 ) ) ;
#3649 = CARTESIAN_POINT ( 'NONE',  ( 2.937298009058958700, -1.506178442481769900, -3.999999528535785200 ) ) ;
#3650 = ORIENTED_EDGE ( 'NONE', *, *, #1117, .F. ) ;
#3651 = VECTOR ( 'NONE', #3098, 1000.000000000000000 ) ;
#3652 = EDGE_CURVE ( 'NONE', #1808, #2158, #2004, .T. ) ;
#3653 = CARTESIAN_POINT ( 'NONE',  ( 68.84534630887999600, -36.41562695860999800, 39.60000000000000100 ) ) ;
#3654 = ORIENTED_EDGE ( 'NONE', *, *, #536, .T. ) ;
#3655 = CARTESIAN_POINT ( 'NONE',  ( -21.92031021677999900, -21.92031021677999900, 72.20000000000000300 ) ) ;
#3656 = CARTESIAN_POINT ( 'NONE',  ( 1.392285255481561500, 2.993246137751337100, -3.999999681026023400 ) ) ;
#3657 = COLOUR_RGB ( '',0.7921568627450980000, 0.8196078431372548800, 0.9333333333333333500 ) ;
#3658 = CARTESIAN_POINT ( 'NONE',  ( -1.563258596342093100, 51.14457826244108000, 80.00000000000014200 ) ) ;
#3659 = CARTESIAN_POINT ( 'NONE',  ( -59.87720451857547500, 77.35075861664047600, 24.05706985542203600 ) ) ;
#3660 = ORIENTED_EDGE ( 'NONE', *, *, #2901, .F. ) ;
#3662 = DIRECTION ( 'NONE',  ( 0.0000000000000000000, 0.0000000000000000000, -1.000000000000000000 ) ) ;
#3661 = CARTESIAN_POINT ( 'NONE',  ( 21.92031021677999900, -21.92031021677999900, 67.20000000000000300 ) ) ;
#3663 = CARTESIAN_POINT ( 'NONE',  ( 3.295198926628588600, -0.1819451987736714600, -3.999999999908199200 ) ) ;
#3664 = CARTESIAN_POINT ( 'NONE',  ( 70.57389556572999800, 2.435141340395000000, 39.60000000000000100 ) ) ;
#3665 = ADVANCED_FACE ( 'NONE', ( #1910 ), #2103, .T. ) ;
#3666 = AXIS2_PLACEMENT_3D ( 'NONE', #421, #3858, #556 ) ;
#3667 = EDGE_CURVE ( 'NONE', #2221, #2308, #1283, .T. ) ;
#3668 = DIRECTION ( 'NONE',  ( -0.0000000000000000000, -1.000000000000000000, -0.0000000000000000000 ) ) ;
#3669 = CARTESIAN_POINT ( 'NONE',  ( -19.77031021678000000, -21.92031021677999900, 67.20000000000000300 ) ) ;
#3670 = CARTESIAN_POINT ( 'NONE',  ( 41.47030153531000000, 28.07560203518000500, 81.20000000000000300 ) ) ;
#3671 = VERTEX_POINT ( 'NONE', #3646 ) ;
#3672 = CARTESIAN_POINT ( 'NONE',  ( 16.86700747589631500, 48.30201920154934900, 80.00000000000014200 ) ) ;
#3673 = ORIENTED_EDGE ( 'NONE', *, *, #2823, .T. ) ;
#3674 = EDGE_CURVE ( 'NONE', #2111, #850, #1097, .T. ) ;
#3675 = CARTESIAN_POINT ( 'NONE',  ( -59.20897427781000000, -66.26074232477999700, 39.60000000000000100 ) ) ;
#3676 = VECTOR ( 'NONE', #181, 1000.000000000000000 ) ;
#3677 = DIRECTION ( 'NONE',  ( 0.0000000000000000000, 0.0000000000000000000, -1.000000000000000000 ) ) ;
#3678 = ORIENTED_EDGE ( 'NONE', *, *, #303, .F. ) ;
#3679 = CARTESIAN_POINT ( 'NONE',  ( -56.35796225979000000, 52.49910938239000300, 52.85976633066000100 ) ) ;
#3680 = CARTESIAN_POINT ( 'NONE',  ( -0.8660254037843999600, -1.500000000000000000, -1.400000000000000100 ) ) ;
#3681 = CARTESIAN_POINT ( 'NONE',  ( 0.8660254037843999600, 1.500000000000000000, -4.000000000000000000 ) ) ;
#3682 = CARTESIAN_POINT ( 'NONE',  ( -50.79800129614999800, -57.01907880903000600, 52.85976633066000100 ) ) ;
#3683 = CARTESIAN_POINT ( 'NONE',  ( -62.98117627642680100, 59.65304044168609500, 42.74881836071125500 ) ) ;
#3684 = ADVANCED_FACE ( 'NONE', ( #3597 ), #1653, .T. ) ;
#3685 = EDGE_LOOP ( 'NONE', ( #127, #2356 ) ) ;
#3686 = CARTESIAN_POINT ( 'NONE',  ( 1.986251214743999900, -60.57068269671000100, 60.40000000000000600 ) ) ;
#3687 = CIRCLE ( 'NONE', #3768, 60.00000000000000000 ) ;
#3688 = DIRECTION ( 'NONE',  ( 0.0000000000000000000, 0.0000000000000000000, 1.000000000000000000 ) ) ;
#3689 = VERTEX_POINT ( 'NONE', #938 ) ;
#3690 = VERTEX_POINT ( 'NONE', #1452 ) ;
#3691 = CARTESIAN_POINT ( 'NONE',  ( -18.13813622108244100, 75.76158815827945100, 28.45058103027678000 ) ) ;
#3692 = DIRECTION ( 'NONE',  ( 1.000000000000000000, 0.0000000000000000000, -0.0000000000000000000 ) ) ;
#3693 = PLANE ( 'NONE',  #1903 ) ;
#3694 = LINE ( 'NONE', #952, #1183 ) ;
#3695 = CARTESIAN_POINT ( 'NONE',  ( 60.57068269671000100, 1.986251214743999900, 60.40000000000000600 ) ) ;
#3696 = CARTESIAN_POINT ( 'NONE',  ( 64.75191899100143200, 58.65256956632919800, 41.42542169598587500 ) ) ;
#3697 = EDGE_CURVE ( 'NONE', #3560, #1159, #2198, .T. ) ;
#3698 = B_SPLINE_CURVE_WITH_KNOTS ( 'NONE', 3,
 ( #2354, #2056, #2271, #800, #1682, #163, #3792 ),
 .UNSPECIFIED., .F., .F.,
 ( 4, 1, 1, 1, 4 ),
 ( 3.925231146709437900E-017, 0.001697301106901920500, 0.003394602213803802000, 0.005091903320705682600, 0.006789204427607564000 ),
 .UNSPECIFIED. ) ;
#3699 = EDGE_LOOP ( 'NONE', ( #2051, #1115, #3547, #3622 ) ) ;
#3700 = CIRCLE ( 'NONE', #2328, 4.250000000000003600 ) ;
#3702 = DIRECTION ( 'NONE',  ( 0.0000000000000000000, 1.000000000000000000, 0.0000000000000000000 ) ) ;
#3701 = DIRECTION ( 'NONE',  ( 1.000000000000000000, 0.0000000000000000000, -0.0000000000000000000 ) ) ;
#3703 = CARTESIAN_POINT ( 'NONE',  ( -33.14999999999999900, 0.0000000000000000000, 67.20000000000000300 ) ) ;
#3704 = EDGE_CURVE ( 'NONE', #3440, #3760, #3326, .T. ) ;
#3705 = CARTESIAN_POINT ( 'NONE',  ( 1.732050807568954200, -2.672558355176768400E-014, -1.400000000000000100 ) ) ;
#3706 = ORIENTED_EDGE ( 'NONE', *, *, #350, .T. ) ;
#3707 = CARTESIAN_POINT ( 'NONE',  ( -70.00000000000000000, -70.00000000000000000, 0.0000000000000000000 ) ) ;
#3708 = EDGE_LOOP ( 'NONE', ( #2568, #1648, #2200, #1350, #1790 ) ) ;
#3709 = CARTESIAN_POINT ( 'NONE',  ( -3.870912341343662800, 59.87944870099165900, 31.38579532264150600 ) ) ;
#3710 = AXIS2_PLACEMENT_3D ( 'NONE', #2817, #1152, #3753 ) ;
#3711 =( NAMED_UNIT ( * ) PLANE_ANGLE_UNIT ( ) SI_UNIT ( $, .RADIAN. ) );
#3712 = CARTESIAN_POINT ( 'NONE',  ( 59.21377306094999700, -66.26012668635000600, 39.60000000000000100 ) ) ;
#3713 = EDGE_CURVE ( 'NONE', #1276, #1453, #3694, .T. ) ;
#3714 = CARTESIAN_POINT ( 'NONE',  ( -36.41572499158999700, 68.84534630887999600, 39.60000000000000100 ) ) ;
#3715 = ORIENTED_EDGE ( 'NONE', *, *, #886, .T. ) ;
#3716 = ORIENTED_EDGE ( 'NONE', *, *, #881, .T. ) ;
#3717 = CONTEXT_DEPENDENT_SHAPE_REPRESENTATION ( #1475, #1900 ) ;
#3718 =( LENGTH_UNIT ( ) NAMED_UNIT ( * ) SI_UNIT ( .MILLI., .METRE. ) );
#3719 = ORIENTED_EDGE ( 'NONE', *, *, #995, .T. ) ;
#3720 = ORIENTED_EDGE ( 'NONE', *, *, #1066, .T. ) ;
#3721 = DIRECTION ( 'NONE',  ( 0.0000000000000000000, 0.0000000000000000000, 1.000000000000000000 ) ) ;
#3722 = CARTESIAN_POINT ( 'NONE',  ( -31.00000000000000000, 0.0000000000000000000, 67.20000000000000300 ) ) ;
#3723 = DIRECTION ( 'NONE',  ( 0.0000000000000000000, 0.0000000000000000000, 1.000000000000000000 ) ) ;
#3724 = LINE ( 'NONE', #3669, #545 ) ;
#3725 = CARTESIAN_POINT ( 'NONE',  ( -70.00000000000000000, -80.00000000000000000, 0.0000000000000000000 ) ) ;
#3726 = CARTESIAN_POINT ( 'NONE',  ( -25.80290032997090700, 44.03604773904933700, 80.00000000000014200 ) ) ;
#3727 =( LENGTH_UNIT ( ) NAMED_UNIT ( * ) SI_UNIT ( .MILLI., .METRE. ) );
#3728 = EDGE_CURVE ( 'NONE', #264, #1626, #601, .T. ) ;
#3729 = CYLINDRICAL_SURFACE ( 'NONE', #2154, 34.50000000000000000 ) ;
#3730 = CARTESIAN_POINT ( 'NONE',  ( 0.0000000000000000000, 0.0000000000000000000, 9.800000000000000700 ) ) ;
#3731 = AXIS2_PLACEMENT_3D ( 'NONE', #2809, #975, #2005 ) ;
#3732 = CARTESIAN_POINT ( 'NONE',  ( 0.0000000000000000000, 0.0000000000000000000, 40.00000000000000000 ) ) ;
#3733 = DIRECTION ( 'NONE',  ( 0.0000000000000000000, 1.000000000000000000, 0.0000000000000000000 ) ) ;
#3734 = CARTESIAN_POINT ( 'NONE',  ( -22.06701823620000300, 45.17016296447999900, 81.20000000000000300 ) ) ;
#3735 = FACE_OUTER_BOUND ( 'NONE', #3024, .T. ) ;
#3736 = CARTESIAN_POINT ( 'NONE',  ( -60.34446935146272000, -62.05579582032167000, 43.14531333087454400 ) ) ;
#3737 = CARTESIAN_POINT ( 'NONE',  ( 0.0000000000000000000, -31.00000000000000000, 67.20000000000000300 ) ) ;
#3738 = CARTESIAN_POINT ( 'NONE',  ( 61.37379418093426200, 60.94836561463029800, 43.27818157747847000 ) ) ;
#3739 = VERTEX_POINT ( 'NONE', #2793 ) ;
#3740 = CARTESIAN_POINT ( 'NONE',  ( 57.01907880903000600, -50.79800129614999800, 52.85976633066000100 ) ) ;
#3741 = VECTOR ( 'NONE', #624, 1000.000000000000000 ) ;
#3742 = AXIS2_PLACEMENT_3D ( 'NONE', #468, #2572, #2264 ) ;
#3743 = AXIS2_PLACEMENT_3D ( 'NONE', #3460, #3172, #2887 ) ;
#3744 = CARTESIAN_POINT ( 'NONE',  ( 57.25745658966999900, 49.85806336360000300, 52.85976633066000100 ) ) ;
#3745 = CARTESIAN_POINT ( 'NONE',  ( -21.92031021677999900, -21.92031021677999900, 72.20000000000000300 ) ) ;
#3746 = SHAPE_REPRESENTATION_RELATIONSHIP ( 'NONE' , 'NONE' ,  #137, #130 ) ;
#3747 = CARTESIAN_POINT ( 'NONE',  ( -64.32418959965120600, -58.86035422361633400, 41.80636513585133700 ) ) ;
#3748 = B_SPLINE_CURVE_WITH_KNOTS ( 'NONE', 3,
 ( #205, #2312, #1103, #2919, #3503, #3204, #3819, #218, #2022, #2628, #2321, #2936, #827, #1113, #3517, #1418, #1733, #231, #2037, #546, #2336, #2946, #3229, #1127, #3532, #175, #1352, #158, #1339, #147, #2363, #261, #2067, #3859, #1767, #1439, #858, #1140, #3240, #2347, #1853, #3649, #39, #2461, #355, #3063, #955, #3349, #1240, #3663, #1552, #1618, #944, #2349, #3850, #1951, #2255, #459, #2565, #2858, #1038, #3149, #3439, #1663, #1965, #2266, #2576, #773, #2874, #1052, #3164, #1677, #3776, #2277, #482, #2584, #784, #2892, #1068, #1477, #3177, #1368, #3465, #1690, #3787, #1988, #185, #2289, #494, #2324, #15, #285, #889, #2397, #2768, #2469, #2162, #363, #47, #1543, #3656, #949, #3071, #1529, #2453, #348, #3331, #1217, #2723, #632, #2425, #2149, #1234, #1862, #1784, #1847, #324, #142, #922, #1207, #3316, #3626, #1831, #2139, #933, #643, #29 ),
 .UNSPECIFIED., .F., .F.,
 ( 4, 2, 2, 2, 1, 2, 2, 1, 1, 2, 2, 2, 1, 2, 2, 1, 2, 2, 2, 1, 2, 2, 1, 1, 2, 2, 2, 2, 2, 1, 1, 1, 2, 2, 2, 2, 1, 2, 2, 2, 2, 1, 1, 1, 1, 1, 2, 2, 2, 2, 1, 1, 1, 2, 2, 2, 1, 1, 2, 2, 2, 1, 2, 2, 2, 1, 1, 1, 1, 1, 2, 2, 2, 2, 1, 2, 2, 4 ),
 ( 0.002472298034275331200, 0.06481777940712134300, 0.1271632607799673400, 0.1583360014663902900, 0.1661291866379960800, 0.1680774829308976600, 0.1690516310773484400, 0.1700257792237992400, 0.1739223718096023800, 0.1895087421528148500, 0.2518542235256649400, 0.2830269642120899500, 0.2908201493836962100, 0.2927684456765978200, 0.2937425938230486800, 0.2947167419694995400, 0.2986133345553027600, 0.3141997048985154500, 0.3297860752417282000, 0.3336826678275313700, 0.3346568159739821700, 0.3351438900472076300, 0.3356309641204330300, 0.3375792604133349100, 0.3453724455849427300, 0.3765451862713740100, 0.4388906676442365700, 0.4700634083306677900, 0.4856497786738834300, 0.4934429638454912400, 0.4973395564312951800, 0.4992878527241971200, 0.5002620008706480900, 0.5012361490170990100, 0.5635816303899615600, 0.5947543710763927300, 0.6103407414196084800, 0.6181339265912163500, 0.6259271117628241200, 0.6882725931356870100, 0.7194453338221183900, 0.7350317041653341400, 0.7428248893369420200, 0.7467214819227459000, 0.7486697782156478400, 0.7496439263620987600, 0.7501310004353243200, 0.7506180745085498900, 0.7662044448517670900, 0.7739976300233757400, 0.7778942226091800600, 0.7798425189020822300, 0.7808166670485331400, 0.7813037411217587100, 0.7817908151949842800, 0.7973771855381994700, 0.8051703707098069000, 0.8090669632956106700, 0.8110152595885125000, 0.8129635558814144500, 0.8441362965678439500, 0.8597226669110588100, 0.8675158520826662400, 0.8753090372542736700, 0.9064817779407033900, 0.9220681482839181400, 0.9298613334555255700, 0.9337579260413292300, 0.9357062223342310600, 0.9366803704806819800, 0.9371674445539074400, 0.9376545186271328900, 0.9532408889703496400, 0.9610340741419578500, 0.9649306667277621800, 0.9668789630206643400, 0.9688272593135663900, 1.000000000000000000 ),
 .UNSPECIFIED. ) ;
#3749 = VERTEX_POINT ( 'NONE', #581 ) ;
#3750 = CARTESIAN_POINT ( 'NONE',  ( 60.34446935146267100, 62.05579582032162000, 43.14531333087454400 ) ) ;
#3751 = EDGE_CURVE ( 'NONE', #258, #911, #3881, .T. ) ;
#3752 = CARTESIAN_POINT ( 'NONE',  ( -7.916409307670170000, 59.47624282021548200, 29.02682783335995600 ) ) ;
#3753 = DIRECTION ( 'NONE',  ( -1.000000000000000000, 0.0000000000000000000, 0.0000000000000000000 ) ) ;
#3754 = LINE ( 'NONE', #2992, #1199 ) ;
#3755 = FACE_OUTER_BOUND ( 'NONE', #1076, .T. ) ;
#3756 = CARTESIAN_POINT ( 'NONE',  ( -69.48109949763002600, 57.49607105101412000, 35.59139817766184400 ) ) ;
#3757 = ORIENTED_EDGE ( 'NONE', *, *, #1859, .F. ) ;
#3758 = CARTESIAN_POINT ( 'NONE',  ( 34.03049484755960900, -37.99049656455601800, 79.99999999999998600 ) ) ;
#3759 = CARTESIAN_POINT ( 'NONE',  ( 66.20774637620000600, 61.57406936065999800, 38.88657671872000100 ) ) ;
#3760 = VERTEX_POINT ( 'NONE', #678 ) ;
#3761 = CARTESIAN_POINT ( 'NONE',  ( 49.90385560309999800, 8.455449541561002000, 81.20000000000000300 ) ) ;
#3762 = EDGE_LOOP ( 'NONE', ( #1272, #1277, #1885, #2526 ) ) ;
#3763 = ORIENTED_EDGE ( 'NONE', *, *, #809, .F. ) ;
#3764 = ORIENTED_EDGE ( 'NONE', *, *, #2901, .T. ) ;
#3765 = AXIS2_PLACEMENT_3D ( 'NONE', #3857, #2714, #1450 ) ;
#3766 =( NAMED_UNIT ( * ) SI_UNIT ( $, .STERADIAN. ) SOLID_ANGLE_UNIT ( ) );
#3767 = CARTESIAN_POINT ( 'NONE',  ( 41.54753629745999900, -53.40036977106000600, 60.40000000000000600 ) ) ;
#3768 = AXIS2_PLACEMENT_3D ( 'NONE', #3732, #2758, #504 ) ;
#3769 = ORIENTED_EDGE ( 'NONE', *, *, #2869, .F. ) ;
#3770 = EDGE_LOOP ( 'NONE', ( #3013, #2845, #3654, #3142 ) ) ;
#3771 = CARTESIAN_POINT ( 'NONE',  ( -60.16281439900159700, 62.28223417434201500, 43.06942418463253800 ) ) ;
#3772 = CARTESIAN_POINT ( 'NONE',  ( 80.00000000000000000, 80.00000000000000000, 20.00000000000000000 ) ) ;
#3773 = LINE ( 'NONE', #1781, #3904 ) ;
#3774 = DIRECTION ( 'NONE',  ( 0.0000000000000000000, 0.0000000000000000000, -1.000000000000000000 ) ) ;
#3775 = EDGE_CURVE ( 'NONE', #533, #1067, #1377, .T. ) ;
#3776 = CARTESIAN_POINT ( 'NONE',  ( 2.363284422093723700, 2.303596538854922200, -3.999999912183333200 ) ) ;
#3777 = CIRCLE ( 'NONE', #1954, 12.00000000000000000 ) ;
#3778 = CARTESIAN_POINT ( 'NONE',  ( -66.79979600846999700, 59.44861395710999800, 38.88657671872000100 ) ) ;
#3779 = ORIENTED_EDGE ( 'NONE', *, *, #3799, .T. ) ;
#3780 = FACE_OUTER_BOUND ( 'NONE', #525, .T. ) ;
#3781 = CARTESIAN_POINT ( 'NONE',  ( 29.57936790315000100, 40.40483926614000200, 81.20000000000000300 ) ) ;
#3782 = DIRECTION ( 'NONE',  ( -1.000000000000000000, 0.0000000000000000000, 0.0000000000000000000 ) ) ;
#3783 = DIRECTION ( 'NONE',  ( 0.0000000000000000000, 0.0000000000000000000, -1.000000000000000000 ) ) ;
#3784 = ORIENTED_EDGE ( 'NONE', *, *, #1230, .T. ) ;
#3785 = CARTESIAN_POINT ( 'NONE',  ( -3.299525481392406000, -0.05596067942946865400, -4.000000000000000000 ) ) ;
#3786 = EDGE_LOOP ( 'NONE', ( #571, #3569, #1084, #1974 ) ) ;
#3787 = CARTESIAN_POINT ( 'NONE',  ( 2.111780758814525000, 2.536296268493626500, -3.999999736101057300 ) ) ;
#3788 = CARTESIAN_POINT ( 'NONE',  ( -57.24133914504000100, -49.92402747740000300, 52.85976633066000100 ) ) ;
#3789 = ORIENTED_EDGE ( 'NONE', *, *, #2663, .T. ) ;
#3790 = DIRECTION ( 'NONE',  ( 0.0000000000000000000, 0.0000000000000000000, -1.000000000000000000 ) ) ;
#3791 = ORIENTED_EDGE ( 'NONE', *, *, #194, .T. ) ;
#3792 = CARTESIAN_POINT ( 'NONE',  ( -33.58373500129311400, 38.38141143005537300, 80.00000000000001400 ) ) ;
#3793 = FACE_BOUND ( 'NONE', #3103, .T. ) ;
#3794 = CARTESIAN_POINT ( 'NONE',  ( -10.92497700582000100, 60.13261056152001100, 60.40000000000000600 ) ) ;
#3795 = CARTESIAN_POINT ( 'NONE',  ( 1.732050807569000200, 0.0000000000000000000, -4.000000000000000000 ) ) ;
#3796 = CIRCLE ( 'NONE', #3743, 60.00000000000000000 ) ;
#3797 = DIRECTION ( 'NONE',  ( -0.0000000000000000000, 1.000000000000000000, 0.0000000000000000000 ) ) ;
#3798 = CARTESIAN_POINT ( 'NONE',  ( -9.250318227995560200, 71.32435162803518800, 37.74527519403079600 ) ) ;
#3799 = EDGE_CURVE ( 'NONE', #1567, #1547, #2382, .T. ) ;
#3800 = VECTOR ( 'NONE', #2666, 1000.000000000000000 ) ;
#3801 = ADVANCED_FACE ( 'NONE', ( #75 ), #2487, .T. ) ;
#3802 = CARTESIAN_POINT ( 'NONE',  ( 14.62077070654517500, -48.93791952616629000, 80.00000000000014200 ) ) ;
#3803 = ORIENTED_EDGE ( 'NONE', *, *, #1828, .T. ) ;
#3804 = CARTESIAN_POINT ( 'NONE',  ( 19.77031021678000000, 21.92031021677999900, 67.20000000000000300 ) ) ;
#3805 = CARTESIAN_POINT ( 'NONE',  ( 27.50000000000000000, 0.0000000000000000000, 67.20000000000000300 ) ) ;
#3806 = DIRECTION ( 'NONE',  ( -1.000000000000000000, 0.0000000000000000000, 0.0000000000000000000 ) ) ;
#3807 = CARTESIAN_POINT ( 'NONE',  ( 80.84117904133999800, -72.14645502349999600, 18.80000000000000100 ) ) ;
#3808 = CARTESIAN_POINT ( 'NONE',  ( 57.50453865868154000, 70.69350036788932800, 33.91062629371690900 ) ) ;
#3809 =( NAMED_UNIT ( * ) PLANE_ANGLE_UNIT ( ) SI_UNIT ( $, .RADIAN. ) );
#3810 = CARTESIAN_POINT ( 'NONE',  ( -10.76494277044435900, 59.02670368126461400, 25.31708681561526600 ) ) ;
#3811 = AXIS2_PLACEMENT_3D ( 'NONE', #1197, #3023, #2423 ) ;
#3812 = CARTESIAN_POINT ( 'NONE',  ( -80.00000000000000000, 0.0000000000000000000, 0.0000000000000000000 ) ) ;
#3813 = CARTESIAN_POINT ( 'NONE',  ( -62.05579582032167000, 60.34446935146272000, 43.14531333087454400 ) ) ;
#3814 = VERTEX_POINT ( 'NONE', #2896 ) ;
#3815 = FACE_BOUND ( 'NONE', #3580, .T. ) ;
#3816 =( GEOMETRIC_REPRESENTATION_CONTEXT ( 3 ) GLOBAL_UNCERTAINTY_ASSIGNED_CONTEXT ( ( #1346 ) ) GLOBAL_UNIT_ASSIGNED_CONTEXT ( ( #2229, #3809, #208 ) ) REPRESENTATION_CONTEXT ( 'NONE', 'WORKASPACE' ) );
#3817 = CARTESIAN_POINT ( 'NONE',  ( -9.017837407295708400, 59.31899155573265100, 12.07322234365111900 ) ) ;
#3818 = CARTESIAN_POINT ( 'NONE',  ( 28.85000000000000100, 0.0000000000000000000, 67.20000000000000300 ) ) ;
#3819 = CARTESIAN_POINT ( 'NONE',  ( 1.593137829628204600, -2.890738497069249600, -3.999999278261223700 ) ) ;
#3820 = VERTEX_POINT ( 'NONE', #1581 ) ;
#3821 = CARTESIAN_POINT ( 'NONE',  ( 0.0000000000000000000, 0.0000000000000000000, 72.20000000000000300 ) ) ;
#3822 = EDGE_CURVE ( 'NONE', #1673, #2632, #171, .T. ) ;
#3823 = CARTESIAN_POINT ( 'NONE',  ( -62.49999999999916200, -79.99999999999940300, 19.99999999999888100 ) ) ;
#3824 = CARTESIAN_POINT ( 'NONE',  ( 55.53957564582000100, -34.80311838795999800, 60.40000000000000600 ) ) ;
#3825 = CARTESIAN_POINT ( 'NONE',  ( 67.09522889883000100, 52.67671713119000300, 39.60000000000000100 ) ) ;
#3826 = ORIENTED_EDGE ( 'NONE', *, *, #3339, .T. ) ;
#3827 = FACE_BOUND ( 'NONE', #1044, .T. ) ;
#3828 = CARTESIAN_POINT ( 'NONE',  ( -11.61319963214855200, 58.86559511599323700, 23.12278613675484400 ) ) ;
#3829 = CARTESIAN_POINT ( 'NONE',  ( 29.24137161390000400, -57.00775463667999800, 60.40000000000000600 ) ) ;
#3830 = CARTESIAN_POINT ( 'NONE',  ( -80.72654725805000500, 52.49547664373000100, 18.80000000000000100 ) ) ;
#3831 = CARTESIAN_POINT ( 'NONE',  ( -60.00000000000000000, 0.0000000000000000000, 0.0000000000000000000 ) ) ;
#3832 = DIRECTION ( 'NONE',  ( 1.000000000000000000, 0.0000000000000000000, 0.0000000000000000000 ) ) ;
#3833 = FACE_OUTER_BOUND ( 'NONE', #1374, .T. ) ;
#3834 = CARTESIAN_POINT ( 'NONE',  ( 59.81542677855256300, -62.74682151156055500, 42.87080536906572100 ) ) ;
#3835 = CARTESIAN_POINT ( 'NONE',  ( 0.0000000000000000000, 0.0000000000000000000, 9.799999999927422300 ) ) ;
#3836 = CLOSED_SHELL ( 'NONE', ( #2647, #3059, #2740, #3645, #503, #1664, #2499, #2904, #1835, #2942, #300, #3151, #3343, #2870, #2600, #1485, #2766, #1976, #3607, #2151, #3259, #376, #3864, #1800, #3556, #1699, #965, #2291, #3201, #906, #3488, #1526, #1548, #1185, #3801, #3299, #25, #2176, #340, #1857, #2409, #2926, #51, #2921, #1572, #467, #641, #829, #799, #3187, #1384, #3002, #661, #1735, #2117, #161, #1267, #3883, #1243, #1088, #947, #539, #1221, #2577, #1390, #3907, #3320, #2307 ) ) ;
#3837 = CARTESIAN_POINT ( 'NONE',  ( -1.376155931421557200, 70.34853820819759600, 39.96449365193513600 ) ) ;
#3838 = AXIS2_PLACEMENT_3D ( 'NONE', #3197, #594, #377 ) ;
#3839 = CARTESIAN_POINT ( 'NONE',  ( 63.43462339177278900, 59.35953546365330200, 42.47667239397894400 ) ) ;
#3840 = STYLED_ITEM ( 'NONE', ( #1241 ), #1326 ) ;
#3841 = CARTESIAN_POINT ( 'NONE',  ( -57.50000000000000700, -70.00000000000000000, 20.00000000000000400 ) ) ;
#3842 = LINE ( 'NONE', #1436, #125 ) ;
#3843 = CARTESIAN_POINT ( 'NONE',  ( 64.96053453269486500, 58.55872315620008800, 41.22586100793994700 ) ) ;
#3844 = ORIENTED_EDGE ( 'NONE', *, *, #2792, .T. ) ;
#3845 = ORIENTED_EDGE ( 'NONE', *, *, #3652, .F. ) ;
#3846 = CARTESIAN_POINT ( 'NONE',  ( 68.09406068477000000, 80.81599860029000100, 18.80000000000000100 ) ) ;
#3847 = EDGE_CURVE ( 'NONE', #1122, #2583, #3173, .T. ) ;
#3848 = ORIENTED_EDGE ( 'NONE', *, *, #1009, .F. ) ;
#3849 = B_SPLINE_CURVE_WITH_KNOTS ( 'NONE', 3,
 ( #857, #87, #248, #260, #2907, #997, #2627 ),
 .UNSPECIFIED., .F., .F.,
 ( 4, 1, 1, 1, 4 ),
 ( 7.071546578084216500E-016, 0.001697301106902017200, 0.003394602213803327500, 0.005091903320704637400, 0.006789204427605947300 ),
 .UNSPECIFIED. ) ;
#3850 = CARTESIAN_POINT ( 'NONE',  ( 3.300001906348428300, 0.002488977784335271100, -3.999999999998034500 ) ) ;
#3851 = EDGE_CURVE ( 'NONE', #407, #850, #2579, .T. ) ;
#3852 = ORIENTED_EDGE ( 'NONE', *, *, #1766, .F. ) ;
#3853 = EDGE_LOOP ( 'NONE', ( #831, #1763, #2263, #2865 ) ) ;
#3854 = ORIENTED_EDGE ( 'NONE', *, *, #2663, .F. ) ;
#3855 = ORIENTED_EDGE ( 'NONE', *, *, #928, .F. ) ;
#3856 = CARTESIAN_POINT ( 'NONE',  ( 11.92054679206112900, 58.80412485500635000, 21.58553164168556600 ) ) ;
#3857 = CARTESIAN_POINT ( 'NONE',  ( 0.0000000000000000000, 0.0000000000000000000, 40.00000000000000000 ) ) ;
#3858 = DIRECTION ( 'NONE',  ( 0.0000000000000000000, 0.0000000000000000000, 1.000000000000000000 ) ) ;
#3859 = CARTESIAN_POINT ( 'NONE',  ( 2.864717960220240800, -1.639541442332307800, -3.999999050319309000 ) ) ;
#3860 = ORIENTED_EDGE ( 'NONE', *, *, #951, .T. ) ;
#3861 = CARTESIAN_POINT ( 'NONE',  ( -59.22241874790729100, -63.66287383870780300, 42.32104261467992500 ) ) ;
#3862 = DIRECTION ( 'NONE',  ( 1.000000000000000000, 0.0000000000000000000, 0.0000000000000000000 ) ) ;
#3863 = CIRCLE ( 'NONE', #1456, 27.50000000000000000 ) ;
#3864 = ADVANCED_FACE ( 'NONE', ( #3357, #3088 ), #1961, .F. ) ;
#3865 = ADVANCED_BREP_SHAPE_REPRESENTATION ( '', ( #655, #1825 ), #3493 ) ;
#3866 = CARTESIAN_POINT ( 'NONE',  ( -48.93791952616634000, -14.62077070654520000, 80.00000000000001400 ) ) ;
#3867 = AXIS2_PLACEMENT_3D ( 'NONE', #611, #274, #290 ) ;
#3868 = EDGE_CURVE ( 'NONE', #2583, #30, #1600, .T. ) ;
#3869 = VERTEX_POINT ( 'NONE', #3892 ) ;
#3870 = CARTESIAN_POINT ( 'NONE',  ( -19.77031021678000000, 21.92031021677999900, 67.20000000000000300 ) ) ;
#3871 = CARTESIAN_POINT ( 'NONE',  ( -51.68030560822000300, 46.27149353211999700, 60.40000000000000600 ) ) ;
#3872 = CARTESIAN_POINT ( 'NONE',  ( 38.38141143005102400, -33.58373500129091800, 80.00000000000001400 ) ) ;
#3873 = EDGE_CURVE ( 'NONE', #957, #1561, #876, .T. ) ;
#3874 = CARTESIAN_POINT ( 'NONE',  ( -62.03005443638016200, 79.64754082728495600, 20.53773504625966200 ) ) ;
#3875 = CIRCLE ( 'NONE', #2544, 0.2000000000000000700 ) ;
#3876 = LINE ( 'NONE', #2172, #2377 ) ;
#3877 = CARTESIAN_POINT ( 'NONE',  ( 0.0000000000000000000, 0.0000000000000000000, 0.0000000000000000000 ) ) ;
#3878 = DIRECTION ( 'NONE',  ( 1.000000000000000000, 0.0000000000000000000, 0.0000000000000000000 ) ) ;
#3879 = CARTESIAN_POINT ( 'NONE',  ( -66.92639293601999400, -58.29356837992000400, 38.88657671872000100 ) ) ;
#3880 = ORIENTED_EDGE ( 'NONE', *, *, #715, .T. ) ;
#3881 = LINE ( 'NONE', #3115, #788 ) ;
#3882 = CARTESIAN_POINT ( 'NONE',  ( -9.754280497873164500, 59.20221989334972100, 12.99946704462395200 ) ) ;
#3883 = ADVANCED_FACE ( 'NONE', ( #266 ), #1233, .F. ) ;
#3884 = CARTESIAN_POINT ( 'NONE',  ( -70.00000000000000000, 70.00000000000000000, 80.00000000000000000 ) ) ;
#3885 = CARTESIAN_POINT ( 'NONE',  ( 57.49558050106168800, -69.48747284361114400, 35.58282237703150500 ) ) ;
#3886 = VERTEX_POINT ( 'NONE', #1904 ) ;
#3887 = VECTOR ( 'NONE', #3303, 1000.000000000000000 ) ;
#3888 = CARTESIAN_POINT ( 'NONE',  ( 2.726892485558789000, 59.93925586764157700, 31.69273689157407100 ) ) ;
#3889 = DIRECTION ( 'NONE',  ( 0.0000000000000000000, 0.0000000000000000000, -1.000000000000000000 ) ) ;
#3890 = AXIS2_PLACEMENT_3D ( 'NONE', #2506, #1280, #1564 ) ;
#3891 = FACE_OUTER_BOUND ( 'NONE', #3416, .T. ) ;
#3892 = CARTESIAN_POINT ( 'NONE',  ( 33.58373500129091800, 38.38141143005102400, 80.00000000000001400 ) ) ;
#3893 = CARTESIAN_POINT ( 'NONE',  ( 61.60260323704843400, -60.73590912399750900, 43.25020868304251600 ) ) ;
#3894 = ORIENTED_EDGE ( 'NONE', *, *, #760, .T. ) ;
#3895 = CYLINDRICAL_SURFACE ( 'NONE', #2762, 2.149999999999999000 ) ;
#3896 = CARTESIAN_POINT ( 'NONE',  ( 59.35853524390481100, 63.43625972415401300, 42.47558731517317900 ) ) ;
#3897 = PLANE ( 'NONE',  #2913 ) ;
#3898 = CARTESIAN_POINT ( 'NONE',  ( -5.321490176051409700, 59.76456123169595000, 30.76272010299836200 ) ) ;
#3899 = CARTESIAN_POINT ( 'NONE',  ( 0.09233478301324341000, -3.498781829129374600, -3.917157287525381700 ) ) ;
#3900 = CARTESIAN_POINT ( 'NONE',  ( 33.58373500129312100, -38.38141143005538700, 80.00000000000000000 ) ) ;
#3901 = CARTESIAN_POINT ( 'NONE',  ( 54.70399041923000300, -54.70399041923000300, 52.85976633066000100 ) ) ;
#3902 = EDGE_CURVE ( 'NONE', #3233, #1276, #3543, .T. ) ;
#3903 = CARTESIAN_POINT ( 'NONE',  ( 58.95501511589884600, -75.88506332064569900, 26.29037939797275000 ) ) ;
#3904 = VECTOR ( 'NONE', #1454, 1000.000000000000100 ) ;
#3905 = CARTESIAN_POINT ( 'NONE',  ( 60.94836561463033300, -61.37379418093429000, 43.27818157747850600 ) ) ;
#3906 = ORIENTED_EDGE ( 'NONE', *, *, #420, .F. ) ;
#3907 = ADVANCED_FACE ( 'NONE', ( #464 ), #2245, .F. ) ;
#3908 = CARTESIAN_POINT ( 'NONE',  ( 13.64324005853393200, 72.73373726046257600, 34.68357973294963900 ) ) ;
#3909 = ORIENTED_EDGE ( 'NONE', *, *, #1553, .T. ) ;
#3910 = DIRECTION ( 'NONE',  ( 1.000000000000000000, 0.0000000000000000000, 0.0000000000000000000 ) ) ;
#3911 = ORIENTED_EDGE ( 'NONE', *, *, #3642, .T. ) ;
#3912 = VECTOR ( 'NONE', #923, 1000.000000000000000 ) ;
#3913 = DIRECTION ( 'NONE',  ( -1.000000000000000000, 0.0000000000000000000, 0.0000000000000000000 ) ) ;
#3914 = CARTESIAN_POINT ( 'NONE',  ( 0.0000000000000000000, -31.00000000000000000, 67.20000000000000300 ) ) ;
#3915 = DIRECTION ( 'NONE',  ( 0.0000000000000000000, 0.0000000000000000000, 1.000000000000000000 ) ) ;
#3916 = CARTESIAN_POINT ( 'NONE',  ( 61.87895755304470700, -79.53421816478335400, 20.71062760199472000 ) ) ;
#3917 = AXIS2_PLACEMENT_3D ( 'NONE', #3314, #3029, #3497 ) ;
#3918 = ORIENTED_EDGE ( 'NONE', *, *, #1963, .T. ) ;
#3919 = NEXT_ASSEMBLY_USAGE_OCCURRENCE ( 'NAUO1', ' ', ' ', #771, #792, $ ) ;
#3920 = NEXT_ASSEMBLY_USAGE_OCCURRENCE ( 'NAUO2', ' ', ' ', #792, #1873, $ ) ;
#3921 = NEXT_ASSEMBLY_USAGE_OCCURRENCE ( 'NAUO3', ' ', ' ', #792, #2043, $ ) ;
ENDSEC;
END-ISO-10303-21;
