
CASCADE Topology V1, (c) Matra-Datavision
Locations 3
1
              1               0               0              -0 
              0               1               0              -0 
              0               0               1              -0 
1
              1               0               0              -0 
              0               1               0              -0 
              0               0               1              -0 
1
              1               0               0  21.92031021678 
              0               1               0  21.92031021678 
              0               0               1            67.2 
Curve2ds 276
1 6.2831853071795862 0 0 1 
1 0 0 0 1 
1 0 0 1 -0 
1 3.1415926535897931 0 0 1 
1 3.1415926535897931 0 0 1 
1 0 -40 1 0 
1 0 -6.1512547053739436e-16 1 0 
1 6.2831853071795862 0 0 1 
1 0 0 0 1 
1 0 0 1 0 
1 3.1415926535897931 0 0 1 
1 3.1415926535897931 0 0 1 
1 0 -20 1 0 
1 6.2831853071795862 0 0 1 
1 0 0 0 1 
1 0 0 1 0 
1 3.1415926535897931 0 0 1 
1 3.1415926535897931 0 0 1 
1 0 -20 1 0 
1 6.2831853071795862 0 0 1 
1 0 0 0 1 
1 0 0 1 0 
1 3.1415926535897931 0 0 1 
1 3.1415926535897931 0 0 1 
1 0 -20 1 0 
1 6.2831853071795862 0 0 1 
1 0 0 0 1 
1 0 0 1 0 
1 3.1415926535897931 0 0 1 
1 3.1415926535897931 0 0 1 
1 0 -20 1 0 
1 6.2831853071795862 0 0 1 
1 0 0 0 1 
1 3.1415926535897931 0 0 1 
1 3.1415926535897931 0 0 1 
1 0 -32.343314610596124 1 0 
1 6.2831853071795862 0 0 1 
1 0 0 0 1 
1 6.2831853071795862 0 -1 0 
1 3.1415926535897931 0 0 1 
1 3.1415926535897931 0 0 1 
7 0 0  3 113 111  6.2831853071795862 -20  6.2736733710277885 -20.000000000000007  6.2546324966291493 -20.000651217158445  6.2259942260228902 -20.003593834750408  6.1972591739631522 -20.008511003975638  6.1683860620318338 -20.015423316713253  6.1396104085348897 -20.024259042039411  6.1109120144962947 -20.034965323350914  6.0823210712618021 -20.047485958792763  6.0538088767017202 -20.061776530994958  6.0253351645304312 -20.077798584838732  5.9968812905240521 -20.095508164563366  5.9684223913687049 -20.114862963905662  5.9399356022916709 -20.135819579253855  5.9113957107537551 -20.158337346893322  5.8827850087566382 -20.182365740869272  5.8540509184762826 -20.207901078043061  5.8252898734904397 -20.234765007943512  5.7966001546972601 -20.262778549383462  5.7680644746585799 -20.291773119436872  5.7395964529656753 -20.321717463503028  5.7111865423566099 -20.352524078210358  5.6828068390482827 -20.38411894393602  5.6544357203940816 -20.416424801892212  5.6260468062119333 -20.449368906294087  5.5976263948272003 -20.482862673223281  5.5691139409174815 -20.516875428427245  5.5404956682492985 -20.551314997705436  5.5118302132168049 -20.585999572539698  5.4831488798816812 -20.620781064564756  5.4545951071221852 -20.655367756664674  5.4261247416898053 -20.689704534148394  5.3977189047954219 -20.723704410650804  5.3693520197425828 -20.75728894026658  5.341000568156935 -20.790377386925684  5.3126407501804547 -20.82288963475639  5.2842497860366882 -20.854745377258855  5.2558031701306671 -20.8858659077688  5.2272796463872861 -20.916164174317181  5.1986431682858205 -20.945572442901824  5.1699152542289815 -20.973947339255716  5.1411872024778571 -21.001112893503848  5.1125315921131902 -21.02691625713889  5.0840183591078603 -21.051205971058831  5.0555483308396401 -21.074011865526625  5.0271145377691644 -21.095267309973345  4.9986890629575571 -21.114927091977428  4.9702500868355743 -21.132940126897815  4.9417716765859208 -21.149257400824158  4.91323826487747 -21.163827489142953  4.8845976316857058 -21.176606539322236  4.8558302415643517 -21.187540536737206  4.8269951542628329 -21.196562137579217  4.7981329292254165 -21.203599688632508  4.769290992250304 -21.208621710471029  4.7404484120575754 -21.211621748600418  4.7115538759092912 -21.212586247013917  4.6827073688319221 -21.211505275525255  4.6540062908264987 -21.208410174953432  4.6253935863818887 -21.203330557237589  4.596853717368659 -21.196296496538206  4.5683603046535577 -21.187337947009652  4.5398903189183377 -21.176484880609834  4.5114203797119137 -21.163767318088677  4.4829280450715476 -21.149215037761508  4.4543887185954496 -21.132857170132777  4.4257825511495286 -21.114728728420868  4.3970707012850747 -21.094843709836599  4.3682854092195109 -21.07327412663231  4.3395244576502128 -21.050184070601603  4.3109039323570544 -21.025737095221448  4.2823938728689042 -21.000011241416992  4.2539433037960128 -20.973061704612309  4.225535922091705 -20.94496586465954  4.1971457913854664 -20.91579489353369  4.1687504065530812 -20.885622610290767  4.1403234377752431 -20.854518453539296  4.1118513799776224 -20.822566736597381  4.0832440684439151 -20.789759221730517  4.054572893372252 -20.756286999182308  4.025886384859418 -20.72231191051414  3.9972807377753226 -20.6880582554634  3.9687844572150781 -20.653679292862691  3.9403588051179921 -20.619240469884303  3.9119832735839175 -20.584831011117281  3.8836332766487676 -20.550529926647755  3.8552860213107807 -20.516419639086163  3.8269176881125753 -20.482581993256652  3.7985044751019745 -20.449099150186296  3.7700215887687807 -20.416052583876688  3.7414469374035741 -20.383526200228442  3.7127480841159795 -20.351594864571993  3.6840532381361877 -20.320515577407082  3.6553996332631882 -20.290415615998608  3.6268655791015321 -20.261474066373836  3.5984160967950722 -20.233738545523696  3.5700000056777594 -20.207235815024418  3.5416012811597599 -20.182033059279377  3.5131944143288276 -20.158186288323698  3.4847577064956692 -20.13575491700513  3.4562637350540699 -20.114797009358274  3.4277022902092371 -20.095376864058093  3.3989734395126083 -20.077525602760982  3.3701696231072309 -20.06135448900222  3.3413768401691515 -20.0469736978065  3.312689230902325 -20.03448844510816  3.2840916815455978 -20.023893579390204  3.2555583718935845 -20.015202912406295  3.2270662344108052 -20.00842547613459  3.1985915369767079 -20.003571583321914  3.1701108976373873 -20.000651203416155  3.1511045165548057 -19.999999999999996  3.1415926535897931 -20 
 0.05641290144268836 4 0.056754738524655339 1 0.057096575606622318 1 0.057438412688589298 1 0.05778024977055627 1 0.05812208685252325 1 0.058463923934490229 1 0.058805761016457209 1 0.059147598098424188 1 0.059489435180391168 1 0.05983127226235814 1 0.060173109344325119 1 0.060514946426292099 1 0.060856783508259078 1 0.061198620590226058 1 0.061540457672193037 1 0.061882294754160017 1 0.062224131836126989 1 0.062565968918093975 1 0.062907806000060948 1 0.063249643082027934 1 0.063591480163994907 1 0.063933317245961879 1 0.064275154327928866 1 0.064616991409895838 1 0.064958828491862824 1 0.065300665573829797 1 0.065642502655796769 1 0.065984339737763756 1 0.066326176819730728 1 0.066668013901697715 1 0.067009850983664687 1 0.067351688065631674 1 0.067693525147598646 1 0.068035362229565632 1 0.068377199311532605 1 0.068719036393499577 1 0.069060873475466564 1 0.069402710557433536 1 0.069744547639400523 1 0.070086384721367495 1 0.070428221803334468 1 0.070770058885301454 1 0.071111895967268426 1 0.071453733049235413 1 0.071795570131202385 1 0.072137407213169358 1 0.072479244295136344 1 0.072821081377103331 1 0.073162918459070303 1 0.073504755541037275 1 0.073846592623004262 1 0.074188429704971234 1 0.074530266786938221 1 0.074872103868905193 1 0.075213940950872166 1 0.075555778032839152 1 0.075897615114806125 1 0.076239452196773111 1 0.076581289278740083 1 0.076923126360707056 1 0.077264963442674042 1 0.077606800524641029 1 0.077948637606608001 1 0.078290474688574974 1 0.07863231177054196 1 0.078974148852508932 1 0.079315985934475919 1 0.079657823016442891 1 0.079999660098409864 1 0.08034149718037685 1 0.080683334262343823 1 0.081025171344310809 1 0.081367008426277782 1 0.081708845508244754 1 0.08205068259021174 1 0.082392519672178713 1 0.082734356754145699 1 0.083076193836112672 1 0.083418030918079658 1 0.083759868000046631 1 0.084101705082013617 1 0.084443542163980589 1 0.084785379245947562 1 0.085127216327914548 1 0.085469053409881521 1 0.085810890491848507 1 0.08615272757381548 1 0.086494564655782452 1 0.086836401737749438 1 0.087178238819716411 1 0.087520075901683397 1 0.08786191298365037 1 0.088203750065617342 1 0.088545587147584329 1 0.088887424229551315 1 0.089229261311518288 1 0.08957109839348526 1 0.089912935475452233 1 0.090254772557419219 1 0.090596609639386205 1 0.090938446721353178 1 0.09128028380332015 1 0.091622120885287137 1 0.091963957967254123 1 0.092305795049221095 1 0.092647632131188068 1 0.09298946921315504 1 0.093331306295122027 1 0.093673143377089013 1 0.094014980459055986 4
7 0 0  3 113 111  1.5707963267948963 -32  1.5688939481480704 -32  1.5650857567957672 -31.996751660804438  1.5593625824023889 -31.982033648456696  1.5536291121848507 -31.957383488980938  1.5478818191298513 -31.922666090424112  1.5421722335188282 -31.878151794067016  1.5365006162264159 -31.823985982929003  1.5308772897957796 -31.760323354117464  1.525300515969358 -31.687318388721533  1.51976663757733 -31.604955786215996  1.5142764912484226 -31.513223941278881  1.508829702526268 -31.412108665955461  1.5034262939150289 -31.301602407618489  1.4980659576675848 -31.181673654963571  1.4927493566437213 -31.052380096067704  1.4874724323179278 -30.913371096791835  1.4822570156285433 -30.7652547240099  1.4771249573476006 -30.608673256895568  1.4720952094028721 -30.444212689123265  1.4671550724765359 -30.271691280405534  1.4623067383039274 -30.091205376364986  1.4575487273255037 -29.902789739046085  1.4528810065229709 -29.706474155015965  1.4483034066311897 -29.502203286862979  1.4438175282207109 -29.290039365618046  1.4394182850943222 -29.069643034744548  1.4351082541112592 -28.841014385409661  1.4309002532265793 -28.604780051690074  1.4268037671600522 -28.361308352415847  1.4228408655064022 -28.112130490709916  1.4190082283428198 -27.857091891171549  1.4153061110815528 -27.596258121605988  1.4117338275875804 -27.329635536361788  1.4082909447005054 -27.057247200408433  1.4049770216020192 -26.779108549688225  1.4017914579167867 -26.495248825631617  1.3987358841730662 -26.205581698653553  1.3958118980861092 -25.910081970626134  1.3930193164947733 -25.608583159181158  1.3903654290732816 -25.301473463589765  1.3878603189305176 -24.990005307588863  1.3855119294696294 -24.675234396091305  1.3833275959832594 -24.358201633252968  1.3812983938344889 -24.038140899037636  1.3794265361910725 -23.715208817501598  1.3777117417839368 -23.389355769577872  1.3761544055528498 -23.060595410572532  1.3747547286714588 -22.728894541422473  1.3735130278901195 -22.394344106168511  1.372429367548329 -22.056585330804751  1.3715069677950475 -21.715631250136877  1.3707492311750809 -21.372455786516774  1.3701600230978781 -21.027809768509432  1.3697403989536105 -20.682550864108364  1.3694902788479595 -20.336715846729547  1.369410230037474 -19.989977374609378  1.3694996559496948 -19.643823488245019  1.3697566097837799 -19.299704370605738  1.3701802029059724 -18.957216949847012  1.37076927036429 -18.616454823240193  1.3715226962583948 -18.277378166406603  1.3724394474824053 -17.939984172451982  1.3735181133340375 -17.604255386194321  1.3747587712708131 -17.270196532756859  1.3761630025816449 -16.937811116140619  1.3777312006121303 -16.60715026480019  1.3794656859712375 -16.278062109838679  1.381364906086912 -15.951227409795706  1.3834190733078418 -15.627990971685065  1.3856186782571072 -15.309935355124098  1.3879607132267098 -14.996908528975627  1.3904462961006603 -14.688576125345254  1.3930746688252473 -14.385012883552175  1.3958456203458063 -14.08618221655108  1.3987586656208149 -13.792083735540896  1.4018139071082374 -13.502683585108256  1.4050094098103081 -13.218045578044649  1.4083553927864676 -12.937613276149385  1.4118408985248039 -12.662329241681379  1.4154579546731625 -12.392924024061315  1.4191915868184435 -12.130538477230155  1.4230329020286898 -11.875551108761261  1.4269830407189179 -11.627778676725336  1.4310404395880332 -11.387182770713205  1.4352040754150952 -11.153672982877586  1.4394746273002157 -10.927295437455376  1.4438525508459605 -10.708073252796309  1.4483383429717918 -10.496036650762523  1.452932635619953 -10.291210445053675  1.4576355556963621 -10.093633978506857  1.4624491908570865 -9.9032938855720314  1.4673495380076873 -9.7213325517661691  1.4723251354949485 -9.548030989200587  1.4773582349566265 -9.3839909406522199  1.4824499896736703 -9.2290439745526545  1.4876050114705128 -9.0829807155163298  1.4928219839021295 -8.9458248885255127  1.4981011916283533 -8.8175284919839871  1.5034427253506644 -8.6981290557705293  1.5088478761178399 -8.5876737819357665  1.5143144157792336 -8.4862315302878084  1.5198580592937012 -8.3937291522434982  1.5254565617011555 -8.3105463805063469  1.5310890557358783 -8.2370618666638684  1.5367326083379222 -8.1735830923514659  1.5423851109214126 -8.1199221597185538  1.5480473010369062 -8.0760903474484742  1.5537191705126632 -8.0420481797290044  1.5594009134682836 -8.0177697807094415  1.5650926720241123 -8.0032256291885755  1.5688939608735353 -8  1.5707963267948963 -8 
 0.05641290144268836 4 0.056754738524655339 1 0.057096575606622318 1 0.057438412688589298 1 0.05778024977055627 1 0.05812208685252325 1 0.058463923934490229 1 0.058805761016457209 1 0.059147598098424188 1 0.059489435180391168 1 0.05983127226235814 1 0.060173109344325119 1 0.060514946426292099 1 0.060856783508259078 1 0.061198620590226058 1 0.061540457672193037 1 0.061882294754160017 1 0.062224131836126989 1 0.062565968918093975 1 0.062907806000060948 1 0.063249643082027934 1 0.063591480163994907 1 0.063933317245961879 1 0.064275154327928866 1 0.064616991409895838 1 0.064958828491862824 1 0.065300665573829797 1 0.065642502655796769 1 0.065984339737763756 1 0.066326176819730728 1 0.066668013901697715 1 0.067009850983664687 1 0.067351688065631674 1 0.067693525147598646 1 0.068035362229565632 1 0.068377199311532605 1 0.068719036393499577 1 0.069060873475466564 1 0.069402710557433536 1 0.069744547639400523 1 0.070086384721367495 1 0.070428221803334468 1 0.070770058885301454 1 0.071111895967268426 1 0.071453733049235413 1 0.071795570131202385 1 0.072137407213169358 1 0.072479244295136344 1 0.072821081377103331 1 0.073162918459070303 1 0.073504755541037275 1 0.073846592623004262 1 0.074188429704971234 1 0.074530266786938221 1 0.074872103868905193 1 0.075213940950872166 1 0.075555778032839152 1 0.075897615114806125 1 0.076239452196773111 1 0.076581289278740083 1 0.076923126360707056 1 0.077264963442674042 1 0.077606800524641029 1 0.077948637606608001 1 0.078290474688574974 1 0.07863231177054196 1 0.078974148852508932 1 0.079315985934475919 1 0.079657823016442891 1 0.079999660098409864 1 0.08034149718037685 1 0.080683334262343823 1 0.081025171344310809 1 0.081367008426277782 1 0.081708845508244754 1 0.08205068259021174 1 0.082392519672178713 1 0.082734356754145699 1 0.083076193836112672 1 0.083418030918079658 1 0.083759868000046631 1 0.084101705082013617 1 0.084443542163980589 1 0.084785379245947562 1 0.085127216327914548 1 0.085469053409881521 1 0.085810890491848507 1 0.08615272757381548 1 0.086494564655782452 1 0.086836401737749438 1 0.087178238819716411 1 0.087520075901683397 1 0.08786191298365037 1 0.088203750065617342 1 0.088545587147584329 1 0.088887424229551315 1 0.089229261311518288 1 0.08957109839348526 1 0.089912935475452233 1 0.090254772557419219 1 0.090596609639386205 1 0.090938446721353178 1 0.09128028380332015 1 0.091622120885287137 1 0.091963957967254123 1 0.092305795049221095 1 0.092647632131188068 1 0.09298946921315504 1 0.093331306295122027 1 0.093673143377089013 1 0.094014980459055986 4
7 0 0  3 69 67  6.2831853071795862 -9.6666666666956189  6.2748341377102701 -9.6666667330109703  6.2581422824130382 -9.664879586423778  6.2331205444457725 -9.6568264255914116  6.2080982664981992 -9.6433884666936205  6.1830629901579925 -9.6245594909724836  6.157986888857133 -9.6003104800618875  6.1328478111770206 -9.5705637932024441  6.107660542150227 -9.53530148506443  6.0824201098725617 -9.4944704161658979  6.0571639583898982 -9.4481009076378903  6.0320611277452789 -9.3965834154434056  6.0070544552440577 -9.3398283917315865  5.9821387255887783 -9.2778557705290989  5.9572950113272629 -9.2106562501729918  5.9325083129129856 -9.1382279898812868  5.9077630205941549 -9.0605685410378545  5.8830437740258974 -8.9776704254818256  5.8583368974047696 -8.8895468910658124  5.8336049633783222 -8.7960031098029869  5.80885907886264 -8.6970877078512583  5.7841125067320931 -8.592863507102118  5.7593460025048131 -8.4832325029707398  5.7347293465087548 -8.3690158865383264  5.7102445861843361 -8.2502426574069538  5.6858759162125416 -8.1269360600537279  5.6616086484264851 -7.9991254662372882  5.6374233537139977 -7.8668189465663891  5.6133071467209597 -7.7300148984544377  5.589247911242623 -7.588717380417477  5.5652332011638972 -7.4429277103555256  5.5412514122139278 -7.2926525075306357  5.5172884261720441 -7.1378799263719195  5.4933400872047748 -6.9786666792787999  5.4693658718836735 -6.8148137116022847  5.4454619488234268 -6.6470764789167136  5.4217209288653967 -6.4762431203498707  5.3980991153222213 -6.3021472665285447  5.3745895853028838 -6.1248783090990315  5.3511758820375901 -5.9444571041305583  5.3278444866186137 -5.7609228889811277  5.3045815409337047 -5.5743099114309187  5.2813737695130651 -5.384653996282502  5.2582083405955293 -5.1919896498264517  5.2350728281194527 -4.9963231171831604  5.2119542522425464 -4.7976700453369112  5.1888409831260143 -4.5960561045905726  5.1657167011168026 -4.3914598210300966  5.1426367936253046 -4.1844952252104806  5.1196228407483515 -3.975525985135703  5.0966992070458259 -3.7649266925038676  5.0739006765613031 -3.5531664709601243  5.0511785405477347 -3.3399796028241444  5.0285219480915391 -3.1254034227482643  5.00591803249704 -2.9094624415602257  4.98335453177378 -2.6921848882512176  4.9608190096000939 -2.47359694298336  4.938299588413444 -2.2537292630716745  4.9157830275310817 -2.0325966460482636  4.893261904972678 -1.8102728514241673  4.8707038633127668 -1.5865682932322895  4.848113142007425 -1.3616625248640504  4.8254994613633446 -1.1357928879989385  4.8028618834005918 -0.90908932844587986  4.7802377726115672 -0.6820707276631115  4.7576279321696298 -0.45488846705240094  4.7350167754478232 -0.22752856175207645  4.7199343472816704 -0.07585721964179104  4.7123889803847003 4.1211478674085811e-13 
 0.033057544488110983 4 0.033556790793899866 1 0.034056037099688741 1 0.034555283405477623 1 0.035054529711266498 1 0.03555377601705538 1 0.036053022322844255 1 0.036552268628633137 1 0.03705151493442202 1 0.037550761240210895 1 0.038050007545999777 1 0.038549253851788652 1 0.039048500157577534 1 0.039547746463366409 1 0.040046992769155292 1 0.040546239074944174 1 0.041045485380733049 1 0.041544731686521924 1 0.042043977992310806 1 0.042543224298099688 1 0.043042470603888563 1 0.043541716909677446 1 0.044040963215466328 1 0.044540209521255203 1 0.045039455827044078 1 0.04553870213283296 1 0.046037948438621842 1 0.046537194744410718 1 0.0470364410501996 1 0.047535687355988475 1 0.048034933661777357 1 0.048534179967566232 1 0.049033426273355114 1 0.049532672579143996 1 0.050031918884932872 1 0.050531165190721747 1 0.051030411496510629 1 0.051529657802299511 1 0.052028904108088386 1 0.052528150413877268 1 0.053027396719666151 1 0.053526643025455026 1 0.054025889331243901 1 0.054525135637032783 1 0.055024381942821665 1 0.05552362824861054 1 0.056022874554399422 1 0.056522120860188305 1 0.05702136716597718 1 0.057520613471766055 1 0.058019859777554937 1 0.058519106083343819 1 0.059018352389132694 1 0.059517598694921577 1 0.060016845000710459 1 0.060516091306499334 1 0.061015337612288209 1 0.061514583918077091 1 0.062013830223865973 1 0.062513076529654849 1 0.063012322835443724 1 0.063511569141232613 1 0.064010815447021488 1 0.064510061752810363 1 0.065009308058599252 1 0.065508554364388127 1 0.066007800670177003 4
7 0 0  3 69 67  0.50000124955089142 0.33333333333333348  0.50143514297032421 0.33333333519651054  0.50430112907340474 0.33326378402220602  0.50859324236236503 0.33295077926499461  0.51287722467408514 0.33242900389753888  0.51715111598345476 0.33169864292784179  0.52141557168874786 0.3307589829393901  0.52567015245624504 0.32960806396845993  0.52990819040506321 0.3282463042270079  0.53412631779125774 0.32667281695068467  0.53831408490319532 0.32488985883460153  0.54244007543445294 0.32291380258924446  0.54651026180947793 0.32074296493115212  0.55052210478082886 0.31837978602310013  0.55447540762830849 0.3158256112183313  0.55836940885901976 0.31308207136678401  0.5622035571375773 0.31015077110997452  0.56597731831401288 0.30703314693753875  0.56969017136647704 0.3037313385009347  0.57334414811150647 0.30024023272875339  0.57693457969579731 0.29656353734890711  0.58045669431021152 0.29270547734623525  0.58391009533352722 0.28866439956747203  0.58726917883455121 0.28447230712468019  0.59053517150816515 0.28013160123441755  0.59370893399706282 0.27564453470197947  0.59679129647685203 0.27101349451945916  0.59978402387757657 0.26624030991436654  0.6026872483996405 0.26132592992206422  0.60550105854372627 0.25627147728987593  0.60822562715859585 0.25107796254523729  0.61086109640825315 0.24574656249064239  0.6134079034838783 0.24027779041075525  0.61586558631521338 0.23467453548599304  0.61823722844900553 0.2289307341449153  0.62051286718001719 0.22307364492421733  0.62268381906615244 0.21713071120581445  0.62475450068615912 0.21109601576712997  0.62672583650097846 0.20497255636429465  0.62859970189398984 0.19876091958115566  0.63037773204556058 0.19246231750367004  0.632061636205276 0.18607777109661958  0.6336531235775873 0.17960834546720589  0.63515387667156775 0.1730550319291127  0.63656425342236511 0.16641742286412609  0.63788524094881527 0.15969563095433759  0.63911767855603929 0.15289003382881206  0.64026255056403159 0.14599947254871146  0.64131715311018056 0.13904401180580711  0.64228196060165299 0.1320349855827789  0.64315707378929055 0.12498413862004322  0.6439422106292918 0.1179063721437591  0.64464150880268367 0.110791805849874  0.64525596984764211 0.10364078110398676  0.64578687541056656 0.096453202215160294  0.64623542312128568 0.089229096252077325  0.64660281782174722 0.081968419650098767  0.64689026952862683 0.074671275884004087  0.6470989091754229 0.067337241927689237  0.6472301265695245 0.059967848342594353  0.6472841447092551 0.052555899399283137  0.64726135986382161 0.045106421090048192  0.64716246418130152 0.037626352323906931  0.64698787956278991 0.0301190804877072  0.64673882540284833 0.022600854570500151  0.64641636577835992 0.015075806109904949  0.64602120394720897 0.0075426008955018714  0.64570981683380102 0.0025151216914054276  0.6455422635504674 7.2076185432007728e-15 
 0.033057544488110983 4 0.033556790793899866 1 0.034056037099688741 1 0.034555283405477623 1 0.035054529711266498 1 0.03555377601705538 1 0.036053022322844255 1 0.036552268628633137 1 0.03705151493442202 1 0.037550761240210895 1 0.038050007545999777 1 0.038549253851788652 1 0.039048500157577534 1 0.039547746463366409 1 0.040046992769155292 1 0.040546239074944174 1 0.041045485380733049 1 0.041544731686521924 1 0.042043977992310806 1 0.042543224298099688 1 0.043042470603888563 1 0.043541716909677446 1 0.044040963215466328 1 0.044540209521255203 1 0.045039455827044078 1 0.04553870213283296 1 0.046037948438621842 1 0.046537194744410718 1 0.0470364410501996 1 0.047535687355988475 1 0.048034933661777357 1 0.048534179967566232 1 0.049033426273355114 1 0.049532672579143996 1 0.050031918884932872 1 0.050531165190721747 1 0.051030411496510629 1 0.051529657802299511 1 0.052028904108088386 1 0.052528150413877268 1 0.053027396719666151 1 0.053526643025455026 1 0.054025889331243901 1 0.054525135637032783 1 0.055024381942821665 1 0.05552362824861054 1 0.056022874554399422 1 0.056522120860188305 1 0.05702136716597718 1 0.057520613471766055 1 0.058019859777554937 1 0.058519106083343819 1 0.059018352389132694 1 0.059517598694921577 1 0.060016845000710459 1 0.060516091306499334 1 0.061015337612288209 1 0.061514583918077091 1 0.062013830223865973 1 0.062513076529654849 1 0.063012322835443724 1 0.063511569141232613 1 0.064010815447021488 1 0.064510061752810363 1 0.065009308058599252 1 0.065508554364388127 1 0.066007800670177003 4
1 6.2831853071795862 0 0 1 
1 0 0 0 1 
1 0 0 1 0 
7 0 0  3 47 45  0.92729521800154313 -60.000000000000909  0.91875084926985595 -59.902229991589898  0.90183268189511623 -59.705206879702118  0.87692844104850032 -59.40543871225259  0.85245803562099887 -59.101652512105311  0.82838395242711926 -58.794064861487122  0.80467046776339535 -58.482888200058063  0.78128214483646508 -58.168350422437953  0.75819356867784926 -57.850590868055335  0.73538180595756908 -57.529724482167779  0.71282427022904937 -57.205881977580844  0.69049768469647976 -56.879163072289693  0.66838568766566397 -56.549775695983058  0.64644996782663255 -56.217525926385576  0.62467710376320806 -55.88252344127897  0.60307706586839804 -55.545278621913226  0.5816544428124919 -55.206197657580375  0.56041511413567613 -54.865702801936138  0.53936806008301319 -54.524256243139327  0.518507161303429 -54.182105835248855  0.49781509889964404 -53.839247207727965  0.47727753763030883 -53.495727708896467  0.45687974502358547 -53.15158112709269  0.43660784248428053 -52.806843771724438  0.41644745729945115 -52.461555427902937  0.39638692273270171 -52.115744174663426  0.37641545686799294 -51.769433547214  0.35652205132482495 -51.422648298126447  0.33669581084290184 -51.075412854345068  0.31692590229669954 -50.727751727960161  0.29720160608040203 -50.379689416105727  0.27751234110000178 -50.031250390594771  0.25784768699421307 -49.682459239480764  0.2381974393039141 -49.333340111176248  0.21855153245074924 -48.983918796416951  0.1989004566292632 -48.634214956286883  0.1792345662938116 -48.284242766451563  0.15954376348517338 -47.934022184061298  0.13981801220298551 -47.583572742527487  0.12004690207925872 -47.232909888732209  0.10022104225920647 -46.882065839413848  0.080313376326255653 -46.530773343376545  0.060333503737807992 -46.179408962978741  0.040285795954444391 -45.828259317945623  0.020175862938728001 -45.477635136337277  0.0067310754609247467 -45.244438815784456  0 -45.12802995427819 
 1.0866626878440356e-16 4 0.00042925427094506229 1 0.00085850854189001584 1 0.0012877628128349695 1 0.001717017083779923 1 0.002146271354724877 1 0.0025755256256698306 1 0.0030047798966147841 1 0.0034340341675597377 1 0.0038632884385046912 1 0.0042925427094496447 1 0.0047217969803945983 1 0.0051510512513395518 1 0.0055803055222845054 1 0.0060095597932294589 1 0.0064388140641744125 1 0.006868068335119366 1 0.0072973226060643196 1 0.0077265768770092731 1 0.0081558311479542275 1 0.0085850854188991819 1 0.0090143396898441346 1 0.009443593960789089 1 0.0098728482317340417 1 0.010302102502678996 1 0.010731356773623949 1 0.011160611044568903 1 0.011589865315513856 1 0.01201911958645881 1 0.012448373857403763 1 0.012877628128348717 1 0.01330688239929367 1 0.013736136670238625 1 0.014165390941183579 1 0.014594645212128532 1 0.015023899483073486 1 0.015453153754018439 1 0.01588240802496339 1 0.016311662295908344 1 0.016740916566853298 1 0.017170170837798253 1 0.017599425108743204 1 0.018028679379688158 1 0.018457933650633113 1 0.018887187921578067 4
7 0 0  3 47 45  0.9484265896403824 -2.3213037405583799e-14  0.94819266348113385 0.0016295009142432032  0.94775189507758562 0.0049132272229045378  0.94716868548108568 0.0099093803170342467  0.94666012548314815 0.014972488339928992  0.94622286803334055 0.020098938715153083  0.94585362469317347 0.025285196609984534  0.9455487743319736 0.030527492871742723  0.94530640510905095 0.035823494125183875  0.94512504442605849 0.041171272690965557  0.94500303889802584 0.046568646273990121  0.94493880817027076 0.052013953521423469  0.94493058996052315 0.057503736141996151  0.94497720125609252 0.063041238867133267  0.94507804003760243 0.068624621960873183  0.94523190682455116 0.074245371753039524  0.94543775017509246 0.079896716057797926  0.94569446277498614 0.085571619973905708  0.94600093887809955 0.091262395892337853  0.94635574309347792 0.096964908139433328  0.94675835643229622 0.10267922176888775  0.94720812471384863 0.10840454594649736  0.94770439638961679 0.11414031660125443  0.94824660143635042 0.11988593853527911  0.94883379727622807 0.12564073522607405  0.94946575320741711 0.1314042297514379  0.95014260811838236 0.13717604560329111  0.9508644040169757 0.14295577637265672  0.95163121100238601 0.14874302057419947  0.95244309395919591 0.15453737228106204  0.95330012091239047 0.16033842337208495  0.95420236299125538 0.16614576351360258  0.95514988280449187 0.17195897778192082  0.9561427753269629 0.17777765615894539  0.9571810206383522 0.18360135733622232  0.95826503260069806 0.1894297436106501  0.95939578650994051 0.19526260126314032  0.96057383639940841 0.20109960783045003  0.96179985140563984 0.20694043999380118  0.96307451402353073 0.21278483535811407  0.96439839077212419 0.21863223574031571  0.96577370452982114 0.22448712973274906  0.96719992793695986 0.23034321458607007  0.96867687677110315 0.23619570557784753  0.97020425118815179 0.24203942422063929  0.97125591461201966 0.2459260209327612  0.97179004920543766 0.24786616742869697 
 1.0866626878440356e-16 4 0.00042925427094506229 1 0.00085850854189001584 1 0.0012877628128349695 1 0.001717017083779923 1 0.002146271354724877 1 0.0025755256256698306 1 0.0030047798966147841 1 0.0034340341675597377 1 0.0038632884385046912 1 0.0042925427094496447 1 0.0047217969803945983 1 0.0051510512513395518 1 0.0055803055222845054 1 0.0060095597932294589 1 0.0064388140641744125 1 0.006868068335119366 1 0.0072973226060643196 1 0.0077265768770092731 1 0.0081558311479542275 1 0.0085850854188991819 1 0.0090143396898441346 1 0.009443593960789089 1 0.0098728482317340417 1 0.010302102502678996 1 0.010731356773623949 1 0.011160611044568903 1 0.011589865315513856 1 0.01201911958645881 1 0.012448373857403763 1 0.012877628128348717 1 0.01330688239929367 1 0.013736136670238625 1 0.014165390941183579 1 0.014594645212128532 1 0.015023899483073486 1 0.015453153754018439 1 0.01588240802496339 1 0.016311662295908344 1 0.016740916566853298 1 0.017170170837798253 1 0.017599425108743204 1 0.018028679379688158 1 0.018457933650633113 1 0.018887187921578067 4
1 0 0 0 1 
1 6.2831853071795862 0 0 1 
1 0 -60 1 0 
7 0 0  3 47 45  2.4980915447964396 -60.000000000000909  2.4868001078128716 -59.870794981456264  2.464512217894173 -59.609817579304618  2.4318821851805761 -59.211104915857078  2.3999695306145834 -58.805600369556686  2.3686942893053051 -58.393761619368973  2.3379813750307163 -57.976035195466075  2.3077572743641688 -57.552909221595371  2.2779737480426463 -57.124629033852131  2.2485871290927197 -56.691412680039612  2.2195513873143371 -56.253460572342689  2.1908310847298322 -55.811100845344839  2.1623610025055457 -55.364168379653528  2.1341962693391738 -54.914343349381696  2.1063960807332291 -54.463247322667343  2.0789024925976674 -54.010655492889711  2.0516904716178259 -53.556840091790029  2.0247275951099923 -53.10193157242044  1.9979862645523305 -52.646130464227603  1.9714307231410955 -52.18937738430791  1.9450353505746676 -51.731740288772521  1.9187737079623686 -51.273278584702673  1.892620206822434 -50.814053776558112  1.866549698780323 -50.354127528314372  1.8405381979595439 -49.893558768505372  1.8145632801290592 -49.432392427584062  1.7886019203808508 -48.970676229195398  1.7626311338020129 -48.508457535342373  1.7366278041427712 -48.045782361403674  1.7105693701723022 -47.582702470897445  1.684431618040741 -47.119244701181906  1.6581932125761603 -46.655500774693216  1.6318188176309381 -46.191324491501462  1.6052973876190568 -45.72701411612848  1.5786778276858133 -45.263920168426239  1.5519766061150191 -44.802812019149307  1.5251543321205503 -44.343499037758029  1.4981885268950135 -43.886130124370908  1.4710511161608957 -43.430762941788814  1.4437144969401587 -42.977480571425133  1.4161506015437759 -42.526355657560771  1.3883296210284028 -42.077475757369783  1.3602159501641349 -41.630963642991617  1.3317726695900247 -41.186935754861267  1.3029610820683586 -40.745510230571512  1.2834807403433253 -40.453039910715894  1.2736657370872781 -40.307277726741845 
 1.0866626878440356e-16 4 0.00056726809109650458 1 0.0011345361821929005 1 0.0017018042732892965 1 0.0022690723643856926 1 0.0028363404554820888 1 0.0034036085465784845 1 0.0039708766376748798 1 0.004538144728771276 1 0.0051054128198676722 1 0.0056726809109640683 1 0.0062399490020604636 1 0.0068072170931568598 1 0.0073744851842532559 1 0.0079417532753496521 1 0.0085090213664460491 1 0.0090762894575424444 1 0.0096435575486388397 1 0.010210825639735237 1 0.010778093730831632 1 0.011345361821928029 1 0.011912629913024424 1 0.01247989800412082 1 0.013047166095217217 1 0.013614434186313612 1 0.014181702277410007 1 0.014748970368506404 1 0.0153162384596028 1 0.015883506550699193 1 0.01645077464179559 1 0.017018042732891987 1 0.017585310823988381 1 0.018152578915084778 1 0.018719847006181175 1 0.019287115097277568 1 0.019854383188373965 1 0.020421651279470363 1 0.020988919370566756 1 0.021556187461663153 1 0.02212345555275955 1 0.022690723643855947 1 0.023257991734952341 1 0.023825259826048738 1 0.024392527917145135 1 0.024959796008241528 4
7 0 0  3 47 45  0.9484265896403824 -2.3213037405583799e-14  0.94811744911354867 0.0021534189690169039  0.94754603657159997 0.0065030636799336804  0.94682268061218466 0.0131483217414201  0.94622628584767099 0.019906744530952609  0.94574990703879414 0.026770695084299766  0.94538675058056176 0.033732746626459774  0.94512913830512602 0.040784846130806143  0.94497402451252177 0.047922864220702098  0.94491911632079784 0.055143146636222627  0.94496175817764427 0.062442346059859252  0.94509930490718197 0.069814994696533475  0.94532929535121413 0.077263855367617235  0.94564837152639636 0.084760955277324038  0.9460540902162643 0.092279242932620756  0.94654486428185014 0.099822445518321215  0.94711882367287525 0.10738602237511589  0.94777420717624339 0.1149678069726509  0.94850892734873038 0.12256449235040126  0.94932243858275323 0.13017703772975903  0.95021467455229291 0.13780431912110352  0.95118541174436011 0.14544534899674161  0.9522344723412608 0.15309909991087559  0.95336164879815788 0.16076454575930321  0.95456680229028101 0.16844067274656022  0.95585094610016907 0.17612675038664977  0.95721504854499728 0.1838220137821501  0.95866010077414576 0.19152567630194769  0.96018715614109706 0.19923696113833422  0.9617971047920667 0.20695495776377779  0.96349191701433334 0.21467924816751729  0.96527334681756705 0.2224083191972524  0.96714418075370778 0.23014460020834537  0.96910578776693723 0.23788311112505148  0.97115485379785838 0.2456013332937905  0.97328980566681056 0.25328644221674196  0.97551367798320154 0.2609416075157755  0.9778287576749044 0.26856441188063196  0.98023755581278249 0.27615389617801334  0.98274260034374761 0.28370865733958561  0.98534628606917474 0.29122740649022089  0.98805163687722941 0.29870864240500161  0.99086322158436957 0.30615045483351794  0.99378538546938477 0.31355093810825913  0.99682258876144136 0.32090811660078905  0.99892708244169826 0.32578266306134335  0.99999999999999523 0.32821203788766323 
 1.0866626878440356e-16 4 0.00056726809109650458 1 0.0011345361821929005 1 0.0017018042732892965 1 0.0022690723643856926 1 0.0028363404554820888 1 0.0034036085465784845 1 0.0039708766376748798 1 0.004538144728771276 1 0.0051054128198676722 1 0.0056726809109640683 1 0.0062399490020604636 1 0.0068072170931568598 1 0.0073744851842532559 1 0.0079417532753496521 1 0.0085090213664460491 1 0.0090762894575424444 1 0.0096435575486388397 1 0.010210825639735237 1 0.010778093730831632 1 0.011345361821928029 1 0.011912629913024424 1 0.01247989800412082 1 0.013047166095217217 1 0.013614434186313612 1 0.014181702277410007 1 0.014748970368506404 1 0.0153162384596028 1 0.015883506550699193 1 0.01645077464179559 1 0.017018042732891987 1 0.017585310823988381 1 0.018152578915084778 1 0.018719847006181175 1 0.019287115097277568 1 0.019854383188373965 1 0.020421651279470363 1 0.020988919370566756 1 0.021556187461663153 1 0.02212345555275955 1 0.022690723643855947 1 0.023257991734952341 1 0.023825259826048738 1 0.024392527917145135 1 0.024959796008241528 4
7 0 0  3 69 67  1.2736657370872781 -40.307277726741845  1.2698490928481443 -40.25059774054548  1.2621670542919299 -40.137926411157423  1.2504913187579181 -39.971054832069271  1.2386565459125751 -39.806388153056112  1.2266561386545443 -39.643995862345733  1.2144833539111777 -39.483947436477969  1.2021312850966399 -39.326312395597895  1.1895928898193793 -39.171160097117173  1.1768609522939615 -39.018560505776335  1.1639282691653621 -38.868581319733629  1.1507816663264725 -38.721367968074041  1.1374085231048998 -38.577045426443718  1.1237972061289241 -38.435757744022759  1.1099303555863755 -38.297589272091933  1.0957780884220838 -38.162625502510458  1.0813764774825172 -38.031505659781367  1.0667464113368657 -37.904739169630446  1.051919281111575 -37.782938287659569  1.0368794212877204 -37.666238129212744  1.0216135694357702 -37.554841056750277  1.0061077877358691 -37.448952858913636  0.99035555632114514 -37.348809504657993  0.97430078471557002 -37.254432529141546  0.95796764906278176 -37.166319357429465  0.94138295842247499 -37.084956000005448  0.92454628268499162 -37.010752551787789  0.90757974665175278 -36.944497105345633  0.89049210792462907 -36.886403865660746  0.8732664164651458 -36.836647929089679  0.85591467365443352 -36.795403132975331  0.8383531084053546 -36.76288934112133  0.82062466003775203 -36.73939273611974  0.80281405294593144 -36.725160592660721  0.78498629693661737 -36.720500366979749  0.76724237669529027 -36.725517697032942  0.74960206261346007 -36.739877686726764  0.73204860794388227 -36.763462248082597  0.71458586910643673 -36.796040647152296  0.69717280493460165 -36.837615925750931  0.67981025040427678 -36.888086294800758  0.66259152093054896 -36.946868326709243  0.64558560815294619 -37.013515521378196  0.62887187042368642 -37.087495808908301  0.61242092879420817 -37.168382268672133  0.59622094995736175 -37.255954291225954  0.58025797681484426 -37.349938749521115  0.56451593226754804 -37.450091410886252  0.54896773535417864 -37.556387748475053  0.53363070656028466 -37.668416339543803  0.51851547109796514 -37.785815785951613  0.50362891692615352 -37.908295865909722  0.48904783558509957 -38.034663837589079  0.47474677283646566 -38.164869741264958  0.46071364990948249 -38.298722803217196  0.44693310383497015 -38.436069716792076  0.43339096920687226 -38.576748121065378  0.42007318421963707 -38.720594405128523  0.40696583455721957 -38.86745901228084  0.39405620164850325 -39.017137418974372  0.38132778397982331 -39.16966553297803  0.36877803394858377 -39.324946910868952  0.35640445751133221 -39.482841664335261  0.34420473394191275 -39.643221546089421  0.33217668610001527 -39.805955189635348  0.32031829630185471 -39.970912064286992  0.30862768588172207 -40.137961415326671  0.30094468946025432 -40.250635504010937  0.29713058970746342 -40.30727772674507 
 2.8994282552341736e-16 4 0.0002204897677954503 1 0.00044097953559061069 1 0.00066146930338577097 1 0.00088195907118093135 1 0.0011024488389760917 1 0.001322938606771252 1 0.0015434283745664125 1 0.0017639181423615728 1 0.0019844079101567335 1 0.0022048976779518938 1 0.0024253874457470541 1 0.0026458772135422143 1 0.0028663669813373746 1 0.0030868567491325353 1 0.0033073465169276956 1 0.0035278362847228559 1 0.0037483260525180162 1 0.0039688158203131764 1 0.0041893055881083363 1 0.004409795355903497 1 0.0046302851236986568 1 0.0048507748914938175 1 0.0050712646592889783 1 0.0052917544270841381 1 0.0055122441948792988 1 0.0057327339626744587 1 0.0059532237304696194 1 0.0061737134982647801 1 0.0063942032660599399 1 0.0066146930338551006 1 0.0068351828016502605 1 0.0070556725694454212 1 0.0072761623372405819 1 0.0074966521050357417 1 0.0077171418728309025 1 0.0079376316406260632 1 0.008158121408421223 1 0.0083786111762163828 1 0.0085991009440115444 1 0.0088195907118067043 1 0.0090400804796018641 1 0.009260570247397024 1 0.0094810600151921855 1 0.0097015497829873454 1 0.0099220395507825052 1 0.010142529318577667 1 0.010363019086372827 1 0.010583508854167986 1 0.010803998621963148 1 0.011024488389758308 1 0.011244978157553468 1 0.011465467925348628 1 0.011685957693143789 1 0.011906447460938949 1 0.012126937228734109 1 0.01234742699652927 1 0.01256791676432443 1 0.01278840653211959 1 0.013008896299914752 1 0.013229386067709912 1 0.013449875835505071 1 0.013670365603300231 1 0.013890855371095393 1 0.014111345138890553 1 0.014331834906685713 1 0.014552324674480874 4
7 0 0  3 69 67  2.2088823808778151e-14 0.32821203788766751  0.0040929450156347944 0.32915669912019924  0.012310533436962819 0.3310344309510147  0.024741910917504092 0.33381527795348948  0.037288209765977742 0.33655942072227674  0.049959262557770834 0.33926581703871012  0.062764822364403283 0.34193336200403718  0.075714545896268831 0.34456087577395639  0.088817965925287248 0.34714710393992959  0.1020845339106241 0.34969070493657928  0.11552338540701035 0.35219027582452234  0.12914946059825649 0.35464376034785772  0.1429769793534908 0.35704915302068985  0.15701876161920755 0.35940403997609927  0.17129323688481174 0.36170686075627156  0.18583138726185497 0.36395638204022862  0.20059589811329678 0.36614170339712609  0.21556526288317079 0.36825435169950516  0.23070727863884744 0.3702843553144991  0.24603708498678448 0.37222945579781042  0.26156760940678186 0.37408603773556243  0.27731464956898488 0.37585078271438149  0.29328716831161417 0.37751983589601795  0.30954462448151149 0.37909288387915779  0.32606449665802378 0.3805614590767179  0.34282181021451097 0.3819174222852218  0.35981918661382956 0.38315413137516646  0.37693540248552393 0.38425829671727124  0.39416356861237234 0.38522646666054461  0.41152259119061546 0.38605584317098279  0.42900200394770877 0.38674321584427918  0.4466878016050459 0.38728550293273339  0.46453783167987822 0.38767736247708151  0.48246812435166042 0.38791425211532549  0.50041460365346124 0.38799160610261663  0.5182767257615446 0.3879079941808089  0.53603570992229777 0.38766855968621505  0.55370962860521689 0.38727556639244864  0.57129591021824033 0.38673262282424431  0.58883714521725306 0.3860399202719928  0.60633411213581523 0.38519911375191501  0.62369478678238877 0.38421923723568674  0.64085137690916549 0.3831080223143894  0.65772514336991506 0.38187504824352358  0.67434786793654111 0.38052679661877481  0.69073341833295687 0.37906730358280133  0.70689807038350283 0.37750102596452612  0.7228604818557447 0.37583182419142619  0.73865081628202467 0.37406043548935591  0.7542542288677847 0.37219331357714314  0.76966157702978411 0.37023639598326391  0.78486508733282101 0.36819508775443843  0.799785458182945 0.3660882798717453  0.81444775953098725 0.36391748538314805  0.82886397387328214 0.36168615636762552  0.84304981138719282 0.35939701462045254  0.85702015806333809 0.35705276562860988  0.87079017045143614 0.3546559809181446  0.8843751886677651 0.35220891992987535  0.89778975907098368 0.34971442189178609  0.91105224286385666 0.34717211490981092  0.92416709015491083 0.34458391175354547  0.93713897915725286 0.34195219391601706  0.94997259200533679 0.33927916111779294  0.96267265769226396 0.33656700950935853  0.97524392386684344 0.3338178865323983  0.98769115005138686 0.33103391009836203  0.99590977589170182 0.32915607240492817  1.0000000000000957 0.32821203788761383 
 2.8994282552341736e-16 4 0.0002204897677954503 1 0.00044097953559061069 1 0.00066146930338577097 1 0.00088195907118093135 1 0.0011024488389760917 1 0.001322938606771252 1 0.0015434283745664125 1 0.0017639181423615728 1 0.0019844079101567335 1 0.0022048976779518938 1 0.0024253874457470541 1 0.0026458772135422143 1 0.0028663669813373746 1 0.0030868567491325353 1 0.0033073465169276956 1 0.0035278362847228559 1 0.0037483260525180162 1 0.0039688158203131764 1 0.0041893055881083363 1 0.004409795355903497 1 0.0046302851236986568 1 0.0048507748914938175 1 0.0050712646592889783 1 0.0052917544270841381 1 0.0055122441948792988 1 0.0057327339626744587 1 0.0059532237304696194 1 0.0061737134982647801 1 0.0063942032660599399 1 0.0066146930338551006 1 0.0068351828016502605 1 0.0070556725694454212 1 0.0072761623372405819 1 0.0074966521050357417 1 0.0077171418728309025 1 0.0079376316406260632 1 0.008158121408421223 1 0.0083786111762163828 1 0.0085991009440115444 1 0.0088195907118067043 1 0.0090400804796018641 1 0.009260570247397024 1 0.0094810600151921855 1 0.0097015497829873454 1 0.0099220395507825052 1 0.010142529318577667 1 0.010363019086372827 1 0.010583508854167986 1 0.010803998621963148 1 0.011024488389758308 1 0.011244978157553468 1 0.011465467925348628 1 0.011685957693143789 1 0.011906447460938949 1 0.012126937228734109 1 0.01234742699652927 1 0.01256791676432443 1 0.01278840653211959 1 0.013008896299914752 1 0.013229386067709912 1 0.013449875835505071 1 0.013670365603300231 1 0.013890855371095393 1 0.014111345138890553 1 0.014331834906685713 1 0.014552324674480874 4
7 0 0  3 25 23  0.29713058970746342 -40.30727772674507  0.29232953283256236 -40.378577327731541  0.2827658900641507 -40.521364248041898  0.26853076320884128 -40.73609524049877  0.25440086887246494 -40.951364301915042  0.24037120423693495 -41.167158889297859  0.22643684424754254 -41.383466459508391  0.21259295838650147 -41.600274469953035  0.19883481528235342 -41.817570376003133  0.18515779177565816 -42.035341640625077  0.17155737341323232 -42.253575698439825  0.15802918215870632 -42.472260089855759  0.14456890146945747 -42.691381960476143  0.13117258260319389 -42.910929929337641  0.11783696752406185 -43.130896659251341  0.10455858890613279 -43.351273339595039  0.091334075817268573 -43.572051554551855  0.07816007765915918 -43.793222782517049  0.065033290079714853 -44.01477853023173  0.051950453503134153 -44.236710296841707  0.038908358096383017 -44.459009583527987  0.025903849362688698 -44.681667890926157  0.012933823885564839 -44.904676719818134  0.0043081166534242885 -45.053577287236919  0 -45.128083158111295 
 3.718042987691977e-15 4 0.00027567279255670806 1 0.00055134558510969807 1 0.00082701837766268802 1 0.001102691170215678 1 0.001378363962768668 1 0.0016540367553216579 1 0.0019297095478746479 1 0.002205382340427638 1 0.0024810551329806281 1 0.0027567279255336181 1 0.0030324007180866082 1 0.0033080735106395978 1 0.0035837463031925879 1 0.0038594190957455779 1 0.0041350918882985688 1 0.0044107646808515585 1 0.0046864374734045481 1 0.0049621102659575386 1 0.0052377830585105282 1 0.0055134558510635187 1 0.0057891286436165083 1 0.006064801436169498 4
7 0 0  3 25 23  -5.7857217687886301e-16 0.32821203788759057  0.00052481918926744649 0.32702371084840537  0.001564270399430928 0.32464391575909196  0.0030934729568505154 0.32106502510393359  0.0045932897503012816 0.31747716310216767  0.0060643049106634565 0.31388055060808612  0.0075070996143650022 0.31027540473658766  0.0089222515766186981 0.30666193837576228  0.01031033521695153 0.30304036041150612  0.011671921079248054 0.29941087567441166  0.013007577588955422 0.2957736852868707  0.014317864233829537 0.2921289856877074  0.015603356739150896 0.28847697254652915  0.016864552866501018 0.28481782644120823  0.018101728382008984 0.28115169178295013  0.019315231392789789 0.27747872189034312  0.020505388163839743 0.27379906464334519  0.021672528315718611 0.2701128663735094  0.022816978038286664 0.26642027086921743  0.023939061870739169 0.26272141968347307  0.025039102211392151 0.25901645211505409  0.026117419352846165 0.25530550519205403  0.027174331696248177 0.25158871397072141  0.027864880387978682 0.24910704503605038  0.028206692570102956 0.24786528069814506 
 3.718042987691977e-15 4 0.00027567279255670806 1 0.00055134558510969807 1 0.00082701837766268802 1 0.001102691170215678 1 0.001378363962768668 1 0.0016540367553216579 1 0.0019297095478746479 1 0.002205382340427638 1 0.0024810551329806281 1 0.0027567279255336181 1 0.0030324007180866082 1 0.0033080735106395978 1 0.0035837463031925879 1 0.0038594190957455779 1 0.0041350918882985688 1 0.0044107646808515585 1 0.0046864374734045481 1 0.0049621102659575386 1 0.0052377830585105282 1 0.0055134558510635187 1 0.0057891286436165083 1 0.006064801436169498 4
1 0 0 0 1 
1 6.2831853071795862 0 0 1 
1 0 -60 1 0 
1 6.2831853071795862 0 0 1 
1 0 0 0 1 
1 6.2831853071795862 0 -1 0 
1 3.1415926535897931 0 0 1 
1 3.1415926535897931 0 0 1 
1 6.2831853071795862 -5 -1 0 
1 6.2831853071795862 0 0 1 
1 0 0 0 1 
1 0 0 1 0 
1 3.1415926535897931 0 0 1 
1 3.1415926535897931 0 0 1 
1 0 -5 1 0 
1 6.2831853071795862 0 0 1 
1 0 0 0 1 
1 0 0 1 0 
1 3.1415926535897931 0 0 1 
1 3.1415926535897931 0 0 1 
1 0 -5 1 0 
1 6.2831853071795862 0 0 1 
1 0 0 0 1 
1 0 0 1 0 
1 3.1415926535897931 0 0 1 
1 3.1415926535897931 0 0 1 
1 0 -5 1 0 
1 6.2831853071795862 0 0 1 
1 0 0 0 1 
1 0 0 1 0 
1 3.1415926535897931 0 0 1 
1 3.1415926535897931 0 0 1 
1 0 -5 1 0 
1 6.2831853071795862 0 0 1 
1 0 0 0 1 
1 0 0 1 0 
1 3.1415926535897931 0 0 1 
1 3.1415926535897931 0 0 1 
1 0 -5 1 0 
1 6.2831853071795862 0 0 1 
1 0 0 0 1 
1 0 0 1 0 
1 3.1415926535897931 0 0 1 
1 3.1415926535897931 0 0 1 
1 0 -5 1 0 
1 6.2831853071795862 0 0 1 
1 0 0 0 1 
1 0 0 1 0 
1 3.1415926535897931 0 0 1 
1 3.1415926535897931 0 0 1 
1 0 -5 1 0 
1 6.2831853071795862 0 0 1 
1 0 0 0 1 
1 0 0 1 0 
1 3.1415926535897931 0 0 1 
1 3.1415926535897931 0 0 1 
1 0 -5 1 0 
1 6.2831853071795862 0 0 1 
1 0 0 0 1 
1 6.2831853071795862 0 -1 0 
1 3.1415926535897931 0 0 1 
1 3.1415926535897931 0 0 1 
1 -1.5707963267948966 -0.70710678118654247 1 0 
1 -1.5707963267949054 -0.50000000000004263 1 0 
1 6.2831853071795862 0 0 1 
1 0 0 0 1 
1 3.1415926535897931 0 0 1 
1 3.1415926535897931 0 0 1 
1 0 -7.7999999999999972 1 0 
1 0 0 1 0 
1 0 0 1 0 
1 0 0 1 0 
1 0 0 1 0 
1 0 0 1 0 
1 6.2831853071795862 46.072000000000003 -1 0 
1 6.2831853071795862 46.072000000000003 -1 0 
1 6.2831853071795862 46.072000000000003 -1 0 
1 6.2831853071795862 46.072000000000003 -1 0 
1 0 -40 1 0 
1 0 -6.1512547053739436e-16 1 0 
7 0 0  3 113 111  1.5707963267948963 -8  1.5726986930444582 -8  1.5765068595578011 -8.0032482969779082  1.5822299965478019 -8.0179661170543586  1.5879634292278733 -8.0426159534157371  1.5937106845434568 -8.0773328947391807  1.5994202342015953 -8.1218466172270851  1.6050918164872761 -8.1760117344917536  1.6107151083154956 -8.2396735480972811  1.616291847898651 -8.3126775792607752  1.6218256926457846 -8.3950391282976913  1.6273158058689283 -8.4867697982287122  1.6327625620552377 -8.5878837755012594  1.6381659386708485 -8.6983886101505323  1.6435262435862739 -8.8183158144338698  1.6488428135143902 -8.947607688132349  1.6541197089586015 -9.0866149101441227  1.6593350991999187 -9.2347294302734699  1.6644671333904326 -9.3913089787873094  1.6694968592339186 -9.5557675620074942  1.6744369749420911 -9.7282868822605426  1.6792852890681009 -9.9087706009727849  1.6840432811105206 -10.097183951871603  1.6887109841529191 -10.293497148242624  1.6932885674155904 -10.497765518445092  1.6977744306676252 -10.709926847892897  1.7021736590253935 -10.930320415965262  1.7064836764775426 -11.15894617396831  1.7106916676760155 -11.395177650087561  1.7147881511702552 -11.63864671798116  1.7187510513086386 -11.887821866773209  1.7225836885455545 -12.142857691116694  1.7262858074013165 -12.40368861476812  1.7298580941038695 -12.670308282304466  1.7333009818648253 -12.942693625917306  1.7366149115608849 -13.220829206519378  1.7398004836394088 -13.504685782524156  1.7428560676165508 -13.79434967020677  1.7457800661383109 -14.089846094180171  1.7485726615284964 -14.391341415459356  1.7512265681987713 -14.69844792000557  1.7537317024337249 -15.009913166107589  1.7560801189127004 -15.324681266385983  1.7582644807402894 -15.641711171446085  1.760293713121158 -15.961769016222615  1.7621656029161716 -16.284698171886451  1.7638804315342154 -16.61054825577806  1.7654378041440988 -16.939305611458721  1.7668375196940658 -17.271003431436721  1.7680792615332097 -17.605550786211676  1.7691629654974592 -17.943306385370761  1.7700854118153586 -18.284257303768616  1.7708431980618062 -18.62742976434858  1.7714324592542627 -18.972073465528347  1.7718521386926567 -19.317327849621417  1.7721023161514147 -19.663159026221933  1.7721824253469727 -20.009897947775613  1.7720930594677662 -20.356055360905319  1.7718361620177063 -20.700177142219729  1.7714126227137976 -21.04266742145537  1.7708236064174381 -21.383432319929796  1.7700702292538404 -21.722511739508693  1.769153524466053 -22.05990846828411  1.7680749029291987 -22.395639968894574  1.76683428730168 -22.729701514904416  1.765430096360417 -23.062089607315805  1.7638619369327879 -23.392753104628181  1.7621274882736848 -23.721843929282763  1.7602283003316876 -24.048681732700338  1.7581741617239028 -24.371921462861827  1.7559745818192778 -24.689980459047568  1.7536325695515318 -25.003010584779517  1.7511470072459365 -25.311346217582791  1.7485186530205472 -25.614912619541805  1.7457477180350236 -25.913746381221006  1.7428346874182095 -26.207847894705363  1.7397794588294702 -26.497251017517701  1.7365839672814767 -26.781891943909013  1.7332379945671141 -27.062327074453044  1.7297524961759927 -27.337613973339078  1.7261354418155812 -27.607022272202894  1.7224018065284952 -27.86941103713928  1.7185604873581701 -28.124401446113286  1.7146103429003738 -28.372176830264721  1.7105529368190966 -28.612775582536909  1.7063892923340647 -28.846288121805593  1.7021187303959124 -29.07266832414567  1.6977407954324732 -29.291893074143672  1.6932549905655232 -29.503932151930027  1.6886606838697136 -29.708760746947753  1.6839577485412258 -29.906339515845712  1.6791440967082032 -30.096681837136842  1.6742437270691706 -30.278645468466941  1.6692681042868813 -30.451949279938088  1.6642349788409256 -30.615991437133797  1.6591431977633999 -30.770940367426778  1.6539881486531371 -30.917005476047276  1.6487711481325815 -31.054163033486137  1.6434919115167701 -31.182461046267612  1.6381503481272144 -31.301861985069472  1.6327451668952753 -31.412318649078397  1.6272785960490654 -31.513762177877709  1.6217349202794937 -31.606265728181501  1.6161363843094543 -31.689449564272156  1.6105038550070327 -31.762935033785208  1.6048602658326112 -31.826414644879225  1.5992077268546185 -31.880076279494304  1.5935455001439149 -31.923908664375134  1.5878735939707651 -31.95795127528546  1.5821918141861879 -31.982229989494986  1.5765000186746825 -31.996774329230657  1.572698705100698 -32  1.5707963267948963 -32 
 0.01881082255296428 4 0.019152659633779955 1 0.019494496714595626 1 0.0198363337954113 1 0.020178170876226975 1 0.020520007957042646 1 0.020861845037858321 1 0.021203682118673996 1 0.021545519199489667 1 0.021887356280305342 1 0.022229193361121016 1 0.022571030441936688 1 0.022912867522752362 1 0.023254704603568037 1 0.023596541684383708 1 0.023938378765199383 1 0.024280215846015057 1 0.024622052926830729 1 0.024963890007646403 1 0.025305727088462078 1 0.025647564169277749 1 0.025989401250093424 1 0.026331238330909099 1 0.02667307541172477 1 0.027014912492540444 1 0.027356749573356119 1 0.02769858665417179 1 0.028040423734987462 1 0.02838226081580314 1 0.028724097896618811 1 0.029065934977434482 1 0.02940777205825016 1 0.029749609139065832 1 0.030091446219881503 1 0.030433283300697181 1 0.030775120381512852 1 0.031116957462328523 1 0.031458794543144201 1 0.031800631623959873 1 0.032142468704775544 1 0.032484305785591222 1 0.032826142866406893 1 0.033167979947222564 1 0.033509817028038236 1 0.033851654108853914 1 0.034193491189669585 1 0.034535328270485263 1 0.034877165351300934 1 0.035219002432116606 1 0.035560839512932277 1 0.035902676593747955 1 0.036244513674563626 1 0.036586350755379304 1 0.036928187836194976 1 0.037270024917010647 1 0.037611861997826318 1 0.037953699078641996 1 0.038295536159457667 1 0.038637373240273346 1 0.038979210321089017 1 0.039321047401904688 1 0.039662884482720359 1 0.040004721563536037 1 0.040346558644351709 1 0.040688395725167387 1 0.041030232805983058 1 0.041372069886798729 1 0.0417139069676144 1 0.042055744048430078 1 0.04239758112924575 1 0.042739418210061428 1 0.043081255290877099 1 0.04342309237169277 1 0.043764929452508441 1 0.04410676653332412 1 0.044448603614139791 1 0.044790440694955469 1 0.04513227777577114 1 0.045474114856586811 1 0.045815951937402483 1 0.046157789018218154 1 0.046499626099033832 1 0.04684146317984951 1 0.047183300260665181 1 0.047525137341480853 1 0.047866974422296524 1 0.048208811503112195 1 0.048550648583927873 1 0.048892485664743551 1 0.049234322745559223 1 0.049576159826374894 1 0.049917996907190565 1 0.050259833988006236 1 0.050601671068821921 1 0.050943508149637592 1 0.051285345230453264 1 0.051627182311268935 1 0.051969019392084606 1 0.052310856472900277 1 0.052652693553715949 1 0.052994530634531634 1 0.053336367715347305 1 0.053678204796162976 1 0.054020041876978647 1 0.054361878957794318 1 0.05470371603860999 1 0.055045553119425675 1 0.055387390200241346 1 0.055729227281057017 1 0.056071064361872688 1 0.05641290144268836 4
7 0 0  3 113 111  3.1415926535897931 -20  3.1320807794255883 -19.999999999999986  3.1130400292192553 -20.000651208673922  3.084401946068422 -20.003593787836969  3.0556670830256412 -20.008510892776236  3.0267941624909538 -20.015423114887316  2.9980186931829715 -20.024258727183547  2.9693204807697433 -20.034964872996287  2.9407297197328393 -20.047485350864349  2.9122177085340883 -20.061775744178753  2.8837441801389763 -20.077797598862535  2.8552904911011119 -20.09550695992629  2.8268317784418326 -20.114861521997572  2.7983451780519237 -20.135817882148608  2.769805477248187 -20.158335378056254  2.7411949708305969 -20.182363482533368  2.7124610709488501 -20.207898522621228  2.6837002100998286 -20.234762152198144  2.6550106696466753 -20.262775392934785  2.6264751642388902 -20.291769663067804  2.5980073201951859 -20.32171370280496  2.5695975891489948 -20.352520011773713  2.5412180681848948 -20.384114571283323  2.5128471348253649 -20.416420124280513  2.4844584099810576 -20.449363925796156  2.4560381902653847 -20.482857396161172  2.4275259390705148 -20.516869852624481  2.3989078752563304 -20.551309129543164  2.3702426170519661 -20.585993443002923  2.3415614462568723 -20.620774734297498  2.3130078415273294 -20.655361240037887  2.2845376470109335 -20.689697850576888  2.2561319850907826 -20.723697580103536  2.2277652792639868 -20.757281984465909  2.1994140116177276 -20.790370329039209  2.1710543827723399 -20.82288249943139  2.1426636131838048 -20.854738190792087  2.1142171986005955 -20.885858697670464  2.0856938806670038 -20.916156972815841  2.0570576242536376 -20.945565273835722  2.0283299032506363 -20.973940271884153  1.9996020190599131 -21.001105991972832  1.9709465690304646 -21.026909566123635  1.9424335037592408 -21.05119951918369  1.9139636486392324 -21.074005686541554  1.885530034926979 -21.095261437827752  1.8571047460298811 -21.114921561826936  1.8286659627782402 -21.132934974819516  1.8001877532132584 -21.149252663949046  1.7716545491733076 -21.163823205410232  1.74301413627582 -21.176602748330478  1.7142469704370376 -21.187537281597926  1.6854120999578572 -21.196559461965933  1.6565500408075837 -21.203597640502679  1.6277084603265657 -21.208620320901765  1.5988661883030801 -21.211621045526584  1.569971610707092 -21.212586268597097  1.5411248142406131 -21.21150601725671  1.5124235267135231 -21.208411591047643  1.4838106038707126 -21.203332613778166  1.4552705305043216 -21.196299157237277  1.4267769205361045 -21.18734117702499  1.3983067457803877 -21.176488645516528  1.3698366247817408 -21.163771584175091  1.3413441153786532 -21.149219771868328  1.312804620482195 -21.132862339314254  1.2841982918344172 -21.114734300998578  1.255486283194901 -21.094849651704887  1.2267007979729425 -21.073280373649002  1.1979396392189541 -21.050190570473774  1.1693189001250535 -21.025743796336659  1.1408086347363666 -21.000018106269433  1.1123578667984553 -20.973068698389994  1.0839502928100004 -20.94497295373861  1.0555599758789236 -20.915802045895219  1.0271644103699387 -20.885629795358568  0.9987372661556142 -20.854525642412924  0.97026503723202806 -20.822573901281189  0.94165756357382524 -20.789766341791744  0.91298622060082302 -20.756294037467892  0.88429951802068818 -20.722318806834213  0.85569365738657632 -20.688064958465532  0.82719717633753875 -20.65368579226962  0.79877132745635959 -20.619246746978238  0.77039560461349221 -20.5848370518748  0.74204542068003754 -20.550535718135517  0.71369798239306337 -20.516425170051459  0.68532946979974541 -20.482587253925839  0.65691608056065898 -20.449104132358688  0.62843302063764217 -20.416057280750771  0.59985819832673726 -20.38353060700333  0.57115917484901579 -20.351598976214369  0.54246413418496986 -20.320519364764415  0.51381032752713895 -20.290419071662434  0.48527607694855324 -20.261477199768311  0.45682640458095275 -20.233741368969522  0.4284101255899781 -20.207238337608505  0.40001121588989075 -20.182035292436865  0.37160416583143274 -20.158188244337751  0.34316727638558314 -20.135756609361898  0.3146731243901848 -20.114798452549927  0.2861115000013153 -20.095378073989757  0.25738246850218188 -20.077526594911649  0.22857846852136271 -20.061355280318253  0.19978549687673275 -20.046974306241971  0.1710976954488499 -20.034488891716833  0.14249995753558603 -20.023893889195943  0.11396646054852361 -20.015203109668299  0.085474136989253796 -20.008425585562659  0.056999254130407122 -20.003571629750926  0.028518429591531679 -20.000651211893345  0.0095119248884443126 -19.999999999999993  0 -20 
 0.01881082255296428 4 0.019152659633779955 1 0.019494496714595626 1 0.0198363337954113 1 0.020178170876226975 1 0.020520007957042646 1 0.020861845037858321 1 0.021203682118673996 1 0.021545519199489667 1 0.021887356280305342 1 0.022229193361121016 1 0.022571030441936688 1 0.022912867522752362 1 0.023254704603568037 1 0.023596541684383708 1 0.023938378765199383 1 0.024280215846015057 1 0.024622052926830729 1 0.024963890007646403 1 0.025305727088462078 1 0.025647564169277749 1 0.025989401250093424 1 0.026331238330909099 1 0.02667307541172477 1 0.027014912492540444 1 0.027356749573356119 1 0.02769858665417179 1 0.028040423734987462 1 0.02838226081580314 1 0.028724097896618811 1 0.029065934977434482 1 0.02940777205825016 1 0.029749609139065832 1 0.030091446219881503 1 0.030433283300697181 1 0.030775120381512852 1 0.031116957462328523 1 0.031458794543144201 1 0.031800631623959873 1 0.032142468704775544 1 0.032484305785591222 1 0.032826142866406893 1 0.033167979947222564 1 0.033509817028038236 1 0.033851654108853914 1 0.034193491189669585 1 0.034535328270485263 1 0.034877165351300934 1 0.035219002432116606 1 0.035560839512932277 1 0.035902676593747955 1 0.036244513674563626 1 0.036586350755379304 1 0.036928187836194976 1 0.037270024917010647 1 0.037611861997826318 1 0.037953699078641996 1 0.038295536159457667 1 0.038637373240273346 1 0.038979210321089017 1 0.039321047401904688 1 0.039662884482720359 1 0.040004721563536037 1 0.040346558644351709 1 0.040688395725167387 1 0.041030232805983058 1 0.041372069886798729 1 0.0417139069676144 1 0.042055744048430078 1 0.04239758112924575 1 0.042739418210061428 1 0.043081255290877099 1 0.04342309237169277 1 0.043764929452508441 1 0.04410676653332412 1 0.044448603614139791 1 0.044790440694955469 1 0.04513227777577114 1 0.045474114856586811 1 0.045815951937402483 1 0.046157789018218154 1 0.046499626099033832 1 0.04684146317984951 1 0.047183300260665181 1 0.047525137341480853 1 0.047866974422296524 1 0.048208811503112195 1 0.048550648583927873 1 0.048892485664743551 1 0.049234322745559223 1 0.049576159826374894 1 0.049917996907190565 1 0.050259833988006236 1 0.050601671068821921 1 0.050943508149637592 1 0.051285345230453264 1 0.051627182311268935 1 0.051969019392084606 1 0.052310856472900277 1 0.052652693553715949 1 0.052994530634531634 1 0.053336367715347305 1 0.053678204796162976 1 0.054020041876978647 1 0.054361878957794318 1 0.05470371603860999 1 0.055045553119425675 1 0.055387390200241346 1 0.055729227281057017 1 0.056071064361872688 1 0.05641290144268836 4
1 0 -20 1 0 
1 0 -20 1 0 
1 0 -20 1 0 
1 0 -20 1 0 
7 0 0  3 25 23  0.94842658964038373 -1.6688605406383016e-14  0.93529420752593828 -1.454684992105957e-14  0.90889447265246792 -6.9343630025322305e-15  0.8689370657101001 6.835656952296928e-15  0.82866811557227948 7.9347665261478163e-15  0.78813684420273677 7.1937316809503509e-15  0.74738246496344107 1.0910726685423765e-14  0.70643716220080932 1.8169187884176294e-14  0.66533550426383137 1.150588691789051e-14  0.62410918945134042 2.5359515087277352e-15  0.58279156663720477 -2.9805696955147734e-15  0.54141233513960318 -5.0008992646362734e-15  0.50000172999187309 -3.0168783222623361e-15  0.45859029230448767 2.5215155084659862e-15  0.41720817958722922 4.9930064468337199e-15  0.37588718972176144 2.1759755435492536e-15  0.33466057216220019 3.138330198547617e-15  0.29356041366267271 4.9866981412571704e-15  0.25261792990312248 7.5135050569717612e-15  0.21186305751081846 6.8897801054992666e-15  0.17133196657657718 1.4797921459081715e-14  0.13106501593194259 2.7044734639214172e-14  0.09110841740738107 2.2676892223053759e-15  0.064705224477856815 -1.4513058749463814e-14  0.051569398789853407 -2.0578068124655942e-14 
 -142.49999999999932 4 -136.81818181818122 1 -131.13636363636309 1 -125.45454545454498 1 -119.77272727272685 1 -114.09090909090875 1 -108.40909090909064 1 -102.72727272727252 1 -97.045454545454405 1 -91.363636363636289 1 -85.681818181818173 1 -80.000000000000057 1 -74.318181818181955 1 -68.636363636363839 1 -62.954545454545723 1 -57.272727272727607 1 -51.590909090909491 1 -45.909090909091375 1 -40.22727272727326 1 -34.545454545455144 1 -28.863636363637028 1 -23.181818181818926 1 -17.50000000000081 4
1 0 46.072000000000003 0 1 
1 6.2831853071795862 46.072000000000003 0 -1 
1 0 26.072000000000003 1 0 
1 1.5707963267948966 0 0 1 
1 6.2831853071795862 0 -1 0 
1 0 0 1 0 
7 0 0  3 25 23  0.35445405227537974 2.708829542302806e-15  0.34978240643774516 2.8443986219082913e-15  0.34044339879272406 3.1041778348525259e-15  0.32644898265422229 3.5379993283226691e-15  0.31246991050179351 4.1586188374863349e-15  0.29850741202683345 4.8832263032331702e-15  0.28456270426522595 5.5144956922350938e-15  0.27063698469128589 6.412118556490133e-15  0.25673144670032255 6.7903831742318135e-15  0.24284721898292577 7.2256069882199291e-15  0.22898563680041034 7.5283679908511534e-15  0.21514822168465661 8.1304579838341673e-15  0.20133642273950067 8.9846428049873051e-15  0.18755167344193346 1.1553632734525832e-14  0.17379537373973092 1.4794655527107173e-14  0.16006937986801745 1.8465929959581916e-14  0.14637550567888691 2.1269137244818155e-14  0.13271552179626306 2.1523072683904371e-14  0.11909114658752779 1.8690530599634984e-14  0.10550407580478775 1.158956509810229e-14  0.091955965024798081 2.7981629475104784e-15  0.078448477602172523 -6.7027468199182615e-15  0.064982982124924468 -1.5024947460413036e-14  0.056035460850244211 -1.9155307970125105e-14  0.051569398789853407 -2.0663278549647999e-14 
 -60.000000000000028 4 -58.068181818181884 1 -56.13636363636374 1 -54.204545454545588 1 -52.272727272727444 1 -50.3409090909093 1 -48.409090909091155 1 -46.477272727273004 1 -44.545454545454859 1 -42.613636363636715 1 -40.681818181818571 1 -38.750000000000426 1 -36.818181818182282 1 -34.886363636364131 1 -32.954545454545986 1 -31.022727272727838 1 -29.090909090909694 1 -27.159090909091546 1 -25.227272727273402 1 -23.295454545455257 1 -21.363636363637113 1 -19.431818181818961 1 -17.500000000000817 4
1 1.5707963267948966 46.072000000000003 0 1 
7 0 0  3 25 23  0.94842658964038373 -1.6688605406383016e-14  0.94396179144764891 -1.5447176067064947e-14  0.93501635721134246 -1.3104781072309228e-14  0.9215528306822165 -9.7232953162903517e-15  0.90804602283059066 -6.5589421223273444e-15  0.89449818334849596 -2.3866618212244518e-15  0.88091105050771157 2.3131164691986675e-15  0.86728634229034629 5.2152635460718723e-15  0.85362584920490769 6.9962801151785825e-15  0.8399314077461113 7.5178738081454654e-15  0.8262049050672885 7.7628297081144994e-15  0.81244827565355926 7.5399289925253477e-15  0.79866349765456401 7.6213219507778265e-15  0.78485182121438035 7.7680240488274107e-15  0.77101452414524874 8.9259301843855557e-15  0.75715290889428466 9.7710072802364254e-15  0.7432683030035927 1.2092157886369388e-14  0.72936205419803946 1.4551105258037688e-14  0.71543554308374513 1.5755394579209157e-14  0.70149012811462541 1.5944280596236227e-14  0.68752703457392894 1.4510667996258741e-14  0.67354752462152689 1.2643418113866151e-14  0.6595528688662915 9.9422577011508396e-15  0.65021386192111419 8.0492444834544501e-15  0.64554226355046729 7.1434210457930863e-15 
 -142.49999999999932 4 -140.56818181818116 1 -138.63636363636303 1 -136.70454545454487 1 -134.77272727272671 1 -132.84090909090855 1 -130.90909090909042 1 -128.97727272727226 1 -127.04545454545411 1 -125.11363636363596 1 -123.18181818181782 1 -121.24999999999966 1 -119.3181818181815 1 -117.38636363636336 1 -115.45454545454521 1 -113.52272727272705 1 -111.59090909090891 1 -109.65909090909076 1 -107.72727272727261 1 -105.79545454545445 1 -103.8636363636363 1 -101.93181818181816 1 -100 4
1 0 26.072000000000003 1 0 
1 3.1415926535897931 0 0 1 
7 0 0  3 25 23  0.94842658964038373 -1.6688605406383016e-14  0.93529420752593828 -1.4555599302301391e-14  0.90889447265246792 -6.9468429916315073e-15  0.8689370657101001 6.8399321848435913e-15  0.82866811557227971 7.9510400879241921e-15  0.788136844202737 7.2186800875985583e-15  0.74738246496344096 1.0963429038319762e-14  0.70643716220080921 1.8175497920937269e-14  0.66533550426383159 1.1472755425475666e-14  0.62410918945134042 2.5097216016831237e-15  0.58279156663720488 -2.9127076395963347e-15  0.54141233513960341 -5.234499451540536e-15  0.50000172999187298 -2.9109848048816533e-15  0.45859029230448772 2.5060700117722176e-15  0.41720817958722939 4.9254072865164109e-15  0.37588718972176138 2.2402433763453878e-15  0.33466057216220041 3.1043126260251315e-15  0.29356041366267271 5.018099826884457e-15  0.25261792990312265 7.4705333017564451e-15  0.2118630575108186 6.8856628196281383e-15  0.17133196657657734 1.4798739048683412e-14  0.13106501593194272 2.7071797924610239e-14  0.091108417407381168 2.2706846938555297e-15  0.064705224477856899 -1.4583025471196692e-14  0.051569398789853518 -2.0706329915046183e-14 
 -142.49999999999932 4 -136.81818181818122 1 -131.13636363636309 1 -125.45454545454498 1 -119.77272727272687 1 -114.09090909090875 1 -108.40909090909064 1 -102.72727272727252 1 -97.045454545454419 1 -91.363636363636289 1 -85.681818181818187 1 -80.000000000000071 1 -74.318181818181955 1 -68.636363636363839 1 -62.954545454545737 1 -57.272727272727622 1 -51.590909090909506 1 -45.90909090909139 1 -40.227272727273274 1 -34.545454545455172 1 -28.863636363637056 1 -23.18181818181894 1 -17.500000000000817 4
1 3.1415926535897931 46.072000000000003 0 1 
1 0 26.072000000000003 1 0 
1 4.7123889803846897 0 0 1 
7 0 0  3 25 23  0.94842658964038373 -1.6688605406383016e-14  0.93529420752593828 -1.4570307532274508e-14  0.90889447265246792 -6.9315173883169273e-15  0.8689370657101001 6.9502654417566836e-15  0.82866811557227971 7.9084033902109113e-15  0.788136844202737 7.0705531906418021e-15  0.74738246496344096 1.1028515035792518e-14  0.70643716220080921 1.7929751721931412e-14  0.66533550426383159 1.15474561080751e-14  0.62410918945134042 2.5561757723440864e-15  0.58279156663720488 -2.9931337515405561e-15  0.54141233513960341 -5.263254991023975e-15  0.50000172999187298 -2.9340365747423861e-15  0.45859029230448772 2.4940383663761888e-15  0.41720817958722939 4.9490968730854264e-15  0.37588718972176138 2.1955334108292022e-15  0.33466057216220041 3.0953494077225004e-15  0.29356041366267277 5.0189871938338668e-15  0.2526179299031226 7.4807096273562716e-15  0.21186305751081866 6.9332632754906766e-15  0.17133196657657734 1.4771784592813689e-14  0.13106501593194272 2.7072922197480075e-14  0.091108417407381237 2.2723781043351421e-15  0.064705224477856968 -1.4575750925753968e-14  0.051569398789853615 -2.0696957843301321e-14 
 -142.49999999999932 4 -136.81818181818122 1 -131.13636363636309 1 -125.45454545454498 1 -119.77272727272687 1 -114.09090909090875 1 -108.40909090909064 1 -102.72727272727252 1 -97.045454545454419 1 -91.363636363636289 1 -85.681818181818187 1 -80.000000000000071 1 -74.318181818181955 1 -68.636363636363839 1 -62.954545454545737 1 -57.272727272727622 1 -51.590909090909506 1 -45.90909090909139 1 -40.227272727273274 1 -34.545454545455172 1 -28.863636363637056 1 -23.18181818181894 1 -17.500000000000831 4
1 4.7123889803846897 46.072000000000003 0 1 
1 0 26.072000000000003 1 0 
1 0 -32.343314610596124 1 0 
1 0 -60 1 0 
1 -4.4408920985006262e-16 -60 1 0 
1 0 -60 1 0 
1 1.1102230246251565e-16 -60 1 0 
7 0 0  1 2 2  4.4790575109243315e-14 1.0000000000000178  2.6951613536785074e-14 0.32821203788757547 
 -40.799054128161075 2 14.017572729582273 2
7 0 0  1 2 2  1.0000000000004965 0.99999999999981404  1.0000000000003655 0.32821203788759906 
 -40.799054128161075 2 14.017572729582273 2
7 0 0  3 47 45  -5.7857217687886301e-16 0.32821203788759057  0.0010754313917221839 0.32577696687061369  0.0031835492159732991 0.32089365621922333  0.0062224692621236878 0.31353105560814926  0.0091431273668398701 0.30613271906464262  0.011950460313890953 0.2987004490989385  0.01464926836789289 0.29123597359130954  0.017244589322584162 0.28374099609513209  0.019739725172007252 0.27621690415790789  0.022137324850682226 0.2686649490260048  0.02444018880745082 0.26108636927376216  0.026651026086926481 0.25348235542587705  0.028772549654370084 0.24585406556363723  0.030807333114380574 0.23820260588851266  0.032756726286828984 0.23052888456835752  0.034622156981597353 0.22283380938536093  0.036405025791815732 0.21511823896785365  0.038106663465682623 0.20738310318654715  0.039728604639249758 0.19962897432024565  0.041272393381213066 0.19185075779315033  0.042735260869705458 0.18406762538421789  0.044114793070198229 0.17629787757347881  0.045410999359796561 0.16855011879620066  0.04662515396605469 0.16082336406352063  0.047758514039427456 0.15311877398025692  0.048811528182010205 0.14543722964518399  0.049784266632917892 0.13777991106988299  0.050676902776106841 0.13014790119162628  0.051489535145558547 0.12254231397283381  0.052222417234167352 0.11496417970613332  0.05287521344937085 0.10741477826999719  0.053446385037457071 0.099895906170733212  0.053934629658323199 0.092409340879234192  0.054338634924285985 0.084956625022758053  0.05465699367291732 0.077540300020284433  0.054888785157577016 0.070159183774668482  0.055030479910930977 0.062815741160969454  0.055078130339044802 0.055516318673063579  0.05502796986375956 0.04826587799798164  0.054876250821655974 0.041071213952753621  0.054619274908279086 0.033933332474251468  0.054254902244898463 0.026902805427987796  0.053776223593440795 0.019983374394667918  0.053177105423935833 0.013183988231653706  0.052451274615547848 0.0065122314032917353  0.051878808302801047 0.0021548014880418799  0.051569398789855218 -2.8803672465797029e-14 
 3.7292149082512007e-15 4 0.00056489612164354361 1 0.001129792243283358 1 0.0016946883649231724 1 0.0022595844865629868 1 0.0028244806082028009 1 0.0033893767298426155 1 0.0039542728514824297 1 0.0045191689731222439 1 0.005084065094762058 1 0.0056489612164018722 1 0.0062138573380416872 1 0.0067787534596815014 1 0.0073436495813213156 1 0.0079085457029611315 1 0.0084734418246009448 1 0.0090383379462407598 1 0.0096032340678805748 1 0.010168130189520388 1 0.010733026311160203 1 0.011297922432800016 1 0.011862818554439832 1 0.012427714676079647 1 0.01299261079771946 1 0.013557506919359275 1 0.01412240304099909 1 0.014687299162638903 1 0.015252195284278718 1 0.015817091405918533 1 0.016381987527558348 1 0.01694688364919816 1 0.017511779770837975 1 0.01807667589247779 1 0.018641572014117605 1 0.01920646813575742 1 0.019771364257397232 1 0.020336260379037047 1 0.020901156500676862 1 0.021466052622316677 1 0.022030948743956492 1 0.022595844865596303 1 0.023160740987236118 1 0.023725637108875933 1 0.024290533230515748 1 0.024855429352155563 4
7 0 0  3 47 45  5.0095195700921531 -40.30727772674507  4.9996815662259033 -40.453381619329903  4.9801666866195422 -40.746377318456247  4.9513353776397979 -41.188127191905764  4.9229021127867227 -41.632026090005148  4.8948259989980176 -42.077966303144606  4.8670680956881949 -42.525841642713189  4.8395907733250869 -42.975540245604115  4.8123633110083475 -43.426981914291666  4.7853571252373337 -43.880097029876296  4.7585437416690874 -44.334812631344391  4.7318956325849131 -44.791056850412943  4.7053860591601726 -45.248756789990438  4.6789897046978313 -45.707842575488918  4.6526831716361423 -46.168264200007087  4.626442729277306 -46.629968296767885  4.600244786684982 -47.092903708604759  4.5740662391257558 -47.55701379978504  4.5478832782819865 -48.022261639230052  4.521653057036719 -48.488955332609926  4.4954142349875506 -48.955942388236146  4.4692022672999761 -49.422127248018306  4.4430201187734353 -49.886992596195931  4.4168380767276139 -50.35059833928392  4.3906346696702121 -50.812873104835973  4.364385973834966 -51.273764943379831  4.3380677088848394 -51.733203879784327  4.3116550959199538 -52.191125015280036  4.2851229397847659 -52.647461171309345  4.2584461582946709 -53.102149212105878  4.2315985309366715 -53.555113960278199  4.2045491753862327 -54.006246651226903  4.1772666822133235 -54.455440391441833  4.1497175170401954 -54.902602878325744  4.1218703578576754 -55.347581574540442  4.0936814450036989 -55.790450290798589  4.065103991175957 -56.231059236352237  4.0361005490709836 -56.669025019441698  4.0066262906654986 -57.104049868412119  3.9766410968624655 -57.535727132200854  3.9460795275217593 -57.964000057271377  3.9150847386117533 -58.385834093557982  3.8835710369278464 -58.801001148448869  3.8514741996044717 -59.208963677700417  3.8187193461843285 -59.609267082867326  3.7963925180329694 -59.870711983584464  3.7850937623831591 -60.000000000001108 
 3.7292149082512007e-15 4 0.00056489612164354361 1 0.001129792243283358 1 0.0016946883649231724 1 0.0022595844865629868 1 0.0028244806082028009 1 0.0033893767298426155 1 0.0039542728514824297 1 0.0045191689731222439 1 0.005084065094762058 1 0.0056489612164018722 1 0.0062138573380416872 1 0.0067787534596815014 1 0.0073436495813213156 1 0.0079085457029611315 1 0.0084734418246009448 1 0.0090383379462407598 1 0.0096032340678805748 1 0.010168130189520388 1 0.010733026311160203 1 0.011297922432800016 1 0.011862818554439832 1 0.012427714676079647 1 0.01299261079771946 1 0.013557506919359275 1 0.01412240304099909 1 0.014687299162638903 1 0.015252195284278718 1 0.015817091405918533 1 0.016381987527558348 1 0.01694688364919816 1 0.017511779770837975 1 0.01807667589247779 1 0.018641572014117605 1 0.01920646813575742 1 0.019771364257397232 1 0.020336260379037047 1 0.020901156500676862 1 0.021466052622316677 1 0.022030948743956492 1 0.022595844865596303 1 0.023160740987236118 1 0.023725637108875933 1 0.024290533230515748 1 0.024855429352155563 4
7 0 0  1 2 2  0.99999999999999767 0.32821203788766473  0.99999999999989198 0.99999999999997558 
 -14.017572729575692 2 40.799054128161366 2
7 0 0  1 2 2  4.6928422964375125e-14 0.32821203788766895  -2.9401986830950524e-13 0.99999999999976297 
 -14.017572729575692 2 40.799054128161366 2
7 0 0  1 2 2  0.99999999999989897 0.9999999999999758  2.4657292895912477e-14 1.0000000000000178 
 3.4694469519536148e-17 2 0.072936438303278464 2
7 0 0  3 47 45  0.35445405227537974 2.8572095566557096e-15  0.35420216444447011 0.0037811294906766719  0.35375250537984826 0.011323721628271142  0.35324205697445255 0.022579523147486701  0.35289734266671685 0.033778151448328589  0.35272004409114277 0.044920521313082364  0.3527119809092531 0.05600758730663391  0.35287452418766774 0.067040169252190071  0.35321135302841766 0.078021608926366184  0.35372797608160628 0.088948966843109031  0.35442977793748409 0.099821887363440429  0.35532160376970817 0.11063326655126154  0.35641107687218876 0.12140041514568413  0.35769573120389769 0.13204970592160026  0.35917053811630884 0.14250960293065004  0.36084061753462693 0.15279943585674005  0.36270827656662119 0.16291413366048368  0.36477666174027951 0.17285507439917719  0.36704808465129485 0.18262192100620603  0.36952831300497141 0.19221695521375515  0.37222324080425179 0.20163239703600391  0.37513918279487096 0.21086356369397394  0.37827988699966686 0.21989890148049504  0.38165859484878178 0.2287507296896753  0.38525270135541761 0.23734218989030392  0.38903507775499546 0.24560202705760353  0.39301418110361219 0.25354792049802222  0.39718866535528141 0.26117367362426236  0.40155966961620804 0.26847912411843278  0.40612702056582101 0.27546332256568234  0.41089321355528974 0.28211971817188958  0.41586148557214764 0.28844190480236986  0.42103155016721472 0.2944210472500533  0.42641576780138563 0.30005582292647875  0.43197759377265282 0.30529528483279278  0.43764757163832962 0.31008097592905204  0.44344132467691438 0.3144340705714041  0.44935070483403505 0.3183471439538158  0.45537369090909546 0.32182057547393461  0.46150638711406727 0.32485229446634434  0.46774515903042896 0.32744245252743859  0.47409705838263239 0.3295835543853301  0.48053927997629997 0.33126202487299478  0.48703839689916661 0.33246193039592548  0.49352297540301249 0.33317573020575009  0.49784362517657299 0.33333337813176989  0.50000124955089142 0.33333333333333337 
 0 4 0.00075130782927524959 1 0.0015026156585504992 1 0.0022539234878257487 1 0.0030052313171009984 1 0.0037565391463762481 1 0.0045078469756514973 1 0.005259154804926747 1 0.0060104626342019967 1 0.0067617704634772464 1 0.0075130782927524961 1 0.0082643861220277458 1 0.0090156939513029947 1 0.0097670017805782453 1 0.010518309609853494 1 0.011269617439128745 1 0.012020925268403993 1 0.012772233097679242 1 0.013523540926954493 1 0.014274848756229742 1 0.015026156585504992 1 0.015777464414780243 1 0.016528772244055492 1 0.017280080073330741 1 0.018031387902605989 1 0.018782695731881238 1 0.019534003561156491 1 0.020285311390431739 1 0.021036619219706988 1 0.021787927048982237 1 0.022539234878257489 1 0.023290542707532738 1 0.024041850536807987 1 0.024793158366083236 1 0.025544466195358485 1 0.026295774024633737 1 0.027047081853908986 1 0.027798389683184235 1 0.028549697512459483 1 0.029301005341734736 1 0.030052313171009985 1 0.030803621000285233 1 0.031554928829560486 1 0.032306236658835731 1 0.033057544488110983 4
7 0 0  3 47 45  1.5707963267948926 1.4210854715202004e-13  1.5594529397351788 -0.11404080370555096  1.5368251855839863 -0.34162048646421866  1.5030193703793278 -0.68142095869679453  1.46930804135661 -1.019589169393343  1.4356501695272998 -1.3560616698149262  1.4020049599648015 -1.6907758993396171  1.3683334625672348 -2.0236659839853584  1.3345870075421848 -2.3547382154680907  1.3007323770303203 -2.6838063716114258  1.2667272620510648 -3.0107624150504155  1.2325497585050655 -3.3352953753225831  1.1980984285435641 -3.6578278295432733  1.1635641261703558 -3.9760510976147567  1.1291364476899581 -4.2877546390912702  1.0947114305864891 -4.5934586425045794  1.0602633657294731 -4.8929515976327034  1.0257450279683373 -5.1862180602911252  0.99111676079315103 -5.4731900208995494  0.95632033328281796 -5.7538862183310995  0.92132319181770583 -6.0280626078319299  0.88607997814948913 -6.295561690996351  0.85057070611910446 -6.5560332236613217  0.81467485212416657 -6.8098113983453299  0.77863854812302025 -7.0546854065976703  0.74270744936612743 -7.2887070199351252  0.70675836877236431 -7.5124717706556874  0.67076617559598917 -7.7258950950342138  0.63467908670358075 -7.9290690526563674  0.59845268196944279 -8.1220593058880368  0.56203968159639794 -8.3048124592382297  0.52538501977312757 -8.4772814809875872  0.48845265576234836 -8.6393546072617333  0.4511254204858462 -8.7911361383916748  0.41361700661227951 -8.9314010600103444  0.37631884910048063 -9.0587778806000294  0.33904821248597222 -9.174007900764348  0.30178959827210516 -9.2770450945359961  0.26448176250198741 -9.3680578203482199  0.22707556412754509 -9.4471442256029192  0.189518077020254 -9.5144689174266333  0.15169913765690865 -9.5699400605312572  0.11367972234433796 -9.6133008205077886  0.075579059800817083 -9.6442389514317082  0.03773010372946662 -9.6626167773148115  0.012566409846266738 -9.6666674327637434  0 -9.6666666666956189 
 0 4 0.00075130782927524959 1 0.0015026156585504992 1 0.0022539234878257487 1 0.0030052313171009984 1 0.0037565391463762481 1 0.0045078469756514973 1 0.005259154804926747 1 0.0060104626342019967 1 0.0067617704634772464 1 0.0075130782927524961 1 0.0082643861220277458 1 0.0090156939513029947 1 0.0097670017805782453 1 0.010518309609853494 1 0.011269617439128745 1 0.012020925268403993 1 0.012772233097679242 1 0.013523540926954493 1 0.014274848756229742 1 0.015026156585504992 1 0.015777464414780243 1 0.016528772244055492 1 0.017280080073330741 1 0.018031387902605989 1 0.018782695731881238 1 0.019534003561156491 1 0.020285311390431739 1 0.021036619219706988 1 0.021787927048982237 1 0.022539234878257489 1 0.023290542707532738 1 0.024041850536807987 1 0.024793158366083236 1 0.025544466195358485 1 0.026295774024633737 1 0.027047081853908986 1 0.027798389683184235 1 0.028549697512459483 1 0.029301005341734736 1 0.030052313171009985 1 0.030803621000285233 1 0.031554928829560486 1 0.032306236658835731 1 0.033057544488110983 4
7 0 0  3 25 23  0.97179004920543754 0.24786616742869691  0.97213351795153669 0.24911375973018285  0.97282731606234318 0.25160657873784642  0.9738888818392305 0.25533856750005318  0.97497160233341373 0.25906317427223696  0.97607576592034195 0.26278025428445956  0.97720166243269979 0.26648966107622463  0.97834958331159005 0.27019124624745183  0.97951982162461837 0.27388485946996427  0.9807126716427399 0.27757034854508916  0.98192843030396226 0.281247559017057  0.98316739155946109 0.28491633551810713  0.98442986729149329 0.28857651663231004  0.98571610904978135 0.29222795395441686  0.98702656941883171 0.2958704482677405  0.98836176554908817 0.29950378212567769  0.98972220086732599 0.30312773889508593  0.99110838596385298 0.30674209760528698  0.99252083289815574 0.31034663428359238  0.99396005662738984 0.31394112154390047  0.99542657449770944 0.31752532868196975  0.99692090633330699 0.32109902149715691  0.99844357404297257 0.32466196270869818  0.99947792636721566 0.32702992775312206  0.99999999999999523 0.32821203788766323 
 0.018887187921578067 4 0.019163215561880952 1 0.019439243202183838 1 0.019715270842486719 1 0.019991298482789605 1 0.02026732612309249 1 0.020543353763395375 1 0.02081938140369826 1 0.021095409044001145 1 0.021371436684304027 1 0.021647464324606912 1 0.021923491964909798 1 0.022199519605212683 1 0.022475547245515565 1 0.02275157488581845 1 0.023027602526121335 1 0.02330363016642422 1 0.023579657806727106 1 0.023855685447029991 1 0.024131713087332876 1 0.024407740727635758 1 0.024683768367938643 1 0.024959796008241528 4
7 0 0  3 25 23  6.2831853071795862 -45.12802995427819  6.2788569405773895 -45.053174407049305  6.2701923222382199 -44.903604898677926  6.2571687641325697 -44.679684417681159  6.2441156222537835 -44.456206741557807  6.2310298663685 -44.23318089357933  6.2179084201330266 -44.010615897171526  6.2047481574267342 -43.788520775184985  6.1915459077291475 -43.56690455261635  6.1782984606308951 -43.345776246453539  6.1650025655500791 -43.125144903573123  6.1516549523732147 -42.905019459305905  6.1382522741723022 -42.685409265276874  6.1247913417780104 -42.466322119480573  6.1112684025653543 -42.247770444847362  6.0976794028732986 -42.029768217937672  6.0840202230738329 -41.812328999018099  6.0702866212368418 -41.595466459900784  6.0564742553012278 -41.379194242509378  6.0425786844491638 -41.163525996776059  6.0285953771986929 -40.948475370487159  6.014519715690585 -40.734056012004089  6.0003470110029982 -40.520281569533914  5.9908306576374653 -40.378204317394918  5.9860547174719674 -40.307277726741845 
 0.018887187921578067 4 0.019163215561880952 1 0.019439243202183838 1 0.019715270842486719 1 0.019991298482789605 1 0.02026732612309249 1 0.020543353763395375 1 0.02081938140369826 1 0.021095409044001145 1 0.021371436684304027 1 0.021647464324606912 1 0.021923491964909798 1 0.022199519605212683 1 0.022475547245515565 1 0.02275157488581845 1 0.023027602526121335 1 0.02330363016642422 1 0.023579657806727106 1 0.023855685447029991 1 0.024131713087332876 1 0.024407740727635758 1 0.024683768367938643 1 0.024959796008241528 4
7 0 0  1 2 2  0.99999999999999767 0.32821203788766473  0.99999999999989198 0.99999999999997613 
 -14.017572729575692 2 40.799054128161401 2
7 0 0  1 2 2  4.6928422964375125e-14 0.32821203788766895  -2.9334577184679088e-13 0.99999999999976341 
 -14.017572729575692 2 40.799054128161401 2
7 0 0  1 2 2  0.99999999999989897 0.99999999999997624  2.4580776858997314e-14 1.0000000000000178 
 1.5515838457795457e-17 2 0.072936438303278492 2
7 0 0  1 2 2  4.4800139613871629e-14 1.0000000000000178  2.6951613536785074e-14 0.32821203788757547 
 -40.799054128161075 2 14.017572729582273 2
7 0 0  1 2 2  1.0000000000004965 0.99999999999981404  1.0000000000003655 0.32821203788759906 
 -40.799054128161075 2 14.017572729582273 2
7 0 0  3 47 45  -5.7857217687886301e-16 0.32821203788759057  0.0010754313917222635 0.32577696687061347  0.0031835492159734266 0.320893656219223  0.0062224692621236964 0.31353105560814926  0.0091431273668401564 0.30613271906464229  0.011950460313890946 0.29870044909893806  0.014649268367893091 0.29123597359130943  0.017244589322584252 0.28374099609513131  0.019739725172007352 0.27621690415790751  0.022137324850682254 0.26866494902600402  0.024440188807450889 0.2610863692737615  0.02665102608692663 0.25348235542587649  0.028772549654369865 0.24585406556363687  0.030807333114380671 0.23820260588851203  0.032756726286828915 0.23052888456835685  0.034622156981597249 0.22283380938536002  0.036405025791815454 0.21511823896785315  0.038106663465682526 0.20738310318654637  0.039728604639249508 0.19962897432024523  0.041272393381213121 0.19185075779314981  0.042735260869706269 0.18406762538421648  0.044114793070198714 0.17629787757347717  0.04541099935979713 0.16855011879619961  0.046625153966055224 0.16082336406351894  0.047758514039428074 0.15311877398025575  0.048811528182010538 0.14543722964518313  0.049784266632918156 0.13777991106988235  0.050676902776106668 0.1301479011916255  0.051489535145558596 0.12254231397283331  0.052222417234167276 0.11496417970613221  0.052875213449370774 0.10741477826999639  0.05344638503745703 0.099895906170732421  0.053934629658322929 0.092409340879233332  0.054338634924286304 0.084956625022756929  0.054656993672917244 0.077540300020283948  0.054888785157576829 0.070159183774667566  0.055030479910930907 0.06281574116096876  0.055078130339044809 0.055516318673063253  0.055027969863759386 0.048265877997980884  0.0548762508216558 0.041071213952753483  0.054619274908278934 0.033933332474250906  0.05425490224489854 0.026902805427987803  0.053776223593440857 0.019983374394667748  0.05317710542393584 0.013183988231653652  0.052451274615547987 0.0065122314032910562  0.05187880830280122 0.0021548014880412845  0.051569398789855364 -2.9097605929553521e-14 
 3.7236266725969774e-15 4 0.00056489612164353754 1 0.0011297922432833515 1 0.0016946883649231654 1 0.0022595844865629794 1 0.0028244806082027936 1 0.0033893767298426073 1 0.003954272851482421 1 0.0045191689731222352 1 0.0050840650947620494 1 0.0056489612164018635 1 0.0062138573380416768 1 0.006778753459681491 1 0.0073436495813213052 1 0.0079085457029611193 1 0.0084734418246009344 1 0.0090383379462407477 1 0.009603234067880561 1 0.010168130189520376 1 0.010733026311160189 1 0.011297922432800004 1 0.011862818554439818 1 0.012427714676079631 1 0.012992610797719446 1 0.013557506919359259 1 0.014122403040999073 1 0.014687299162638888 1 0.015252195284278701 1 0.015817091405918512 1 0.016381987527558328 1 0.016946883649198143 1 0.017511779770837954 1 0.018076675892477769 1 0.018641572014117584 1 0.019206468135757396 1 0.019771364257397211 1 0.020336260379037026 1 0.020901156500676837 1 0.021466052622316652 1 0.022030948743956467 1 0.022595844865596282 1 0.023160740987236094 1 0.023725637108875909 1 0.024290533230515724 1 0.024855429352155536 4
7 0 0  3 47 45  3.4387232432972565 -40.30727772674507  3.4288852394310076 -40.45338161932991  3.4093703598246439 -40.746377318456254  3.3805390508448991 -41.188127191905771  3.3521057859918271 -41.632026090005169  3.3240296722031175 -42.077966303144613  3.2962717688932979 -42.525841642713189  3.2687944465301872 -42.975540245604158  3.2415669842134496 -43.42698191429168  3.2145607984424336 -43.880097029876318  3.1877474148741904 -44.334812631344434  3.1610993057900156 -44.791056850413014  3.1345897323652769 -45.248756789990466  3.1081933779029347 -45.707842575488982  3.0818868448412426 -46.16826420000713  3.0556464024824082 -46.629968296767935  3.029448459890081 -47.09290370860478  3.0032699123308579 -47.557013799785089  2.9770869514870881 -48.022261639230095  2.950856730241826 -48.48895533260999  2.9246179081926504 -48.955942388236245  2.8984059405050742 -49.422127248018406  2.8722237919785405 -49.886992596196038  2.8460417499327146 -50.350598339284026  2.8198383428753147 -50.812873104836044  2.7935896470400725 -51.273764943379938  2.7672713820899459 -51.733203879784377  2.7408587691250568 -52.191125015280136  2.7143266129898675 -52.647461171309409  2.6876498314997699 -53.102149212105928  2.6608022041417736 -53.555113960278256  2.6337528485913326 -54.006246651226959  2.606470355418423 -54.455440391441883  2.5789211902452949 -54.902602878325794  2.5510740310627789 -55.347581574540527  2.5228851182087961 -55.790450290798603  2.4943076643810587 -56.231059236352309  2.4653042222760857 -56.66902501944174  2.435829963870594 -57.104049868412126  2.4058447700675698 -57.535727132200876  2.3752832007268587 -57.964000057271384  2.3442884118168577 -58.385834093557989  2.3127747101329508 -58.801001148448869  2.280677872809576 -59.20896367770046  2.2479230193894271 -59.609267082867298  2.2255961912380688 -59.870711983584471  2.2142974355882621 -60.000000000001123 
 3.7236266725969774e-15 4 0.00056489612164353754 1 0.0011297922432833515 1 0.0016946883649231654 1 0.0022595844865629794 1 0.0028244806082027936 1 0.0033893767298426073 1 0.003954272851482421 1 0.0045191689731222352 1 0.0050840650947620494 1 0.0056489612164018635 1 0.0062138573380416768 1 0.006778753459681491 1 0.0073436495813213052 1 0.0079085457029611193 1 0.0084734418246009344 1 0.0090383379462407477 1 0.009603234067880561 1 0.010168130189520376 1 0.010733026311160189 1 0.011297922432800004 1 0.011862818554439818 1 0.012427714676079631 1 0.012992610797719446 1 0.013557506919359259 1 0.014122403040999073 1 0.014687299162638888 1 0.015252195284278701 1 0.015817091405918512 1 0.016381987527558328 1 0.016946883649198143 1 0.017511779770837954 1 0.018076675892477769 1 0.018641572014117584 1 0.019206468135757396 1 0.019771364257397211 1 0.020336260379037026 1 0.020901156500676837 1 0.021466052622316652 1 0.022030948743956467 1 0.022595844865596282 1 0.023160740987236094 1 0.023725637108875909 1 0.024290533230515724 1 0.024855429352155536 4
7 0 0  1 2 2  4.4790575109243315e-14 1.0000000000000178  2.6951613536785074e-14 0.32821203788757547 
 -40.799054128161075 2 14.017572729582273 2
7 0 0  1 2 2  1.0000000000004965 0.99999999999981404  1.0000000000003655 0.32821203788759906 
 -40.799054128161075 2 14.017572729582273 2
7 0 0  3 47 45  -5.7857217687886301e-16 0.32821203788759057  0.0010754313917221818 0.32577696687061369  0.003183549215973303 0.32089365621922333  0.0062224692621236765 0.31353105560814931  0.0091431273668399361 0.30613271906464262  0.011950460313890677 0.29870044909893834  0.014649268367892898 0.29123597359130943  0.017244589322584131 0.28374099609513176  0.019739725172007325 0.27621690415790767  0.022137324850682011 0.26866494902600413  0.02444018880745058 0.26108636927376166  0.026651026086926533 0.25348235542587605  0.028772549654369515 0.24585406556363651  0.03080733311438031 0.23820260588851183  0.03275672628682863 0.23052888456835685  0.034622156981597034 0.22283380938536018  0.036405025791815523 0.21511823896785329  0.038106663465682672 0.20738310318654657  0.039728604639249696 0.1996289743202449  0.041272393381213079 0.19185075779315025  0.04273526086970604 0.18406762538421625  0.04411479307019861 0.17629787757347767  0.045410999359796617 0.16855011879620005  0.04662515396605528 0.16082336406351977  0.047758514039427956 0.15311877398025586  0.048811528182010754 0.14543722964518327  0.04978426663291842 0.13777991106988299  0.050676902776107022 0.13014790119162561  0.05148953514555886 0.12254231397283365  0.052222417234167491 0.11496417970613318  0.052875213449370885 0.10741477826999678  0.05344638503745703 0.099895906170732698  0.053934629658323061 0.092409340879233637  0.054338634924285881 0.084956625022757332  0.05465699367291732 0.077540300020284253  0.054888785157576662 0.07015918377466776  0.055030479910931018 0.062815741160969066  0.055078130339044698 0.055516318673063392  0.055027969863759386 0.048265877997981023  0.054876250821655807 0.04107121395275333  0.05461927490827901 0.033933332474251288  0.054254902244898505 0.026902805427987921  0.053776223593440434 0.019983374394668504  0.053177105423935757 0.013183988231654004  0.052451274615547674 0.0065122314032918169  0.051878808302801047 0.002154801488041726  0.051569398789855364 -2.9097605929553521e-14 
 3.7430235811030579e-15 4 0.00056489612164355716 1 0.0011297922432833714 1 0.0016946883649231856 1 0.0022595844865629998 1 0.0028244806082028139 1 0.0033893767298426281 1 0.0039542728514824418 1 0.004519168973122256 1 0.0050840650947620702 1 0.0056489612164018843 1 0.0062138573380416985 1 0.0067787534596815127 1 0.0073436495813213268 1 0.0079085457029611419 1 0.0084734418246009552 1 0.0090383379462407702 1 0.0096032340678805853 1 0.010168130189520399 1 0.010733026311160212 1 0.011297922432800027 1 0.011862818554439842 1 0.012427714676079655 1 0.012992610797719469 1 0.013557506919359284 1 0.014122403040999099 1 0.014687299162638912 1 0.015252195284278725 1 0.01581709140591854 1 0.016381987527558355 1 0.016946883649198167 1 0.017511779770837982 1 0.018076675892477797 1 0.018641572014117612 1 0.019206468135757427 1 0.019771364257397239 1 0.020336260379037054 1 0.020901156500676869 1 0.02146605262231668 1 0.022030948743956495 1 0.02259584486559631 1 0.023160740987236125 1 0.02372563710887594 1 0.024290533230515752 1 0.024855429352155567 4
7 0 0  3 47 45  1.86792691650236 -40.30727772674507  1.8580889126361111 -40.453381619329896  1.8385740330297491 -40.746377318456254  1.8097427240500046 -41.188127191905764  1.7813094591969321 -41.632026090005176  1.7532333454082241 -42.077966303144606  1.7254754420984033 -42.52584164271321  1.6979981197352931 -42.97554024560413  1.670770657418553 -43.426981914291659  1.6437644716475364 -43.880097029876318  1.6169510880792932 -44.334812631344377  1.5903029789951153 -44.791056850412978  1.5637934055703746 -45.248756789990466  1.5373970511080357 -45.707842575488954  1.5110905180463439 -46.168264200007108  1.4848500756875085 -46.629968296767913  1.4586521330951847 -47.092903708604759  1.4324735855359616 -47.557013799785082  1.4062906246921891 -48.022261639230074  1.3800604034469297 -48.488955332609983  1.3538215813977466 -48.955942388236181  1.3276096137101767 -49.42212724801837  1.3014274651836395 -49.886992596195967  1.2752454231378192 -50.350598339283991  1.2490420160804174 -50.812873104836015  1.2227933202451733 -51.273764943379895  1.1964750552950516 -51.733203879784348  1.1700624423301611 -52.191125015280079  1.1435302861949741 -52.647461171309359  1.1168535047048815 -53.102149212105914  1.0900058773468759 -53.555113960278213  1.0629565217964358 -54.006246651226924  1.0356740286235273 -54.455440391441854  1.0081248634503979 -54.902602878325759  0.98027770426788308 -55.347581574540499  0.95208879141389946 -55.790450290798603  0.92351133758616355 -56.231059236352273  0.89450789548118936 -56.669025019441733  0.86503363707569803 -57.104049868412119  0.83504844327267291 -57.53572713220089  0.80448687393196305 -57.964000057271356  0.77349208502196098 -58.385834093557982  0.74197838333805732 -58.801001148448861  0.70988154601467879 -59.208963677700424  0.67712669259453329 -59.609267082867277  0.65479986444317473 -59.870711983584457  0.64350110879336531 -60.000000000001123 
 3.7430235811030579e-15 4 0.00056489612164355716 1 0.0011297922432833714 1 0.0016946883649231856 1 0.0022595844865629998 1 0.0028244806082028139 1 0.0033893767298426281 1 0.0039542728514824418 1 0.004519168973122256 1 0.0050840650947620702 1 0.0056489612164018843 1 0.0062138573380416985 1 0.0067787534596815127 1 0.0073436495813213268 1 0.0079085457029611419 1 0.0084734418246009552 1 0.0090383379462407702 1 0.0096032340678805853 1 0.010168130189520399 1 0.010733026311160212 1 0.011297922432800027 1 0.011862818554439842 1 0.012427714676079655 1 0.012992610797719469 1 0.013557506919359284 1 0.014122403040999099 1 0.014687299162638912 1 0.015252195284278725 1 0.01581709140591854 1 0.016381987527558355 1 0.016946883649198167 1 0.017511779770837982 1 0.018076675892477797 1 0.018641572014117612 1 0.019206468135757427 1 0.019771364257397239 1 0.020336260379037054 1 0.020901156500676869 1 0.02146605262231668 1 0.022030948743956495 1 0.02259584486559631 1 0.023160740987236125 1 0.02372563710887594 1 0.024290533230515752 1 0.024855429352155567 4
7 0 0  3 47 45  0.9484265896403824 -2.3213037405583799e-14  0.94811744911354867 0.0021534189690172608  0.94754603657160019 0.006503063679934115  0.94682268061218433 0.01314832174141973  0.94622628584767088 0.019906744530952921  0.94574990703879436 0.026770695084299734  0.94538675058056187 0.033732746626459954  0.94512913830512613 0.040784846130806698  0.94497402451252155 0.047922864220702105  0.94491911632079761 0.05514314663622278  0.9449617581776445 0.062442346059859627  0.94509930490718208 0.069814994696533586  0.94532929535121413 0.077263855367617429  0.94564837152639636 0.084760955277324579  0.9460540902162643 0.092279242932620881  0.94654486428185014 0.099822445518321409  0.94711882367287503 0.1073860223751163  0.94777420717624361 0.11496780697265156  0.94850892734873005 0.12256449235040101  0.94932243858275311 0.13017703772975947  0.95021467455229269 0.13780431912110377  0.95118541174436011 0.14544534899674208  0.9522344723412608 0.15309909991087628  0.95336164879815755 0.16076454575930418  0.95456680229028101 0.16844067274656074  0.9558509461001693 0.17612675038665052  0.95721504854499695 0.18382201378215043  0.95866010077414576 0.1915256763019485  0.96018715614109706 0.19923696113833464  0.9617971047920667 0.2069549577637789  0.96349191701433334 0.21467924816751821  0.96527334681756738 0.22240831919725257  0.96714418075370789 0.23014460020834634  0.96910578776693734 0.23788311112505192  0.97115485379785915 0.24560133329379161  0.97328980566681145 0.2532864422167434  0.97551367798320232 0.2609416075157765  0.97782875767490474 0.26856441188063279  0.98023755581278349 0.27615389617801395  0.98274260034374816 0.28370865733958578  0.98534628606917563 0.29122740649022116  0.98805163687722997 0.29870864240500178  0.99086322158437012 0.30615045483351772  0.99378538546938522 0.3135509381082594  0.99682258876144114 0.32090811660078877  0.99892708244169837 0.32578266306134307  0.99999999999999534 0.32821203788766318 
 1.0866626878440356e-16 4 0.00056726809109650458 1 0.0011345361821929005 1 0.0017018042732892965 1 0.0022690723643856926 1 0.0028363404554820888 1 0.0034036085465784845 1 0.0039708766376748798 1 0.004538144728771276 1 0.0051054128198676722 1 0.0056726809109640683 1 0.0062399490020604636 1 0.0068072170931568598 1 0.0073744851842532559 1 0.0079417532753496521 1 0.0085090213664460491 1 0.0090762894575424444 1 0.0096435575486388397 1 0.010210825639735237 1 0.010778093730831632 1 0.011345361821928029 1 0.011912629913024424 1 0.01247989800412082 1 0.013047166095217217 1 0.013614434186313612 1 0.014181702277410007 1 0.014748970368506404 1 0.0153162384596028 1 0.015883506550699193 1 0.01645077464179559 1 0.017018042732891987 1 0.017585310823988381 1 0.018152578915084778 1 0.018719847006181175 1 0.019287115097277568 1 0.019854383188373965 1 0.020421651279470363 1 0.020988919370566756 1 0.021556187461663153 1 0.02212345555275955 1 0.022690723643855947 1 0.023257991734952341 1 0.023825259826048738 1 0.024392527917145135 1 0.024959796008241528 4
7 0 0  3 47 45  5.6396841983862327 -60.000000000000909  5.6283927614026625 -59.870794981456264  5.6061048714839634 -59.609817579304618  5.5734748387703705 -59.211104915857078  5.5415621842043752 -58.805600369556686  5.5102869428950969 -58.393761619368973  5.479574028620509 -57.976035195466061  5.4493499279539614 -57.552909221595357  5.4195664016324372 -57.124629033852116  5.3901797826825124 -56.691412680039591  5.3611440409041284 -56.253460572342689  5.3324237383196262 -55.811100845344825  5.3039536560953398 -55.364168379653506  5.275788922928963 -54.914343349381674  5.2479887343230232 -54.463247322667335  5.22049514618746 -54.01065549288969  5.1932831252076141 -53.556840091790043  5.1663202486997806 -53.101931572420405  5.1395789181421225 -52.646130464227625  5.1130233767308857 -52.189377384307882  5.0866280041644574 -51.731740288772535  5.0603663615521599 -51.273278584702638  5.034212860412218 -50.814053776558112  5.0081423523701094 -50.354127528314365  4.9821308515493303 -49.893558768505351  4.956155933718847 -49.432392427584041  4.9301945739706428 -48.970676229195369  4.9042237873918015 -48.508457535342352  4.8782204577325627 -48.045782361403639  4.8521620237620882 -47.582702470897409  4.8260242716305308 -47.119244701181863  4.7997858661659549 -46.655500774693188  4.773411471220725 -46.191324491501405  4.7468900412088484 -45.727014116128437  4.7202704812756053 -45.263920168426175  4.6935692597048044 -44.80281201914925  4.6667469857103399 -44.343499037757972  4.6397811804848015 -43.886130124370851  4.6126437697506892 -43.430762941788764  4.5853071505299496 -42.977480571425083  4.5577432551335688 -42.526355657560728  4.5299222746181984 -42.077475757369726  4.50180860375393 -41.630963642991603  4.4733653231798165 -41.186935754861253  4.4445537356581521 -40.745510230571497  4.4250733939331202 -40.453039910715894  4.4152583906770726 -40.307277726741837 
 1.0866626878440356e-16 4 0.00056726809109650458 1 0.0011345361821929005 1 0.0017018042732892965 1 0.0022690723643856926 1 0.0028363404554820888 1 0.0034036085465784845 1 0.0039708766376748798 1 0.004538144728771276 1 0.0051054128198676722 1 0.0056726809109640683 1 0.0062399490020604636 1 0.0068072170931568598 1 0.0073744851842532559 1 0.0079417532753496521 1 0.0085090213664460491 1 0.0090762894575424444 1 0.0096435575486388397 1 0.010210825639735237 1 0.010778093730831632 1 0.011345361821928029 1 0.011912629913024424 1 0.01247989800412082 1 0.013047166095217217 1 0.013614434186313612 1 0.014181702277410007 1 0.014748970368506404 1 0.0153162384596028 1 0.015883506550699193 1 0.01645077464179559 1 0.017018042732891987 1 0.017585310823988381 1 0.018152578915084778 1 0.018719847006181175 1 0.019287115097277568 1 0.019854383188373965 1 0.020421651279470363 1 0.020988919370566756 1 0.021556187461663153 1 0.02212345555275955 1 0.022690723643855947 1 0.023257991734952341 1 0.023825259826048738 1 0.024392527917145135 1 0.024959796008241528 4
7 0 0  1 2 2  0.99999999999999767 0.32821203788766451  0.99999999999989198 0.99999999999997558 
 -14.017572729575704 2 40.799054128161373 2
7 0 0  1 2 2  4.6743871540932123e-14 0.32821203788766867  -2.9401986830950524e-13 0.99999999999976297 
 -14.017572729575704 2 40.799054128161373 2
7 0 0  1 2 2  0.99999999999989897 0.99999999999997591  2.4580776858997314e-14 1.0000000000000178 
 1.5515838457795457e-17 2 0.072936438303278492 2
7 0 0  1 2 2  4.4647107540027476e-14 1.0000000000000175  2.6951613536785074e-14 0.32821203788757547 
 -40.79905412816106 2 14.017572729582273 2
7 0 0  1 2 2  1.000000000000496 0.99999999999981393  1.0000000000003655 0.32821203788759906 
 -40.79905412816106 2 14.017572729582273 2
7 0 0  3 47 45  0.028206692570102956 0.24786528069814506  0.028736211620174656 0.24594159505581015  0.029778573740878656 0.24208975300925833  0.031292781599861909 0.23629898456478188  0.032758349577754239 0.23049561375976704  0.034175963228960077 0.22468005724743112  0.035546306311877392 0.21885263479465838  0.036870040567818806 0.2130139949651895  0.038148407758211454 0.2071604353639091  0.039381030362189359 0.20129581438522945  0.040567797006063638 0.19542283212935208  0.041708476583013188 0.18954504976262795  0.042803117921188918 0.18366377650712448  0.043850831912919219 0.17778849824726944  0.044851108844009537 0.17192609413131821  0.04580437734549362 0.16607528651163544  0.046710809295811902 0.16023697686245025  0.047570639988120778 0.15441147648239256  0.048384082513731073 0.14859924862580942  0.049151350042522343 0.14280071011068579  0.049872652325210695 0.13701628356781365  0.050548187436411478 0.1312463876246984  0.05117817835714282 0.12549142468559765  0.051762734982570391 0.11975184036863304  0.052302369612480928 0.11402789869483672  0.052796576392060632 0.10832030159140046  0.05324445181555322 0.10262993334851492  0.053645209942215666 0.09695763490200407  0.053998044191293754 0.091304264815796274  0.054302163547937883 0.085670679596564991  0.054556784554167272 0.080057750040629552  0.054761125761303847 0.074466314178441254  0.054914436568945971 0.068897347853091401  0.055015886078657955 0.063351328219355976  0.055064977529562249 0.057830607978281774  0.055060000423869625 0.052330553798028624  0.054998187987321742 0.04685449831050615  0.054878012183652417 0.041412750834275071  0.054697635526655283 0.036013832953905152  0.054455314057479484 0.030666487927348315  0.054149316101259594 0.025380395431022162  0.053778387008046484 0.020158571228850307  0.053339240178735765 0.015004505495741872  0.052828923219054309 0.009921956223338347  0.052244418577281085 0.0049146206293300791  0.05180331005777275 0.0016290228564339226  0.051569398789855413 -2.9088233857808675e-14 
 0.006064801436169498 4 0.0064918611615328164 1 0.0069189208868961358 1 0.0073459806122594543 1 0.0077730403376227736 1 0.0082001000629860921 1 0.0086271597883494106 1 0.0090542195137127291 1 0.0094812792390760493 1 0.0099083389644393678 1 0.010335398689802686 1 0.010762458415166005 1 0.011189518140529323 1 0.011616577865892642 1 0.01204363759125596 1 0.01247069731661928 1 0.012897757041982599 1 0.013324816767345917 1 0.013751876492709238 1 0.014178936218072556 1 0.014605995943435875 1 0.015033055668799193 1 0.015460115394162512 1 0.01588717511952583 1 0.016314234844889149 1 0.016741294570252467 1 0.017168354295615786 1 0.017595414020979104 1 0.018022473746342423 1 0.018449533471705741 1 0.018876593197069063 1 0.019303652922432381 1 0.0197307126477957 1 0.020157772373159018 1 0.020584832098522337 1 0.021011891823885659 1 0.021438951549248977 1 0.021866011274612292 1 0.022293070999975614 1 0.022720130725338933 1 0.023147190450702251 1 0.02357425017606557 1 0.024001309901428888 1 0.024428369626792207 1 0.024855429352155525 4
7 0 0  3 47 45  6.2831853071795862 -45.128083158111295  6.2765113817782332 -45.243504257375029  6.2631864013865437 -45.474614464658458  6.2432572112084239 -45.822059908952696  6.2233759204118142 -46.170262016712798  6.2035323236837643 -46.519195837551365  6.1837160122578574 -46.86884192002185  6.163917833140812 -47.219160297398652  6.1441142384897276 -47.570374434987897  6.1243070839131395 -47.922251982019922  6.1044942912932392 -48.274630811254298  6.0846766939582073 -48.627297186162664  6.0648473495216297 -48.980173583839395  6.0450273924923561 -49.332689236175838  6.0252291233233208 -49.684430566553331  6.0054366104815022 -50.035475990688859  5.9856412661405942 -50.385772095712483  5.9658323486790508 -50.735300790766502  5.945999543236911 -51.08403452553091  5.9261323030486066 -51.431948265522912  5.9062200706438333 -51.779016372372993  5.886252221108621 -52.125213107421473  5.8662182408721106 -52.470513737055747  5.8461072473249889 -52.814889607765572  5.8259099159572161 -53.158326740583732  5.805614445167337 -53.500784973158822  5.7852068974747715 -53.842209461648153  5.7646731312970987 -54.182549306425763  5.7439983388227986 -54.52175251249011  5.7231672084464336 -54.859767522125381  5.7021639985601009 -55.196542123848239  5.6809723605248497 -55.53202628395978  5.6595762767004469 -55.866161911390904  5.6379568166493046 -56.198920966768682  5.6161045380876073 -56.530163261306122  5.5939735285134411 -56.860167152175976  5.571540902612961 -57.188730994579025  5.5488191728297167 -57.515235913772791  5.5258105751007554 -57.839170578371522  5.5025178585932233 -58.160010713505962  5.4789465326067228 -58.47717627488413  5.4550785410129903 -58.790486586866528  5.4308798724142644 -59.099730971555729  5.4063183859158856 -59.404683711545403  5.3813597213095337 -59.705123120637744  5.3644319966808718 -59.902258658418958  5.3558900891780556 -60.000000000001123 
 0.006064801436169498 4 0.0064918611615328164 1 0.0069189208868961358 1 0.0073459806122594543 1 0.0077730403376227736 1 0.0082001000629860921 1 0.0086271597883494106 1 0.0090542195137127291 1 0.0094812792390760493 1 0.0099083389644393678 1 0.010335398689802686 1 0.010762458415166005 1 0.011189518140529323 1 0.011616577865892642 1 0.01204363759125596 1 0.01247069731661928 1 0.012897757041982599 1 0.013324816767345917 1 0.013751876492709238 1 0.014178936218072556 1 0.014605995943435875 1 0.015033055668799193 1 0.015460115394162512 1 0.01588717511952583 1 0.016314234844889149 1 0.016741294570252467 1 0.017168354295615786 1 0.017595414020979104 1 0.018022473746342423 1 0.018449533471705741 1 0.018876593197069063 1 0.019303652922432381 1 0.0197307126477957 1 0.020157772373159018 1 0.020584832098522337 1 0.021011891823885659 1 0.021438951549248977 1 0.021866011274612292 1 0.022293070999975614 1 0.022720130725338933 1 0.023147190450702251 1 0.02357425017606557 1 0.024001309901428888 1 0.024428369626792207 1 0.024855429352155525 4
7 0 0  3 47 45  0.9484265896403824 -2.3213037405583799e-14  0.94811744911354867 0.0021534189690169039  0.94754603657159997 0.0065030636799336804  0.94682268061218466 0.0131483217414201  0.94622628584767099 0.019906744530952609  0.94574990703879414 0.026770695084299766  0.94538675058056176 0.033732746626459774  0.94512913830512602 0.040784846130806143  0.94497402451252177 0.047922864220702098  0.94491911632079784 0.055143146636222627  0.94496175817764427 0.062442346059859252  0.94509930490718197 0.069814994696533475  0.94532929535121413 0.077263855367617235  0.94564837152639636 0.084760955277324038  0.9460540902162643 0.092279242932620756  0.94654486428185014 0.099822445518321215  0.94711882367287525 0.10738602237511589  0.94777420717624339 0.1149678069726509  0.94850892734873038 0.12256449235040126  0.94932243858275323 0.13017703772975903  0.95021467455229291 0.13780431912110352  0.95118541174436011 0.14544534899674161  0.9522344723412608 0.15309909991087559  0.95336164879815788 0.16076454575930321  0.95456680229028101 0.16844067274656022  0.95585094610016907 0.17612675038664977  0.95721504854499728 0.1838220137821501  0.95866010077414576 0.19152567630194769  0.96018715614109706 0.19923696113833422  0.9617971047920667 0.20695495776377779  0.96349191701433334 0.21467924816751729  0.96527334681756705 0.2224083191972524  0.96714418075370778 0.23014460020834537  0.96910578776693723 0.23788311112505148  0.97115485379785838 0.2456013332937905  0.97328980566681056 0.25328644221674196  0.97551367798320154 0.2609416075157755  0.9778287576749044 0.26856441188063213  0.98023755581278271 0.27615389617801323  0.98274260034374794 0.283708657339586  0.98534628606917529 0.291227406490221  0.98805163687722919 0.29870864240500156  0.99086322158436979 0.30615045483351799  0.99378538546938477 0.31355093810825874  0.99682258876144092 0.32090811660078927  0.99892708244169826 0.32578266306134346  0.99999999999999523 0.32821203788766323 
 1.0866626878440356e-16 4 0.00056726809109650458 1 0.0011345361821929005 1 0.0017018042732892965 1 0.0022690723643856926 1 0.0028363404554820888 1 0.0034036085465784845 1 0.0039708766376748798 1 0.004538144728771276 1 0.0051054128198676722 1 0.0056726809109640683 1 0.0062399490020604636 1 0.0068072170931568598 1 0.0073744851842532559 1 0.0079417532753496521 1 0.0085090213664460491 1 0.0090762894575424444 1 0.0096435575486388397 1 0.010210825639735237 1 0.010778093730831632 1 0.011345361821928029 1 0.011912629913024424 1 0.01247989800412082 1 0.013047166095217217 1 0.013614434186313612 1 0.014181702277410007 1 0.014748970368506404 1 0.0153162384596028 1 0.015883506550699193 1 0.01645077464179559 1 0.017018042732891987 1 0.017585310823988381 1 0.018152578915084778 1 0.018719847006181175 1 0.019287115097277568 1 0.019854383188373965 1 0.020421651279470363 1 0.020988919370566756 1 0.021556187461663153 1 0.02212345555275955 1 0.022690723643855947 1 0.023257991734952341 1 0.023825259826048738 1 0.024392527917145135 1 0.024959796008241528 4
7 0 0  3 47 45  4.0688878715913361 -60.000000000000909  4.0575964346077678 -59.870794981456264  4.0353085446890695 -59.609817579304618  4.002678511975474 -59.211104915857078  3.9707658574094804 -58.805600369556686  3.9394906161002008 -58.393761619368973  3.9087777018256125 -57.976035195466075  3.8785536011590662 -57.552909221595371  3.848770074837542 -57.124629033852131  3.8193834558876163 -56.691412680039612  3.7903477141092337 -56.253460572342689  3.7616274115247279 -55.811100845344839  3.7331573293004432 -55.364168379653528  3.7049925961340695 -54.914343349381696  3.6771924075281266 -54.463247322667343  3.6496988193925635 -54.010655492889711  3.622486798412722 -53.556840091790029  3.5955239219048902 -53.10193157242044  3.568782591347226 -52.646130464227603  3.5422270499359922 -52.18937738430791  3.515831677369563 -51.731740288772521  3.4895700347572651 -51.273278584702673  3.4634165336173304 -50.814053776558112  3.43734602557522 -50.354127528314372  3.41133452475444 -49.893558768505372  3.3853596069239562 -49.432392427584062  3.3593982471757471 -48.970676229195398  3.3334274605969094 -48.508457535342373  3.3074241309376675 -48.045782361403674  3.2813656969671987 -47.582702470897445  3.2552279448356374 -47.119244701181906  3.2289895393710575 -46.655500774693216  3.2026151444258342 -46.191324491501462  3.1760937144139536 -45.72701411612848  3.1494741544807097 -45.263920168426239  3.1227729329099154 -44.802812019149307  3.0959506589154473 -44.343499037758029  3.0689848536899098 -43.886130124370901  3.0418474429557922 -43.430762941788821  3.0145108237350553 -42.977480571425097  2.9869469283386723 -42.526355657560778  2.9591259478232996 -42.077475757369754  2.9310122769590312 -41.630963642991624  2.9025689963849213 -41.186935754861281  2.8737574088632565 -40.745510230571497  2.8542770671382223 -40.453039910715887  2.8444620638821747 -40.307277726741845 
 1.0866626878440356e-16 4 0.00056726809109650458 1 0.0011345361821929005 1 0.0017018042732892965 1 0.0022690723643856926 1 0.0028363404554820888 1 0.0034036085465784845 1 0.0039708766376748798 1 0.004538144728771276 1 0.0051054128198676722 1 0.0056726809109640683 1 0.0062399490020604636 1 0.0068072170931568598 1 0.0073744851842532559 1 0.0079417532753496521 1 0.0085090213664460491 1 0.0090762894575424444 1 0.0096435575486388397 1 0.010210825639735237 1 0.010778093730831632 1 0.011345361821928029 1 0.011912629913024424 1 0.01247989800412082 1 0.013047166095217217 1 0.013614434186313612 1 0.014181702277410007 1 0.014748970368506404 1 0.0153162384596028 1 0.015883506550699193 1 0.01645077464179559 1 0.017018042732891987 1 0.017585310823988381 1 0.018152578915084778 1 0.018719847006181175 1 0.019287115097277568 1 0.019854383188373965 1 0.020421651279470363 1 0.020988919370566756 1 0.021556187461663153 1 0.02212345555275955 1 0.022690723643855947 1 0.023257991734952341 1 0.023825259826048738 1 0.024392527917145135 1 0.024959796008241528 4
7 0 0  1 2 2  0.99999999999999767 0.32821203788766473  0.99999999999989198 0.99999999999997558 
 -14.017572729575692 2 40.799054128161373 2
7 0 0  1 2 2  4.6928422964375125e-14 0.32821203788766895  -2.9401986830950524e-13 0.99999999999976297 
 -14.017572729575692 2 40.799054128161373 2
7 0 0  1 2 2  0.99999999999989897 0.99999999999997591  8.8184732544820703e-15 1.0000000000000178 
 1.5515838457795457e-17 2 0.072936438303279574 2
1 6.2831853071795862 -5 -1 0 
1 0 0 1 0 
1 0 0 1 0 
1 0 0 1 0 
1 0 0 1 0 
1 0 0 1 0 
1 0 0 1 0 
1 0 0 1 0 
1 0 0 1 0 
7 0 0  3 69 67  4.4152583906770726 -40.307277726741837  4.4114417464379381 -40.250597740545501  4.403759707881723 -40.13792641115743  4.3920839723477121 -39.971054832069264  4.3802491995023676 -39.806388153056098  4.3682487922443363 -39.643995862345704  4.3560760075009712 -39.483947436477898  4.3437239386864279 -39.326312395597867  4.3311855434091715 -39.171160097117095  4.3184536058837555 -39.018560505776271  4.3055209227551554 -38.868581319733558  4.2923743199162683 -38.721367968073984  4.2790011766946918 -38.577045426443675  4.2653898597187156 -38.435757744022744  4.2515230091761671 -38.297589272091905  4.2373707420118745 -38.162625502510402  4.2229691310723085 -38.031505659781288  4.2083390649266512 -37.904739169630382  4.1935119347013634 -37.782938287659469  4.1784720748775097 -37.666238129212672  4.1632062230255578 -37.554841056750227  4.1477004413256591 -37.448952858913593  4.1319482099109344 -37.348809504657943  4.1158934383053571 -37.254432529141525  4.0995603026525709 -37.166319357429479  4.0829756120122624 -37.084956000005455  4.06613893627478 -37.010752551787846  4.0491724002415417 -36.944497105345647  4.0320847615144153 -36.886403865660739  4.0148590700549347 -36.836647929089672  3.9975073272442199 -36.795403132975295  3.9799457619951393 -36.76288934112133  3.9622173136275385 -36.739392736119754  3.9444067065357173 -36.725160592660735  3.9265789505264017 -36.720500366979806  3.908835030285077 -36.725517697032991  3.891194716203243 -36.739877686726793  3.8736412615336699 -36.763462248082632  3.8561785226962204 -36.79604064715231  3.8387654585243856 -36.837615925750931  3.8214029039940618 -36.888086294800779  3.8041841745203322 -36.946868326709264  3.7871782617427305 -37.013515521378189  3.7704645240134727 -37.087495808908315  3.7540135823839926 -37.168382268672168  3.7378136035471488 -37.255954291226011  3.721850630404631 -37.349938749521172  3.7061085858573355 -37.450091410886301  3.6905603889439655 -37.556387748475103  3.6752233601500706 -37.668416339543832  3.6601081246877545 -37.785815785951669  3.645221570515941 -37.908295865909778  3.6306404891748887 -38.034663837589108  3.6163394264262529 -38.164869741264994  3.6023063034992719 -38.298722803217217  3.5885257574247578 -38.436069716792112  3.5749836227966627 -38.5767481210654  3.561665837809425 -38.720594405128551  3.5485584881470116 -38.867459012280854  3.5356488552382905 -39.0171374189744  3.5229204375696148 -39.169665532978044  3.5103706875383769 -39.324946910868974  3.4979971111011232 -39.482841664335254  3.485797387531703 -39.643221546089443  3.4737693396898064 -39.805955189635341  3.4619109498916485 -39.970912064286985  3.4502203394715156 -40.1379614153267  3.4425373430500481 -40.250635504010937  3.4387232432972565 -40.30727772674507 
 2.9667321830339967e-16 4 0.00022048976779545694 1 0.00044097953559061725 1 0.00066146930338577747 1 0.00088195907118093775 1 0.001102448838976098 1 0.0013229386067712583 1 0.0015434283745664186 1 0.0017639181423615789 1 0.0019844079101567391 1 0.0022048976779518994 1 0.0024253874457470597 1 0.00264587721354222 1 0.0028663669813373802 1 0.0030868567491325405 1 0.0033073465169277008 1 0.0035278362847228611 1 0.0037483260525180214 1 0.0039688158203131816 1 0.0041893055881083423 1 0.0044097953559035022 1 0.004630285123698662 1 0.0048507748914938227 1 0.0050712646592889835 1 0.0052917544270841433 1 0.0055122441948793031 1 0.0057327339626744639 1 0.0059532237304696246 1 0.0061737134982647844 1 0.0063942032660599443 1 0.006614693033855105 1 0.0068351828016502657 1 0.0070556725694454255 1 0.0072761623372405854 1 0.0074966521050357461 1 0.0077171418728309068 1 0.0079376316406260666 1 0.0081581214084212265 1 0.0083786111762163881 1 0.0085991009440115479 1 0.0088195907118067077 1 0.0090400804796018676 1 0.0092605702473970274 1 0.009481060015192189 1 0.0097015497829873489 1 0.0099220395507825087 1 0.01014252931857767 1 0.01036301908637283 1 0.01058350885416799 1 0.01080399862196315 1 0.01102448838975831 1 0.011244978157553471 1 0.011465467925348631 1 0.011685957693143791 1 0.011906447460938952 1 0.012126937228734112 1 0.012347426996529272 1 0.012567916764324432 1 0.012788406532119592 1 0.013008896299914753 1 0.013229386067709913 1 0.013449875835505073 1 0.013670365603300235 1 0.013890855371095395 1 0.014111345138890554 1 0.014331834906685714 1 0.014552324674480874 4
7 0 0  3 69 67  2.1781037417190196e-14 0.32821203788766729  0.0040929450156357147 0.32915669912019907  0.012310533436964442 0.33103443095101465  0.024741910917504321 0.33381527795348948  0.037288209765978415 0.33655942072227701  0.049959262557772881 0.33926581703871017  0.062764822364406198 0.34193336200403768  0.075714545896268318 0.344560875773957  0.088817965925294354 0.34714710393993015  0.10208453391062244 0.34969070493657972  0.11552338540701373 0.35219027582452289  0.12914946059825544 0.35464376034785788  0.14297697935349135 0.35704915302069001  0.15701876161920825 0.35940403997609927  0.17129323688481268 0.3617068607562719  0.18583138726185758 0.36395638204022951  0.20059589811330009 0.36614170339712698  0.21556526288317829 0.36825435169950615  0.23070727863885196 0.37028435531450027  0.24603708498678847 0.37222945579781164  0.26156760940678547 0.37408603773556343  0.27731464956898766 0.37585078271438205  0.29328716831161872 0.37751983589601851  0.30954462448151565 0.37909288387915807  0.32606449665802506 0.38056145907671834  0.34282181021451569 0.38191742228522241  0.35981918661383144 0.38315413137516702  0.37693540248552854 0.38425829671727185  0.39416356861237783 0.38522646666054494  0.41152259119061879 0.3860558431709834  0.4290020039477157 0.38674321584427956  0.44668780160505439 0.38728550293273328  0.4645378316798825 0.38767736247708195  0.48246812435166825 0.38791425211532526  0.50041460365346979 0.38799160610261707  0.51827672576155015 0.38790799418080857  0.53603570992230831 0.38766855968621494  0.55370962860522377 0.38727556639244881  0.57129591021824888 0.38673262282424437  0.58883714521726382 0.3860399202719933  0.60633411213582322 0.38519911375191473  0.62369478678239942 0.38421923723568668  0.64085137690917204 0.38310802231438934  0.65772514336992294 0.38187504824352347  0.67434786793655055 0.38052679661877425  0.69073341833296453 0.37906730358280089  0.70689807038350894 0.37750102596452556  0.72286048185575169 0.37583182419142591  0.73865081628203022 0.37406043548935525  0.75425422886778914 0.37219331357714242  0.7696615770297891 0.3702363959832633  0.78486508733282578 0.36819508775443777  0.79978545818294966 0.3660882798717448  0.81444775953099191 0.36391748538314733  0.82886397387328636 0.36168615636762508  0.84304981138719715 0.35939701462045176  0.85702015806334031 0.35705276562860977  0.87079017045144058 0.35465598091814382  0.88437518866776588 0.35220891992987508  0.89778975907098835 0.34971442189178564  0.91105224286386033 0.34717211490981054  0.92416709015491161 0.34458391175354558  0.93713897915725419 0.34195219391601694  0.94997259200533779 0.33927916111779255  0.96267265769226518 0.33656700950935825  0.97524392386684178 0.33381788653239819  0.98769115005138863 0.33103391009836208  0.99590977589170304 0.32915607240492822  1.0000000000000957 0.32821203788761383 
 2.9667321830339967e-16 4 0.00022048976779545694 1 0.00044097953559061725 1 0.00066146930338577747 1 0.00088195907118093775 1 0.001102448838976098 1 0.0013229386067712583 1 0.0015434283745664186 1 0.0017639181423615789 1 0.0019844079101567391 1 0.0022048976779518994 1 0.0024253874457470597 1 0.00264587721354222 1 0.0028663669813373802 1 0.0030868567491325405 1 0.0033073465169277008 1 0.0035278362847228611 1 0.0037483260525180214 1 0.0039688158203131816 1 0.0041893055881083423 1 0.0044097953559035022 1 0.004630285123698662 1 0.0048507748914938227 1 0.0050712646592889835 1 0.0052917544270841433 1 0.0055122441948793031 1 0.0057327339626744639 1 0.0059532237304696246 1 0.0061737134982647844 1 0.0063942032660599443 1 0.006614693033855105 1 0.0068351828016502657 1 0.0070556725694454255 1 0.0072761623372405854 1 0.0074966521050357461 1 0.0077171418728309068 1 0.0079376316406260666 1 0.0081581214084212265 1 0.0083786111762163881 1 0.0085991009440115479 1 0.0088195907118067077 1 0.0090400804796018676 1 0.0092605702473970274 1 0.009481060015192189 1 0.0097015497829873489 1 0.0099220395507825087 1 0.01014252931857767 1 0.01036301908637283 1 0.01058350885416799 1 0.01080399862196315 1 0.01102448838975831 1 0.011244978157553471 1 0.011465467925348631 1 0.011685957693143791 1 0.011906447460938952 1 0.012126937228734112 1 0.012347426996529272 1 0.012567916764324432 1 0.012788406532119592 1 0.013008896299914753 1 0.013229386067709913 1 0.013449875835505073 1 0.013670365603300235 1 0.013890855371095395 1 0.014111345138890554 1 0.014331834906685714 1 0.014552324674480874 4
7 0 0  3 69 67  5.9860547174719674 -40.307277726741845  5.9822380732328346 -40.25059774054548  5.9745560346766204 -40.137926411157423  5.962880299142606 -39.971054832069271  5.9510455262972659 -39.806388153056112  5.9390451190392328 -39.643995862345733  5.9268723342958678 -39.483947436477969  5.9145202654813307 -39.326312395597895  5.9019818702040681 -39.171160097117173  5.8892499326786529 -39.018560505776335  5.8763172495500511 -38.868581319733629  5.8631706467111622 -38.721367968074041  5.8497975034895902 -38.577045426443718  5.8361861865136131 -38.435757744022759  5.8223193359710654 -38.297589272091933  5.8081670688067737 -38.162625502510458  5.7937654578672069 -38.031505659781367  5.7791353917215549 -37.904739169630446  5.7643082614962653 -37.782938287659569  5.7492684016724089 -37.666238129212744  5.7340025498204614 -37.554841056750277  5.7184967681205565 -37.448952858913636  5.7027445367058345 -37.348809504657993  5.686689765100259 -37.254432529141546  5.670356629447471 -37.166319357429465  5.6537719388071652 -37.084956000005448  5.6369352630696792 -37.010752551787789  5.6199687270364436 -36.944497105345633  5.6028810883093181 -36.886403865660746  5.5856553968498348 -36.836647929089679  5.5683036540391244 -36.795403132975331  5.5507420887900425 -36.76288934112133  5.5330136404224426 -36.73939273611974  5.5152030333306197 -36.725160592660721  5.4973752773213054 -36.720500366979749  5.4796313570799811 -36.725517697032942  5.4619910429981493 -36.739877686726764  5.4444375883285705 -36.763462248082597  5.4269748494911285 -36.796040647152296  5.4095617853192897 -36.837615925750931  5.3921992307889681 -36.888086294800758  5.3749805013152372 -36.946868326709243  5.357974588537636 -37.013515521378196  5.3412608508083759 -37.087495808908301  5.3248099091788967 -37.168382268672133  5.3086099303420511 -37.255954291225954  5.2926469571995343 -37.349938749521115  5.2769049126522374 -37.450091410886252  5.2613567157388692 -37.556387748475053  5.2460196869449733 -37.668416339543803  5.2309044514826555 -37.785815785951613  5.2160178973108424 -37.908295865909722  5.2014368159697888 -38.034663837589079  5.1871357532211562 -38.164869741264958  5.1731026302941716 -38.298722803217196  5.159322084219661 -38.436069716792076  5.1457799495915619 -38.576748121065378  5.1324621646043251 -38.720594405128523  5.1193548149419099 -38.86745901228084  5.1064451820331929 -39.017137418974372  5.0937167643645127 -39.16966553297803  5.0811670143332712 -39.324946910868952  5.0687934378960211 -39.482841664335261  5.0565937143266035 -39.643221546089421  5.0445656664847043 -39.805955189635348  5.0327072766865442 -39.970912064286992  5.0210166662664122 -40.137961415326671  5.0133336698449442 -40.250635504010937  5.0095195700921531 -40.30727772674507 
 2.8994282552341736e-16 4 0.0002204897677954503 1 0.00044097953559061069 1 0.00066146930338577097 1 0.00088195907118093135 1 0.0011024488389760917 1 0.001322938606771252 1 0.0015434283745664125 1 0.0017639181423615728 1 0.0019844079101567335 1 0.0022048976779518938 1 0.0024253874457470541 1 0.0026458772135422143 1 0.0028663669813373746 1 0.0030868567491325353 1 0.0033073465169276956 1 0.0035278362847228559 1 0.0037483260525180162 1 0.0039688158203131764 1 0.0041893055881083363 1 0.004409795355903497 1 0.0046302851236986568 1 0.0048507748914938175 1 0.0050712646592889783 1 0.0052917544270841381 1 0.0055122441948792988 1 0.0057327339626744587 1 0.0059532237304696194 1 0.0061737134982647801 1 0.0063942032660599399 1 0.0066146930338551006 1 0.0068351828016502605 1 0.0070556725694454212 1 0.0072761623372405819 1 0.0074966521050357417 1 0.0077171418728309025 1 0.0079376316406260632 1 0.008158121408421223 1 0.0083786111762163828 1 0.0085991009440115444 1 0.0088195907118067043 1 0.0090400804796018641 1 0.009260570247397024 1 0.0094810600151921855 1 0.0097015497829873454 1 0.0099220395507825052 1 0.010142529318577667 1 0.010363019086372827 1 0.010583508854167986 1 0.010803998621963148 1 0.011024488389758308 1 0.011244978157553468 1 0.011465467925348628 1 0.011685957693143789 1 0.011906447460938949 1 0.012126937228734109 1 0.01234742699652927 1 0.01256791676432443 1 0.01278840653211959 1 0.013008896299914752 1 0.013229386067709912 1 0.013449875835505071 1 0.013670365603300231 1 0.013890855371095393 1 0.014111345138890553 1 0.014331834906685713 1 0.014552324674480874 4
7 0 0  3 69 67  2.2088823808778151e-14 0.32821203788766751  0.0040929450156347944 0.32915669912019924  0.012310533436962819 0.3310344309510147  0.024741910917504092 0.33381527795348948  0.037288209765977742 0.33655942072227674  0.049959262557770834 0.33926581703871012  0.062764822364403283 0.34193336200403718  0.075714545896268831 0.34456087577395639  0.088817965925287248 0.34714710393992959  0.1020845339106241 0.34969070493657928  0.11552338540701035 0.35219027582452234  0.12914946059825649 0.35464376034785772  0.1429769793534908 0.35704915302068985  0.15701876161920755 0.35940403997609927  0.17129323688481174 0.36170686075627156  0.18583138726185497 0.36395638204022862  0.20059589811329678 0.36614170339712609  0.21556526288317079 0.36825435169950516  0.23070727863884744 0.3702843553144991  0.24603708498678448 0.37222945579781042  0.26156760940678186 0.37408603773556243  0.27731464956898488 0.37585078271438149  0.29328716831161417 0.37751983589601795  0.30954462448151149 0.37909288387915779  0.32606449665802378 0.3805614590767179  0.34282181021451097 0.3819174222852218  0.35981918661382956 0.38315413137516646  0.37693540248552393 0.38425829671727124  0.39416356861237234 0.38522646666054461  0.41152259119061546 0.38605584317098279  0.42900200394770877 0.38674321584427918  0.4466878016050459 0.38728550293273339  0.46453783167987822 0.38767736247708151  0.48246812435166042 0.38791425211532549  0.50041460365346124 0.38799160610261663  0.5182767257615446 0.3879079941808089  0.53603570992229777 0.38766855968621505  0.55370962860521689 0.38727556639244864  0.57129591021824033 0.38673262282424431  0.58883714521725306 0.3860399202719928  0.60633411213581523 0.38519911375191501  0.62369478678238877 0.38421923723568674  0.64085137690916549 0.3831080223143894  0.65772514336991506 0.38187504824352358  0.67434786793654111 0.38052679661877481  0.69073341833295687 0.37906730358280133  0.70689807038350283 0.37750102596452612  0.7228604818557447 0.37583182419142619  0.73865081628202467 0.37406043548935591  0.7542542288677847 0.37219331357714314  0.76966157702978411 0.37023639598326391  0.78486508733282101 0.36819508775443843  0.799785458182945 0.3660882798717453  0.81444775953098725 0.36391748538314805  0.82886397387328214 0.36168615636762552  0.84304981138719282 0.35939701462045254  0.85702015806333809 0.35705276562860988  0.87079017045143614 0.3546559809181446  0.8843751886677651 0.35220891992987535  0.89778975907098368 0.34971442189178609  0.91105224286385666 0.34717211490981092  0.92416709015491083 0.34458391175354547  0.93713897915725286 0.34195219391601706  0.94997259200533679 0.33927916111779294  0.96267265769226396 0.33656700950935853  0.97524392386684344 0.3338178865323983  0.98769115005138686 0.33103391009836203  0.99590977589170182 0.32915607240492817  1.0000000000000957 0.32821203788761383 
 2.8994282552341736e-16 4 0.0002204897677954503 1 0.00044097953559061069 1 0.00066146930338577097 1 0.00088195907118093135 1 0.0011024488389760917 1 0.001322938606771252 1 0.0015434283745664125 1 0.0017639181423615728 1 0.0019844079101567335 1 0.0022048976779518938 1 0.0024253874457470541 1 0.0026458772135422143 1 0.0028663669813373746 1 0.0030868567491325353 1 0.0033073465169276956 1 0.0035278362847228559 1 0.0037483260525180162 1 0.0039688158203131764 1 0.0041893055881083363 1 0.004409795355903497 1 0.0046302851236986568 1 0.0048507748914938175 1 0.0050712646592889783 1 0.0052917544270841381 1 0.0055122441948792988 1 0.0057327339626744587 1 0.0059532237304696194 1 0.0061737134982647801 1 0.0063942032660599399 1 0.0066146930338551006 1 0.0068351828016502605 1 0.0070556725694454212 1 0.0072761623372405819 1 0.0074966521050357417 1 0.0077171418728309025 1 0.0079376316406260632 1 0.008158121408421223 1 0.0083786111762163828 1 0.0085991009440115444 1 0.0088195907118067043 1 0.0090400804796018641 1 0.009260570247397024 1 0.0094810600151921855 1 0.0097015497829873454 1 0.0099220395507825052 1 0.010142529318577667 1 0.010363019086372827 1 0.010583508854167986 1 0.010803998621963148 1 0.011024488389758308 1 0.011244978157553468 1 0.011465467925348628 1 0.011685957693143789 1 0.011906447460938949 1 0.012126937228734109 1 0.01234742699652927 1 0.01256791676432443 1 0.01278840653211959 1 0.013008896299914752 1 0.013229386067709912 1 0.013449875835505071 1 0.013670365603300231 1 0.013890855371095393 1 0.014111345138890553 1 0.014331834906685713 1 0.014552324674480874 4
7 0 0  3 69 67  2.8444620638821747 -40.307277726741845  2.8406454196430402 -40.25059774054548  2.8329633810868264 -40.137926411157423  2.8212876455528146 -39.971054832069271  2.8094528727074715 -39.806388153056112  2.7974524654494406 -39.643995862345733  2.7852796807060751 -39.483947436477969  2.7729276118915358 -39.326312395597895  2.7603892166142763 -39.171160097117173  2.7476572790888585 -39.018560505776335  2.7347245959602589 -38.868581319733629  2.7215779931213695 -38.721367968074041  2.7082048498997957 -38.577045426443718  2.6945935329238213 -38.435757744022759  2.6807266823812719 -38.297589272091933  2.666574415216981 -38.162625502510458  2.6521728042774142 -38.031505659781367  2.6375427381317618 -37.904739169630446  2.6227156079064722 -37.782938287659569  2.6076757480826167 -37.666238129212744  2.592409896230667 -37.554841056750277  2.5769041145307652 -37.448952858913636  2.5611518831160418 -37.348809504657993  2.5450971115104664 -37.254432529141546  2.5287639758576783 -37.166319357429465  2.5121792852173712 -37.084956000005448  2.4953426094798883 -37.010752551787789  2.4783760734466491 -36.944497105345633  2.4612884347195254 -36.886403865660746  2.4440627432600421 -36.836647929089679  2.42671100044933 -36.795403132975331  2.4091494352002512 -36.76288934112133  2.3914209868326481 -36.73939273611974  2.3736103797408283 -36.725160592660721  2.3557826237315136 -36.720500366979749  2.3380387034901875 -36.725517697032942  2.3203983894083562 -36.739877686726764  2.3028449347387783 -36.763462248082597  2.2853821959013336 -36.796040647152296  2.2679691317294979 -36.837615925750931  2.2506065771991732 -36.888086294800758  2.2333878477254454 -36.946868326709243  2.2163819349478424 -37.013515521378196  2.1996681972185828 -37.087495808908301  2.1832172555891045 -37.168382268672133  2.1670172767522584 -37.255954291225954  2.1510543036097411 -37.349938749521115  2.1353122590624443 -37.450091410886252  2.1197640621490756 -37.556387748475053  2.1044270333551811 -37.668416339543803  2.0893117978928615 -37.785815785951613  2.0744252437210506 -37.908295865909722  2.0598441623799957 -38.034663837589079  2.0455430996313626 -38.164869741264958  2.0315099767043794 -38.298722803217196  2.017729430629867 -38.436069716792076  2.0041872960017693 -38.576748121065378  1.9908695110145336 -38.720594405128523  1.9777621613521164 -38.86745901228084  1.9648525284433997 -39.017137418974372  1.9521241107747198 -39.16966553297803  1.9395743607434801 -39.324946910868952  1.9272007843062284 -39.482841664335261  1.9150010607368089 -39.643221546089421  1.9029730128949123 -39.805955189635348  1.8911146230967515 -39.970912064286992  1.8794240126766184 -40.137961415326671  1.8717410162551511 -40.250635504010937  1.86792691650236 -40.30727772674507 
 2.8994282552341736e-16 4 0.0002204897677954503 1 0.00044097953559061069 1 0.00066146930338577097 1 0.00088195907118093135 1 0.0011024488389760917 1 0.001322938606771252 1 0.0015434283745664125 1 0.0017639181423615728 1 0.0019844079101567335 1 0.0022048976779518938 1 0.0024253874457470541 1 0.0026458772135422143 1 0.0028663669813373746 1 0.0030868567491325353 1 0.0033073465169276956 1 0.0035278362847228559 1 0.0037483260525180162 1 0.0039688158203131764 1 0.0041893055881083363 1 0.004409795355903497 1 0.0046302851236986568 1 0.0048507748914938175 1 0.0050712646592889783 1 0.0052917544270841381 1 0.0055122441948792988 1 0.0057327339626744587 1 0.0059532237304696194 1 0.0061737134982647801 1 0.0063942032660599399 1 0.0066146930338551006 1 0.0068351828016502605 1 0.0070556725694454212 1 0.0072761623372405819 1 0.0074966521050357417 1 0.0077171418728309025 1 0.0079376316406260632 1 0.008158121408421223 1 0.0083786111762163828 1 0.0085991009440115444 1 0.0088195907118067043 1 0.0090400804796018641 1 0.009260570247397024 1 0.0094810600151921855 1 0.0097015497829873454 1 0.0099220395507825052 1 0.010142529318577667 1 0.010363019086372827 1 0.010583508854167986 1 0.010803998621963148 1 0.011024488389758308 1 0.011244978157553468 1 0.011465467925348628 1 0.011685957693143789 1 0.011906447460938949 1 0.012126937228734109 1 0.01234742699652927 1 0.01256791676432443 1 0.01278840653211959 1 0.013008896299914752 1 0.013229386067709912 1 0.013449875835505071 1 0.013670365603300231 1 0.013890855371095393 1 0.014111345138890553 1 0.014331834906685713 1 0.014552324674480874 4
7 0 0  3 69 67  2.2088823808778151e-14 0.32821203788766751  0.0040929450156347944 0.32915669912019924  0.012310533436962819 0.3310344309510147  0.024741910917504092 0.33381527795348948  0.037288209765977742 0.33655942072227674  0.049959262557770834 0.33926581703871012  0.062764822364403283 0.34193336200403718  0.075714545896268831 0.34456087577395639  0.088817965925287248 0.34714710393992959  0.1020845339106241 0.34969070493657928  0.11552338540701035 0.35219027582452234  0.12914946059825649 0.35464376034785772  0.1429769793534908 0.35704915302068985  0.15701876161920755 0.35940403997609927  0.17129323688481174 0.36170686075627156  0.18583138726185497 0.36395638204022862  0.20059589811329678 0.36614170339712609  0.21556526288317079 0.36825435169950516  0.23070727863884744 0.3702843553144991  0.24603708498678448 0.37222945579781042  0.26156760940678186 0.37408603773556243  0.27731464956898488 0.37585078271438149  0.29328716831161417 0.37751983589601795  0.30954462448151149 0.37909288387915779  0.32606449665802378 0.3805614590767179  0.34282181021451097 0.3819174222852218  0.35981918661382956 0.38315413137516646  0.37693540248552393 0.38425829671727124  0.39416356861237234 0.38522646666054461  0.41152259119061546 0.38605584317098279  0.42900200394770877 0.38674321584427918  0.4466878016050459 0.38728550293273339  0.46453783167987822 0.38767736247708151  0.48246812435166042 0.38791425211532549  0.50041460365346124 0.38799160610261663  0.5182767257615446 0.3879079941808089  0.53603570992229777 0.38766855968621505  0.55370962860521689 0.38727556639244864  0.57129591021824033 0.38673262282424431  0.58883714521725306 0.3860399202719928  0.60633411213581523 0.38519911375191501  0.62369478678238877 0.38421923723568674  0.64085137690916549 0.3831080223143894  0.65772514336991506 0.38187504824352358  0.67434786793654111 0.38052679661877481  0.69073341833295687 0.37906730358280133  0.70689807038350283 0.37750102596452612  0.7228604818557447 0.37583182419142619  0.73865081628202467 0.37406043548935591  0.7542542288677847 0.37219331357714314  0.76966157702978411 0.37023639598326391  0.78486508733282101 0.36819508775443843  0.799785458182945 0.3660882798717453  0.81444775953098725 0.36391748538314805  0.82886397387328214 0.36168615636762552  0.84304981138719282 0.35939701462045254  0.85702015806333809 0.35705276562860988  0.87079017045143614 0.3546559809181446  0.8843751886677651 0.35220891992987535  0.89778975907098368 0.34971442189178609  0.91105224286385666 0.34717211490981092  0.92416709015491083 0.34458391175354547  0.93713897915725286 0.34195219391601706  0.94997259200533679 0.33927916111779294  0.96267265769226396 0.33656700950935853  0.97524392386684344 0.3338178865323983  0.98769115005138686 0.33103391009836203  0.99590977589170182 0.32915607240492817  1.0000000000000957 0.32821203788761383 
 2.8994282552341736e-16 4 0.0002204897677954503 1 0.00044097953559061069 1 0.00066146930338577097 1 0.00088195907118093135 1 0.0011024488389760917 1 0.001322938606771252 1 0.0015434283745664125 1 0.0017639181423615728 1 0.0019844079101567335 1 0.0022048976779518938 1 0.0024253874457470541 1 0.0026458772135422143 1 0.0028663669813373746 1 0.0030868567491325353 1 0.0033073465169276956 1 0.0035278362847228559 1 0.0037483260525180162 1 0.0039688158203131764 1 0.0041893055881083363 1 0.004409795355903497 1 0.0046302851236986568 1 0.0048507748914938175 1 0.0050712646592889783 1 0.0052917544270841381 1 0.0055122441948792988 1 0.0057327339626744587 1 0.0059532237304696194 1 0.0061737134982647801 1 0.0063942032660599399 1 0.0066146930338551006 1 0.0068351828016502605 1 0.0070556725694454212 1 0.0072761623372405819 1 0.0074966521050357417 1 0.0077171418728309025 1 0.0079376316406260632 1 0.008158121408421223 1 0.0083786111762163828 1 0.0085991009440115444 1 0.0088195907118067043 1 0.0090400804796018641 1 0.009260570247397024 1 0.0094810600151921855 1 0.0097015497829873454 1 0.0099220395507825052 1 0.010142529318577667 1 0.010363019086372827 1 0.010583508854167986 1 0.010803998621963148 1 0.011024488389758308 1 0.011244978157553468 1 0.011465467925348628 1 0.011685957693143789 1 0.011906447460938949 1 0.012126937228734109 1 0.01234742699652927 1 0.01256791676432443 1 0.01278840653211959 1 0.013008896299914752 1 0.013229386067709912 1 0.013449875835505071 1 0.013670365603300231 1 0.013890855371095393 1 0.014111345138890553 1 0.014331834906685713 1 0.014552324674480874 4
7 0 0  1 2 2  1.0000000000002998 0.99999999999981404  -2.2155502201062404e-13 0.99999999999976352 
 3.9252311467094385e-17 2 0.006789204427607564 2
1 6.2831853071795862 0 -1 0 
7 0 0  1 2 2  -2.222295448700971e-13 0.99999999999976319  1.0000000000001439 0.99999999999981382 
 7.0715465780842165e-16 2 0.0067892044276059473 2
7 0 0  1 2 2  -2.2260491643807219e-13 0.99999999999976319  1.0000000000002989 0.99999999999981393 
 7.0715465780842135e-16 2 0.0067892044276070635 2
7 0 0  1 2 2  -2.2260491643807219e-13 0.99999999999976319  1.0000000000002989 0.99999999999981393 
 7.0715465780842135e-16 2 0.0067892044276070635 2
1 6.2831853071795862 0 -1 0 
1 0 -5 1 0 
1 0 -5 1 0 
1 0 -5 1 0 
1 0 -5 1 0 
1 0 -5 1 0 
1 0 -5 1 0 
1 0 -5 1 0 
1 0 -5 1 0 
1 -1.5707963267948883 -0.70710678118654247 1 0 
1 -1.5707963267948883 -0.50000000000004263 1 0 
1 0 -7.7999999999999972 1 0 
7 0 0  3 25 23  0.0090298175234193624 0.0037522660068608385  0.0090298175234228197 0.0036956264165885979  0.0090298175234167204 0.0035823279517571737  0.009029820711039702 0.0034123223713712156  0.0090298302739599372 0.0032422588775027623  0.0090298493998635671 0.003072137440038022  0.0090298812764676578 0.002901958029013032  0.0090299290915068723 0.0027317206146369771  0.0090299960327369783 0.0025614251672847134  0.0090300852878756246 0.0023910716575002776  0.0090302000447115647 0.0022206600559958531  0.0090303434909660158 0.0020501903336528236  0.0090305188143715194 0.0018796624615215062  0.0090307292026314389 0.0017090764108210954  0.0090309778434622141 0.0015384321529426143  0.009031267924460849 0.001367729659441045  0.0090316026333002938 0.0011969689020632534  0.009031985157523275 0.0010261498526461502  0.0090324186846549512 0.00085527248349908302  0.0090329064021589141 0.00068433676597805476  0.0090334514974399604 0.00051334267580745944  0.0090340571578164906 0.00034229017322046648  0.009034726570548374 0.00017117927707866219  0.0090352174720396469 5.7066284529246212e-05  0.0090354746105663162 0 
 0 4 0.00010898874549249011 1 0.00021797749098498022 1 0.00032696623647747035 1 0.00043595498196996043 1 0.00054494372746245051 1 0.0006539324729549407 1 0.00076292121844743078 1 0.00087190996393992086 1 0.00098089870943241105 1 0.001089887454924901 1 0.0011988762004173912 1 0.0013078649459098814 1 0.0014168536914023714 1 0.0015258424368948616 1 0.0016348311823873515 1 0.0017438199278798417 1 0.0018528086733723319 1 0.0019617974188648221 1 0.0020707861643573119 1 0.002179774909849802 1 0.0022887636553422922 1 0.0023977524008347824 4
7 0 0  3 25 23  0.0090354746105652719 0  0.025666752867182441 0  0.058446782969932262 0  0.10633500100664597 0  0.15311252793671981 0  0.19893165613237374 0  0.24393517986965929 0  0.28825637169909635 0  0.33202117087356264 0  0.37534954245858826 0  0.41835687388857873 0  0.46115522102135975 0  0.50385449278295125 0  0.54656358535142857 0  0.58939149512076672 0  0.63244843385052907 0  0.67584696944237033 0  0.71970322197224978 0  0.76413812584993279 0  0.80927884973274933 0  0.85526018005353777 0  0.90222676252574685 0  0.95033306323410682 0  0.98327968806965149 -0  1 0 
 4.7123970752027189 4 4.7837965402925766 1 4.8551960053824343 1 4.9265954704722921 1 4.9979949355621489 1 5.0693944006520066 1 5.1407938657418644 1 5.2121933308317221 1 5.2835927959215798 1 5.3549922610114375 1 5.4263917261012953 1 5.497791191191153 1 5.5691906562810098 1 5.6405901213708676 1 5.7119895864607253 1 5.783389051550583 1 5.8547885166404408 1 5.9261879817302976 1 5.9975874468201553 1 6.068986911910013 1 6.1403863769998708 1 6.2117858420897285 1 6.2831853071795862 4
7 0 0  3 25 23  5.7238911280730146e-06 1  0.016833382126530197 1  0.049996009873848668 0.99999999999999978  0.098430454686675897 1.0000000000000002  0.14572949215232298 1  0.1920478913864373 0.99999999999999978  0.2375306752352225 1  0.28231308871051608 1  0.326522833896217 0.99999999999999989  0.37028145362431808 1  0.41370575240735796 1  0.45690906186135138 1  0.50000244179054432 0.99999999999999978  0.54309582794107736 1  0.58629915612257022 0.99999999999999978  0.62972348633110731 0.99999999999999978  0.67348215050708093 1.0000000000000002  0.71769195362711435 0.99999999999999978  0.76247443913728652 1  0.80795730990026493 0.99999999999999978  0.85427581188691437 1  0.90157496911625412 0.99999999999999978  0.95000955208093563 1.0000000000000002  0.98317228536325996 1  1 1 
 4.7123970752027189 4 4.7837965402925766 1 4.8551960053824343 1 4.9265954704722921 1 4.9979949355621489 1 5.0693944006520066 1 5.1407938657418644 1 5.2121933308317221 1 5.2835927959215798 1 5.3549922610114375 1 5.4263917261012953 1 5.497791191191153 1 5.5691906562810098 1 5.6405901213708676 1 5.7119895864607253 1 5.783389051550583 1 5.8547885166404408 1 5.9261879817302976 1 5.9975874468201553 1 6.068986911910013 1 6.1403863769998708 1 6.2117858420897285 1 6.2831853071795862 4
7 0 0  3 25 23  1 0.50188319926802805  1 0.49590455152611884  1 0.48394902441272031  1 0.46597427807129049  1 0.44791163288237185  1 0.42971353404728929  1.0000000000000002 0.41133106198610525  1 0.39271332683047117  1 0.37380690416206147  1 0.35455518848511086  0.99999999999999978 0.3348976765881988  1.0000000000000002 0.31476915272682349  0.99999999999999989 0.29409875326751389  1.0000000000000002 0.27280888015157667  1 0.25081392635944683  0.99999999999999989 0.22801876557851264  0.99999999999999989 0.20431695066226871  0.99999999999999989 0.17958853080188578  0.99999999999999989 0.15369744258368587  0.99999999999999989 0.12648814860950225  0.99999999999999989 0.097782095681390749  0.99999999999999989 0.067371004157567249  1 0.035017000900389457  1 0.011952792390587254  1 0 
 3.1415926535897931 4 3.2133348848737855 1 3.2850771161577779 1 3.3568193474417702 1 3.4285615787257626 1 3.500303810009755 1 3.5720460412937474 1 3.6437882725777402 1 3.7155305038617326 1 3.7872727351457249 1 3.8590149664297173 1 3.9307571977137097 1 4.0024994289977016 1 4.0742416602816949 1 4.1459838915656873 1 4.2177261228496796 1 4.289468354133672 1 4.3612105854176644 1 4.4329528167016568 1 4.5046950479856491 1 4.5764372792696415 1 4.6481795105536339 1 4.7199217418376263 4
1 6.2831853071795862 3.7999999999999998 -1 0 
7 0 0  3 25 23  1 1  1 0.98816119030409622  0.99999999999999978 0.96530923338986174  1.0000000000000004 0.93323379202265944  0.99999999999999967 0.90306937415009547  1.0000000000000002 0.87458392904595028  1 0.84757406873276819  1 0.82186522195927403  1 0.79730517180282579  1 0.77376064156556146  0.99999999999999978 0.75111404941732451  1 0.72926098587193677  0.99999999999999978 0.70810810075303399  0.99999999999999989 0.68757135736210151  1.0000000000000002 0.66757456756861278  0.99999999999999989 0.64804815477013866  1.0000000000000002 0.62892809886634649  1.0000000000000002 0.61015502792597354  0.99999999999999989 0.59167342701062697  0.99999999999999989 0.57343094303450159  0.99999999999999989 0.55537775733240924  0.99999999999999989 0.53746604272089715  1 0.5196493674463285  1 0.50780478588347111  1 0.50188319926802805 
 1.5783290882478331 4 1.649386523036104 1 1.7204439578243749 1 1.7915013926126457 1 1.8625588274009168 1 1.9336162621891877 1 2.0046736969774583 1 2.0757311317657297 1 2.1467885665540005 1 2.2178460013422714 1 2.2889034361305423 1 2.3599608709188131 1 2.431018305707084 1 2.5020757404953549 1 2.5731331752836257 1 2.644190610071897 1 2.7152480448601679 1 2.7863054796484388 1 2.8573629144367096 1 2.9284203492249805 1 2.9994777840132514 1 3.0705352188015222 1 3.1415926535897931 4
1 6.2831853071795862 3.7999999999999998 -1 0 
7 0 0  3 25 23  0.0090411378453906822 1  0.025672275025160625 1  0.058452035053890621 1.0000000000000002  0.10633988015325613 0.99999999999999989  0.15311706204406966 1  0.19893586955883569 1  0.24393909380021356 0.99999999999999978  0.2882600045144279 1.0000000000000002  0.33202453843775587 0.99999999999999978  0.37535265836036502 1.0000000000000002  0.41835974963638667 0.99999999999999978  0.46115786619987947 1  0.50385691517479847 0.99999999999999989  0.54656579102735348 1.0000000000000002  0.58939348850058471 0.99999999999999978  0.63245021773603882 1.0000000000000002  0.67584854502271474 0.99999999999999978  0.71970458880132471 1  0.76413928179473245 0.99999999999999978  0.8092797908895869 1  0.85526090063225302 1  0.90222725468424059 0.99999999999999978  0.9503333169061472 1.0000000000000002  0.98327977431025937 1  1 1 
 4.7124051788445005 4 4.7838042755870047 1 4.855203372329508 1 4.9266024690720123 1 4.9980015658145165 1 5.0694006625570198 1 5.140799759299524 1 5.2121988560420274 1 5.2835979527845316 1 5.3549970495270358 1 5.4263961462695391 1 5.4977952430120434 1 5.5691943397545476 1 5.6405934364970509 1 5.7119925332395551 1 5.7833916299820594 1 5.8547907267245627 1 5.9261898234670669 1 5.9975889202095711 1 6.0689880169520745 1 6.1403871136945787 1 6.2117862104370829 1 6.2831853071795862 4
7 0 0  3 25 23  1.1454002352017458e-05 0.0066081028861145101  0.016838968981531307 0.0066081028861145249  0.050001322528428566 0.0066081028861145336  0.098435388829909876 0.0066081028861145205  0.14573407621136 0.0066081028861145136  0.19205215018001082 0.0066081028861145127  0.23753463034874192 0.0066081028861145162  0.2823167588740243 0.0066081028861145379  0.32652623527908103 0.0066081028861145388  0.37028460008236469 0.0066081028861145171  0.41370865568297727 0.0066081028861145284  0.45691173174419042 0.006608102886114511  0.50000488624278405 0.0066081028861145171  0.54309805319070725 0.0066081028861145388  0.5863011667269491 0.006608102886114537  0.62972528521215843 0.0066081028861145162  0.67348373895869007 0.0066081028861145119  0.71769333129433421 0.0066081028861145119  0.76247560396633007 0.0066081028861145145  0.80795825805626975 0.0066081028861145188  0.8542765376396676 0.0066081028861145006  0.90157546467627436 0.0066081028861145205  0.95000980742874508 0.0066081028861145041  0.98317237215808262 0.0066081028861144806  1 0.0066081028861144633 
 4.7124051788445005 4 4.7838042755870047 1 4.855203372329508 1 4.9266024690720123 1 4.9980015658145165 1 5.0694006625570198 1 5.140799759299524 1 5.2121988560420274 1 5.2835979527845316 1 5.3549970495270358 1 5.4263961462695391 1 5.4977952430120434 1 5.5691943397545476 1 5.6405934364970509 1 5.7119925332395551 1 5.7833916299820594 1 5.8547907267245627 1 5.9261898234670669 1 5.9975889202095711 1 6.0689880169520745 1 6.1403871136945787 1 6.2117862104370829 1 6.2831853071795862 4
1 0.0090411378453906822 1 2.4186721491588118e-05 -0.9999999997075012 
7 0 0  3 311 309  0.0090411378707589921 0.99999895114722825  0.0090594309711213052 0.9969731517028444  0.009128908594971244 0.99103135657418784  0.0093023386969463516 0.98243310713771614  0.0095133948024203972 0.97413384712642004  0.0097379339570312987 0.96611982303526123  0.0099561441334354676 0.95837827057708058  0.010152855862514298 0.95089749178650729  0.010316965372503805 0.94366673154677894  0.010441127192543078 0.9366761173624405  0.010521407217775853 0.92991659069739052  0.010556979779342824 0.92337984820862684  0.010549846391538864 0.91705828719593863  0.010504582789525319 0.91094495607929526  0.010428109516567469 0.90503350916317815  0.010329496768067754 0.8993181650184312  0.010219763077687676 0.8937936693885189  0.010111816049178575 0.88845525742152431  0.010019979752157791 0.88329863311310308  0.0099611790100191371 0.87831989782454956  0.0099500518966904559 0.87351568092410214  0.010016831738959894 0.86888252704592139  0.010174753732324633 0.86441270822365457  0.010382782952304818 0.86010243171212464  0.010617619670610291 0.85594738403420678  0.010856213285894241 0.85194375083102947  0.01108031054993535 0.8480879262032065  0.011275106225105776 0.84437657417135026  0.011429482667982188 0.84080659669009228  0.011535834007215346 0.83737512754129784  0.011590013281264737 0.83407952007397546  0.011591258885458731 0.83091733731211026  0.011542140145284421 0.82788634210620948  0.011448508208592147 0.82498448784256961  0.01131946781946094 0.82220990972604546  0.011167320114115972 0.81956091581508195  0.011007657415290426 0.81703598084136242  0.010858931659246524 0.81463373127564775  0.010744023248271086 0.81235296453660699  0.010684374467959206 0.81019254207428693  0.010721895682253317 0.8081517542896155  0.010774534388071355 0.80622770952519318  0.010832837466846617 0.80441929396003164  0.010885930122133411 0.80272532341265201  0.010927767250306307 0.80114478445755666  0.010955467693058635 0.79967661882847429  0.010969662527215932 0.798320329039378  0.010974717453941213 0.79707375553636339  0.010977459288537201 0.79594134616841816  0.010992026147190737 0.79490328447696956  0.011021730873115755 0.79403068997570336  0.011054717572941469 0.79305541512273492  0.011055073353353963 0.79297551776358388  0.01117959739868458 0.79006416272418412  0.011316877055291498 0.78637464149585923  0.011427558190372725 0.78292079808707349  0.011522451686891052 0.77943048886942523  0.011598710570071058 0.77597611943879274  0.011657702310427457 0.77253792899485207  0.011696655743189789 0.76912031446516149  0.011726234411695574 0.76572363612034111  0.011744967811032993 0.76234789130034597  0.011749707287667315 0.75899219917425997  0.011738180277916005 0.75565592932181569  0.0117083070101974 0.75233839898407928  0.011658384732681765 0.74903895384902486  0.011587039536354215 0.74575694607984189  0.011493240534789367 0.7424917398884151  0.011376297372397216 0.73924270973597794  0.011235862483114006 0.73600924053008954  0.011071931493626957 0.73279072725900973  0.010884846808919853 0.72958657492964429  0.010675290854657899 0.72639619790303744  0.010444318041673019 0.72321902138501015  0.010193242700963992 0.72005447494733354  0.0099240648966125531 0.71690201582003277  0.009637889187049116 0.71376104111682348  0.0093408340756210191 0.71063121460488887  0.0090219860300853379 0.70751124641197294  0.0087356847060699426 0.70440344648749775  0.0085335578491882343 0.70131037129922791  0.0084022358221814402 0.69823099061063609  0.0083456327674738436 0.69516524269242497  0.0083629014306770069 0.69211280721511936  0.008454326749614792 0.68907345709999124  0.0086197917381071014 0.68604687688975974  0.0088590164479668762 0.68303303611478783  0.0091721333494449338 0.68003087618925528  0.0095571449898174121 0.67704318822250631  0.010019844242462238 0.67405841271292832  0.010540543693593739 0.67111855161754397  0.011192716990190383 0.66806573530628865  0.01130758473985707 0.66726330160194114  0.011519307540964486 0.66551069541252172  0.011693334228577131 0.66366729795597856  0.011810199405948737 0.66150522986932692  0.0118521854515141 0.65908812979371378  0.011839259270898581 0.65640154228822023  0.011843052259209246 0.6534523093192488  0.011825383424635908 0.65024036975639155  0.011739689154546968 0.6467745283672599  0.011579655944956243 0.64303719679326565  0.011384198329729218 0.63910643497753794  0.011174051111601808 0.63470281792096861  0.010957093208631148 0.63088177946650081  0.010923352352979634 0.63021553464662872  0.010842728649680583 0.6286388953672104  0.010774531193628065 0.62724139061739503  0.01071110598491779 0.62573124908477817  0.010654477435549118 0.62418690083841177  0.010598354502385379 0.62258764034448344  0.010540340431739475 0.62093931052272744  0.01047867458111959 0.61924062496143129  0.010413108083497186 0.61749219160301394  0.010344722282556902 0.61569409274875342  0.010275852769564045 0.61384653867471839  0.010210658828258551 0.6119496708410439  0.01015301603021284 0.61000369347348549  0.01013238961765321 0.60800803199138231  0.010133775047113951 0.60596323039796463  0.010149440962962719 0.6038696537492213  0.010171066918521115 0.60172767634002211  0.0101918664294482 0.59953763011733463  0.010206038463867948 0.59729981742166494  0.010208939008990644 0.5950145065708935  0.010197064117127525 0.59268193211887243  0.010168088098343395 0.59030229393662292  0.010120891555289287 0.58787575668524028  0.010055597417246914 0.58540244925061868  0.0099736080840920269 0.58288246428632229  0.0098776533235838265 0.58031585770682015  0.0097718172715748758 0.5777026486152641  0.0096616612903035488 0.57504281788812528  0.0095540068478058987 0.57233631204649615  0.009458004246107864 0.56958302767780067  0.0093814186219842669 0.56678286873060979  0.0093447802132627066 0.56393553213772685  0.0093222476346152428 0.56104140314815354  0.0093021980155372948 0.55810080976831833  0.0092834604706063997 0.55511385849406458  0.0092631963852196422 0.55208063719127309  0.009240232134764062 0.54900115963224461  0.0092142679897022142 0.54587537900834338  0.0091861687376012299 0.54270318410785223  0.0091580903412375406 0.53948439607996779  0.0091332198772852407 0.53621878041223137  0.00911726532002732 0.53290599769431934  0.0091025866249610579 0.52954614913108522  0.0090887553220974516 0.52613918638764345  0.009075214788554364 0.52268463446585511  0.0090626981007853862 0.51918331079128632  0.0090528673997794379 0.51563080071251666  0.0090439587805234405 0.51204209519791066  0.0090363969126795382 0.5083602285847324  0.0090304034290639365 0.50479617360194717  0.0090255753721352385 0.50056088538151922  0.0090223860447945989 0.49859783703587829  0.0090157943162604611 0.49602588781113915  0.0090082555113259345 0.49361688621360728  0.009000086230609293 0.49116386606968859  0.0089920451608921405 0.48872213451057944  0.0089846407425520254 0.48627672330855559  0.0089783159966059893 0.48383149488238986  0.0089733984431967836 0.48138526627462952  0.0089701130902512805 0.47893820657193648  0.0089685786515620453 0.47649012258060575  0.0089688083837465814 0.47404091803727266  0.0089707098284558685 0.47159047042231017  0.0089740849265302191 0.46913866382556219  0.0089786303511174888 0.46668537999800402  0.008983937203788369 0.46423050060496351  0.0089894936476053525 0.46177390648445393  0.0089946770320230469 0.45931547768041603  0.0089987857110727775 0.45685509336779451  0.0090009231859223531 0.45439263143158021  0.0090004338366502113 0.45192796953401188  0.0090000058914620779 0.44946099184870236  0.0089995369780081127 0.44699157553457364  0.0089994241809233187 0.44451959911862116  0.0089997978881768137 0.4420449403933413  0.0090007256911919572 0.43956747685154413  0.009002161995230424 0.43708708536623531  0.0090039453390319494 0.43460364234816729  0.0090058597726516369 0.43211702274261338  0.0090073928974852453 0.4296271031861596  0.0090086737840862924 0.42713374971528406  0.0090102067031876277 0.42463686692981117  0.0090118760876852569 0.42213621277703689  0.0090141537685242759 0.41963208834657367  0.009015151042431396 0.41712276462090764  0.0090212177511176973 0.41461408497358049  0.0090084940943235912 0.41208362826466582  0.0090667518618751785 0.40961445484052073  0.0090372232792604451 0.40716418316881636  0.0090241688081830612 0.40441012175302993  0.0090433854609501037 0.4016678355891094  0.0090697511755801277 0.39891559177880304  0.0091105079714986787 0.39615893886418602  0.0091641628416068675 0.39339611390311646  0.0092314993449922039 0.39062731142854323  0.0093126263253601009 0.38785219964888928  0.0094077681206479191 0.38507058578792486  0.0095170523787968964 0.38228223761257929  0.0096405666567723307 0.37948693105582554  0.0097783429804556999 0.37668443725695178  0.0099303624790918824 0.37387452582212238  0.010096552462084003 0.37105696377058023  0.010276794353240595 0.36823151550142535  0.010470896453882271 0.36539794297510386  0.010678697232162783 0.36255600399734211  0.010899682377047346 0.35970545785962305  0.011134416963060665 0.35684604343123477  0.011379204099971793 0.35397756006779102  0.011646023222342285 0.3510995647806831  0.011877974869092827 0.34821265346179742  0.012066579292114942 0.34531676514784304  0.012214839817962163 0.34241165500696519  0.01232246219526383 0.33949712538762583  0.012389814651485724 0.33657296360571926  0.012416865322134365 0.33363895840594193  0.012403470236741088 0.33069489496136145  0.012349282462410804 0.32774055701808996  0.012253826815829028 0.32477572189216924  0.012116291896101 0.32180017688195089  0.011937762680558826 0.31881365753846636  0.011718392269513172 0.31581607845826892  0.011458124575251383 0.31280667254605476  0.011157271381007113 0.30978720488307504  0.010813833808125726 0.30674997669632953  0.010434036413345631 0.30372259373910881  0.0099953061441462581 0.30060088617336189  0.0095822288037877134 0.29777246342174779  0.0088789249835644589 0.29378957401304751  0.009064070442759118 0.29405456296441412  0.0091226550254823527 0.29248490114401238  0.0091584226484992554 0.29070699650173054  0.0091110330279243427 0.2882801747429844  0.009186142753382644 0.2853142319383522  0.0093970782127684258 0.2817748105202188  0.0095972100955944387 0.2776450618527232  0.0098710320661014594 0.27297359656295989  0.010194094389671142 0.26751693536597065  0.010528360795877987 0.26212345842473611  0.010721097002333455 0.25883130343808497  0.010920177699842567 0.25510394642971973  0.01108130982015996 0.2516232234060708  0.011217528101396809 0.24820800040062274  0.011335942079835223 0.24491128658623909  0.011430163389576652 0.24171288655070969  0.011499995099922767 0.23865023381844824  0.011544810015026328 0.23560359670740813  0.011576325643892405 0.2330244599915608  0.011567895400862492 0.22955903733809907  0.011557844735243586 0.22614620258680088  0.011529774851283653 0.2226942681486439  0.011488619509132969 0.2192273378161417  0.011433402031358583 0.21573848154181713  0.011364532771730964 0.21222907667689839  0.011281859980456173 0.20869826616101161  0.011185167523176481 0.20514578237942813  0.0110741326920569 0.20157119132785353  0.010947997697244699 0.19797408980510156  0.010806971167722867 0.19435407016087428  0.010651700631918398 0.19071066696118111  0.010482337088558879 0.1870436036994651  0.01029835702602299 0.18335185717438629  0.010101507468765468 0.17963715310260989  0.0098842238593048037 0.17589091677143776  0.0096744758213152659 0.17214297232807022  0.0093689154162290584 0.16827979507449306  0.0091420004116200358 0.16435649988065232  0.0089045848630648714 0.16081799517076237  0.008686463801655905 0.15723332720540389  0.0085078000624207277 0.15363093918614071  0.0083635305059977256 0.15000268819728574  0.0082552417789369253 0.14635022514387758  0.008182628411759504 0.1426725669076376  0.0081457823921843326 0.13896942595273007  0.008144575162713415 0.13524031785131951  0.0081788391103690076 0.13148479961452472  0.0082482593282574533 0.12770240681367273  0.0083526254621489621 0.12389266466382447  0.0084924769428301392 0.12005510436451991  0.0086678067312704193 0.11618918552322574  0.0088786186548783855 0.11229459098564111  0.0091248767433870157 0.108370123555364  0.0094061720344464066 0.10441782197674462  0.0097235455460054545 0.10042759757521588  0.010073549286198139 0.096434569597955197  0.0104690462634747 0.0923050871682735  0.010861908646753122 0.08853530344638337  0.010933344353718247 0.088017424004227074  0.011042780303804475 0.085769887572183234  0.010999769797867612 0.083117926374955492  0.01085766730598826 0.079694049092367852  0.010776069731493631 0.075576472900629479  0.010677509353265514 0.070734076695682782  0.01051453570424297 0.065109322907966699  0.010348209442564272 0.058838721239409607  0.010093728131379005 0.051284202761776906  0.0099113957348964735 0.044296983979208469  0.0099653170844182654 0.038141715908119912  0.010069786814835981 0.032267250092240164  0.010142220050691274 0.026839397375132079  0.010118751651392817 0.021831350242103267  0.0099763630031387933 0.017267303947370957  0.0097262255721619461 0.013157072774059994  0.0094163580195254521 0.0095134443063035271  0.0091266424578360407 0.0063475049281554391  0.0090327876645489823 0.0045620106744243645  0.0090298175234193624 0.0037522660068608385 
 0.0024722980342753312 4 0.005711024339358853 1 0.0089497506444423738 1 0.012188476949525896 1 0.015427203254609417 1 0.018665929559692939 1 0.021904655864776461 1 0.025143382169859983 1 0.028382108474943504 1 0.03162083478002703 1 0.034859561085110548 1 0.038098287390194066 1 0.041337013695277591 1 0.044575740000361116 1 0.047814466305444635 1 0.051053192610528153 1 0.054291918915611678 1 0.057530645220695203 1 0.060769371525778722 1 0.06400809783086224 1 0.067246824135945765 1 0.07048555044102929 1 0.073724276746112802 1 0.076963003051196327 1 0.080201729356279852 1 0.083440455661363377 1 0.086679181966446903 1 0.089917908271530414 1 0.093156634576613939 1 0.096395360881697464 1 0.099634087186780976 1 0.1028728134918645 1 0.10611153979694803 1 0.10935026610203155 1 0.11258899240711508 1 0.11582771871219859 1 0.11906644501728211 1 0.12230517132236564 1 0.12554389762744916 1 0.1287826239325327 1 0.13202135023761621 1 0.13526007654269973 1 0.13849880284778326 1 0.14173752915286678 1 0.14497625545795029 1 0.14821498176303383 1 0.15145370806811734 1 0.15469243437320088 1 0.15793116067828439 1 0.1611698869833679 1 0.16440861328845144 1 0.16764733959353495 1 0.17088606589861849 1 0.174124792203702 1 0.17736351850878551 1 0.18060224481386905 1 0.18384097111895256 1 0.18707969742403607 1 0.19031842372911961 1 0.19355715003420312 1 0.19679587633928664 1 0.20003460264437017 1 0.20327332894945369 1 0.20651205525453722 1 0.20975078155962074 1 0.21298950786470425 1 0.21622823416978779 1 0.2194669604748713 1 0.22270568677995484 1 0.22594441308503835 1 0.22918313939012186 1 0.2324218656952054 1 0.23566059200028891 1 0.23889931830537242 1 0.24213804461045596 1 0.24537677091553947 1 0.24861549722062298 1 0.25185422352570652 1 0.25509294983079006 1 0.25833167613587354 1 0.26157040244095708 1 0.26480912874604062 1 0.26804785505112411 1 0.27128658135620765 1 0.27452530766129118 1 0.27776403396637467 1 0.28100276027145821 1 0.28424148657654175 1 0.28748021288162523 1 0.29071893918670877 1 0.29395766549179231 1 0.29719639179687585 1 0.30043511810195933 1 0.30367384440704287 1 0.30691257071212641 1 0.31015129701720989 1 0.31339002332229343 1 0.31662874962737697 1 0.31986747593246045 1 0.32310620223754399 1 0.32634492854262753 1 0.32958365484771102 1 0.33282238115279456 1 0.33606110745787809 1 0.33929983376296163 1 0.34253856006804512 1 0.34577728637312866 1 0.3490160126782122 1 0.35225473898329568 1 0.35549346528837922 1 0.35873219159346276 1 0.36197091789854624 1 0.36520964420362978 1 0.36844837050871332 1 0.3716870968137968 1 0.37492582311888034 1 0.37816454942396388 1 0.38140327572904736 1 0.3846420020341309 1 0.38788072833921444 1 0.39111945464429793 1 0.39435818094938146 1 0.397596907254465 1 0.40083563355954854 1 0.40407435986463203 1 0.40731308616971557 1 0.4105518124747991 1 0.41379053877988259 1 0.41702926508496613 1 0.42026799139004967 1 0.42350671769513315 1 0.42674544400021669 1 0.42998417030530023 1 0.43322289661038371 1 0.43646162291546725 1 0.43970034922055079 1 0.44293907552563433 1 0.44617780183071781 1 0.44941652813580135 1 0.45265525444088489 1 0.45589398074596837 1 0.45913270705105191 1 0.46237143335613545 1 0.46561015966121894 1 0.46884888596630248 1 0.47208761227138601 1 0.4753263385764695 1 0.47856506488155304 1 0.48180379118663658 1 0.48504251749172006 1 0.4882812437968036 1 0.49151997010188714 1 0.49475869640697062 1 0.49799742271205416 1 0.50123614901713764 1 0.50447487532222113 1 0.50771360162730472 1 0.51095232793238821 1 0.51419105423747169 1 0.51742978054255528 1 0.52066850684763877 1 0.52390723315272225 1 0.52714595945780585 1 0.53038468576288933 1 0.53362341206797281 1 0.53686213837305641 1 0.54010086467813989 1 0.54333959098322337 1 0.54657831728830697 1 0.54981704359339045 1 0.55305576989847394 1 0.55629449620355753 1 0.55953322250864101 1 0.5627719488137245 1 0.56601067511880809 1 0.56924940142389158 1 0.57248812772897506 1 0.57572685403405865 1 0.57896558033914214 1 0.58220430664422573 1 0.58544303294930922 1 0.5886817592543927 1 0.59192048555947629 1 0.59515921186455978 1 0.59839793816964326 1 0.60163666447472686 1 0.60487539077981034 1 0.60811411708489382 1 0.61135284338997742 1 0.6145915696950609 1 0.61783029600014439 1 0.62106902230522798 1 0.62430774861031146 1 0.62754647491539495 1 0.63078520122047854 1 0.63402392752556203 1 0.63726265383064551 1 0.6405013801357291 1 0.64374010644081259 1 0.64697883274589607 1 0.65021755905097967 1 0.65345628535606315 1 0.65669501166114663 1 0.65993373796623023 1 0.66317246427131371 1 0.66641119057639719 1 0.66964991688148079 1 0.67288864318656427 1 0.67612736949164787 1 0.67936609579673135 1 0.68260482210181483 1 0.68584354840689843 1 0.68908227471198191 1 0.6923210010170654 1 0.69555972732214899 1 0.69879845362723247 1 0.70203717993231596 1 0.70527590623739955 1 0.70851463254248304 1 0.71175335884756652 1 0.71499208515265011 1 0.7182308114577336 1 0.72146953776281708 1 0.72470826406790068 1 0.72794699037298416 1 0.73118571667806764 1 0.73442444298315124 1 0.73766316928823472 1 0.7409018955933182 1 0.7441406218984018 1 0.74737934820348528 1 0.75061807450856877 1 0.75385680081365236 1 0.75709552711873584 1 0.76033425342381933 1 0.76357297972890292 1 0.76681170603398641 1 0.77005043233906989 1 0.77328915864415348 1 0.77652788494923697 1 0.77976661125432045 1 0.78300533755940405 1 0.78624406386448753 1 0.78948279016957112 1 0.79272151647465461 1 0.79596024277973809 1 0.79919896908482169 1 0.80243769538990517 1 0.80567642169498865 1 0.80891514800007225 1 0.81215387430515573 1 0.81539260061023922 1 0.81863132691532281 1 0.82187005322040629 1 0.82510877952548978 1 0.82834750583057337 1 0.83158623213565686 1 0.83482495844074034 1 0.83806368474582393 1 0.84130241105090742 1 0.8445411373559909 1 0.8477798636610745 1 0.85101858996615798 1 0.85425731627124146 1 0.85749604257632506 1 0.86073476888140854 1 0.86397349518649202 1 0.86721222149157562 1 0.8704509477966591 1 0.87368967410174259 1 0.87692840040682618 1 0.88016712671190966 1 0.88340585301699326 1 0.88664457932207674 1 0.88988330562716023 1 0.89312203193224382 1 0.8963607582373273 1 0.89959948454241079 1 0.90283821084749438 1 0.90607693715257787 1 0.90931566345766135 1 0.91255438976274494 1 0.91579311606782843 1 0.91903184237291191 1 0.92227056867799551 1 0.92550929498307899 1 0.92874802128816247 1 0.93198674759324607 1 0.93522547389832955 1 0.93846420020341303 1 0.94170292650849663 1 0.94494165281358011 1 0.9481803791186636 1 0.95141910542374719 1 0.95465783172883067 1 0.95789655803391416 1 0.96113528433899775 1 0.96437401064408124 1 0.96761273694916472 1 0.97085146325424831 1 0.9740901895593318 1 0.97732891586441528 1 0.98056764216949888 1 0.98380636847458236 1 0.98704509477966584 1 0.99028382108474944 1 0.99352254738983292 1 0.99676127369491652 1 1 4
1 0 0 1 0 
1 3.1415926535897931 0 0 1 
1 3.1415926535897931 0 0 1 
1 6.2831853071795862 9.8000000000000007 -1 0 
1 -3.1415926535897931 -5.8073323794162017e-11 1 0 
1 0 0 0 1 
1 6.2831853071795862 0 0 1 
1 0 -0.28284271252420151 1 0 
1 3.1415926535897931 6.106226635438361e-16 0 1 
1 3.1415926535897931 6.106226635438361e-16 0 1 
1 0 6.106226635438361e-16 0 1 
1 6.2831853071795862 6.106226635438361e-16 0 1 
1 0 0 1 0 
1 3.1415926535897931 0 0 1 
1 3.1415926535897931 0 0 1 
1 6.2831853071795862 3.7999999999999998 -1 0 
7 0 0  3 25 23  1 1  1 0.99166563214220949  1 0.9752413828056935  1 0.95125541125276269  1 0.92783406035113813  1 0.90490108620342458  1 0.88238506579673259  0.99999999999999978 0.86021941856942608  0.99999999999999989 0.83834130944188767  1 0.81669097176970595  1 0.79521101209159006  0.99999999999999978 0.77384579199710324  1.0000000000000004 0.7525408423518829  0.99999999999999956 0.73124230468197948  1.0000000000000002 0.70989638531895738  0.99999999999999978 0.68844881094494681  1 0.66684427419882752  1 0.64502585519238553  1 0.62293441368468572  1 0.60050790877539595  1 0.57768073745617587  0.99999999999999978 0.55438267160913945  1.0000000000000002 0.53053886957790963  1 0.51422318505610631  1 0.50594682614259801 
 4.7199217418376263 4 4.7909791766258971 1 4.862036611414168 1 4.9330940462024389 1 5.0041514809907097 1 5.0752089157789806 1 5.1462663505672515 1 5.2173237853555223 1 5.2883812201437932 1 5.3594386549320641 1 5.4304960897203358 1 5.5015535245086067 1 5.5726109592968776 1 5.6436683940851484 1 5.7147258288734193 1 5.7857832636616902 1 5.856840698449961 1 5.9278981332382319 1 5.9989555680265028 1 6.0700130028147736 1 6.1410704376030445 1 6.2121278723913154 1 6.2831853071795862 4
1 0 0 0 1 
1 6.2831853071795862 0 0 1 
1 0 0 1 0 
1 6.2831853071795862 9.8000000000000007 -1 0 
1 3.1415926535897931 -5.8073323794162017e-11 1 0 
1 0 -0.28284271252420151 1 0 
1 0 0 1 -0 
1 6.2831853071795862 3.7999999999999998 -1 0 
7 0 0  3 25 23  1 0.50594682614259801  1 0.49749753837772637  1.0000000000000002 0.48082836241588112  0.99999999999999978 0.456462580996782  1 0.43270261498009571  1 0.40945312553886892  1 0.38664366315777637  1 0.36420373078685514  1 0.34206829224190832  0.99999999999999978 0.32017525602697661  1.0000000000000002 0.29846521392891695  1 0.27688065578664356  1.0000000000000002 0.25536538395139718  1 0.23386391488873262  1 0.21232090780953133  1 0.19068059329465856  1 0.16888619376202377  0.99999999999999978 0.14687931972554363  1.0000000000000002 0.12459933634930287  1 0.10198265532535739  1.0000000000000002 0.07896204598646317  0.99999999999999978 0.055465531233976989  1.0000000000000002 0.031416391460819024  1 0.014957780555822892  1 0.0066081028861144737 
 0 4 0.071742231283992416 1 0.14348446256798483 1 0.21522669385197724 1 0.28696892513596967 1 0.3587111564199621 1 0.43045338770395447 1 0.50219561898794696 1 0.57393785027193933 1 0.64568008155593171 1 0.71742231283992419 1 0.78916454412391657 1 0.86090677540790894 1 0.93264900669190143 1 1.0043912379758939 1 1.0761334692598863 1 1.1478757005438787 1 1.219617931827871 1 1.2913601631118634 1 1.363102394395856 1 1.4348446256798484 1 1.5065868569638408 1 1.5783290882478331 4
7 0 0  3 25 23  5.723891127115227e-06 1  5.636782544199036e-06 0.98933510508560885  5.4377806530844033e-06 0.96744893584562619  5.0603263198554719e-06 0.93279216573684842  4.5972237129183686e-06 0.89615646730520726  4.0491241526652295e-06 0.85736604768264657  3.4254356297452321e-06 0.81622503741207353  2.7477295866757023e-06 0.77251484774363044  2.0508321080160071e-06 0.72598051750216341  1.3805802856812162e-06 0.6763641906423371  7.8678982965108901e-07 0.62325632267386777  3.1223214445856339e-07 0.56662293250115636  -1.8794417999972793e-08 0.50480355699553248  -2.070232075349661e-07 0.44194104586891764  -2.7628383391454694e-07 0.38503362260100571  -2.6399454597182456e-07 0.33165185220284038  -2.0905373650467113e-07 0.28193124994282026  -1.4254337729958708e-07 0.23538697269423856  -8.3824507155273828e-08 0.1917567932490899  -4.1329569429285527e-08 0.15076667286312026  -1.5758172481516641e-08 0.11218635687264494  -3.6344127113107565e-09 0.075809187510604753  6.3197964404209173e-11 0.04145055087067246  -6.5897196521667848e-11 0.019784864630779511  0 0.0092343880807835045 
 0.0023977524008347824 4 0.047743309109887749 1 0.093088865818940714 1 0.13843442252799368 1 0.18377997923704664 1 0.22912553594609961 1 0.27447109265515257 1 0.31981664936420556 1 0.3651622060732585 1 0.41050776278231144 1 0.45585331949136443 1 0.50119887620041736 1 0.5465444329094703 1 0.59188998961852324 1 0.63723554632757629 1 0.68258110303662922 1 0.72792665974568216 1 0.7732722164547351 1 0.81861777316378803 1 0.86396332987284108 1 0.90930888658189402 1 0.95465444329094695 1 1 4
7 0 0  3 25 23  0 0.0092343880807835045  1.1429879583889025e-12 0.0091954537750611881  1.5818426372551007e-08 0.0091175068575477056  8.693464261742757e-08 0.0090003514648578746  2.0538106188294247e-07 0.0088829609576738505  3.7111645083432951e-07 0.0087653352374363527  5.8411194673596922e-07 0.0086474742048227825  8.4435278698656168e-07 0.0085293777614804233  1.1518378347899177e-06 0.0084110458033681921  1.506579857616291e-06 0.0082924782456527089  1.9086048670299826e-06 0.0081736749297766521  2.3579545923165825e-06 0.0080546359702864181  2.8546771980017686e-06 0.0079353604604478888  3.3988620524528727e-06 0.0078158513029515687  3.9903679673763116e-06 0.0076960971829899329  4.6294498869006154e-06 0.0075761398497796754  5.3149492226405684e-06 0.0074558230128219426  6.0510478220589275e-06 0.007335729473815251  6.8220615636839138e-06 0.0072136837027383643  8.8949229212185089e-06 0.0071220325767167329  1.0479670564215014e-05 0.0070353147367523674  1.1108130352767025e-05 0.0069357566950520267  1.0715751086354581e-05 0.0068035150908804078  1.0979010188357217e-05 0.0066806915477013789  1.1454028022853278e-05 0.0066073704085814556 
 0 4 0.00011237718337615142 1 0.00022475436675230284 1 0.00033713155012845425 1 0.00044950873350460568 1 0.00056188591688075711 1 0.00067426310025690849 1 0.00078664028363305998 1 0.00089901746700921136 1 0.0010113946503853628 1 0.0011237718337615142 1 0.0012361490171376656 1 0.001348526200513817 1 0.0014609033838899684 1 0.00157328056726612 1 0.0016856577506422713 1 0.0017980349340184227 1 0.0019104121173945741 1 0.0020227893007707257 1 0.0021351664841468771 1 0.0022475436675230285 1 0.0023599208508991798 1 0.0024722980342753312 4
Curves 222
1 -60 0 0 0 0 -1 
2 0 0 0 0 0 -1 -1 0 0 0 1 0 60
1 60 7.3478807948841168e-15 0 0 0 -1 
2 0 0 40 0 0 -1 -1 0 0 0 1 0 60
1 65.75 70 0 0 0 -1 
2 70 70 0 0 0 -1 -1 0 0 0 1 0 4.2500000000000044
1 74.250000000000014 70 0 0 0 -1 
2 70 70 20 0 0 -1 -1 0 0 0 1 0 4.2500000000000044
1 -74.250000000000014 70 0 0 0 -1 
2 -70 70 0 0 0 -1 -1 0 0 0 1 0 4.2500000000000044
1 -65.75 70 0 0 0 -1 
2 -70 70 20 0 0 -1 -1 0 0 0 1 0 4.2500000000000044
1 -74.250000000000014 -70 0 0 0 -1 
2 -70 -70 0 0 0 -1 -1 0 0 0 1 0 4.2500000000000044
1 -65.75 -70 0 0 0 -1 
2 -70 -70 20 0 0 -1 -1 0 0 0 1 0 4.2500000000000044
1 65.75 -70 0 0 0 -1 
2 70 -70 0 0 0 -1 -1 0 0 0 1 0 4.2500000000000044
1 74.250000000000014 -70 0 0 0 -1 
2 70 -70 20 0 0 -1 -1 0 0 0 1 0 4.2500000000000044
1 -59.999999999997527 0 39.999999999998408 -0.54107008544701884 0 -0.84097750423798845 
1 59.999999999997527 7.347880794883817e-15 39.999999999998408 0.54107008544701884 6.6261974825707647e-17 -0.84097750423798845 
2 0 0 67.200000000001609 0 0 -1 -1 0 0 0 1 0 42.500000000002473
1 -2.1316282072799998e-14 80 32 0 1 0 
2 -2.1316282072799998e-14 80 20 -0 -1 -0 0 0 1 -1 0 0 12
1 -1.984670591382317e-14 80 8 0 1 0 
7 0 0  3 52 26  -2.1316282011689178e-14 60 32  -0.39236555842241688 60.000000000000014 32.000000000000007  -0.7859602881339175 59.996151921936288 31.98080588044493  -1.5756908774352587 59.980606676436274 31.902715714415542  -1.9670308803239347 59.968985853855472 31.844195162615755  -3.1221152678709143 59.923670578081079 31.613314530797837  -3.8709123413436632 59.879448700991659 31.385795322641503  -4.9621170504729983 59.795572404231315 30.93309053965384  -5.3214901760514097 59.76456123169595 30.762720102998362  -6.0141859106861277 59.69883252411767 30.391533550973168  -6.3493820961409586 59.663991175024215 30.190074751218603  -6.9980064809930873 59.591395362318394 29.756033093947401  -7.3114339696570525 59.55363909655852 29.523449499369107  -7.91640930767017 59.476242820215482 29.02682783335996  -8.2091063093155388 59.436435170340353 28.761620738683614  -9.0451658572507316 59.316962019625421 27.925066061524284  -9.5398454668969119 59.238375547779455 27.321258793634104  -10.190980361311738 59.128608697849195 26.347935864457707  -10.392763900715259 59.093368484380285 26.012143008921328  -10.76494277044436 59.026703681264607 25.317086815615266  -10.934742669315131 58.99537943821516 24.958370746454392  -11.385680251798036 58.910609014135176 23.870715181663144  -11.613199632148552 58.865595115993237 23.122786136754844  -11.844337087782842 58.819366304517573 21.966272791090585  -11.903015286710357 58.807480888419143 21.573428716716521  -11.980956630581826 58.791651274424673 20.783663868227997  -12.000324544270557 58.78768757949819 20.387425676170761  -11.999338597771279 58.787888834912927 19.195373064364663  -11.920531678833532 58.804127934658233 18.414357169792662  -11.690127031195138 58.850208703197922 17.262434536438178  -11.594485838288181 58.869190595744477 16.881750891777855  -11.364689113714975 58.913984287272257 16.127091441332276  -11.23006281823254 58.939878608113922 15.752631431240362  -10.777107220541742 59.024980854885186 14.664106204365506  -10.407974410984602 59.092041612954809 13.976058813179868  -9.7542804978731645 59.202219893349714 12.999467044623952  -9.5183173191413886 59.240744307491909 12.68174672959819  -9.0178374072957066 59.318991555732651 12.073222343651119  -8.7544793165500057 59.358545303134278 11.783470762214325  -7.9260501757959982 59.476793483201149 10.956396078558171  -7.3230059218474484 59.55509221163905 10.460835260167183  -6.3393357476550722 59.665079219720845 9.8035132425539206  -5.9997910856888046 59.700276634900547 9.6001900103121898  -5.308551466363963 59.765707597957274 9.2309321562873361  -4.9553114099127589 59.796118963071088 9.0639386524355778  -4.2336845384671156 59.851540242868481 8.7648558444651634  -3.865298098078112 59.8765515505767 8.6327659066190634  -3.1130350581996882 59.920371892222882 8.4041579414366065  -2.7268748627491783 59.939256653234651 8.3072590877402401  -1.5645689695602258 59.984610214430859 8.0762308738891306  -0.78472600561851036 60.000000000000007 7.9999999999999938  -1.9846705974936941e-14 60 8 
 0.05641290144268836 4 0.057587966411949847 2 0.05876303138121132 2 0.061113161319734287 2 0.062288226288995774 2 0.063463291258257268 2 0.064638356227518748 2 0.065813421196780242 2 0.068163551135303216 2 0.069338616104564696 2 0.07051368107382619 2 0.07286381101234915 2 0.07403887598161063 2 0.075213940950872124 2 0.077564070889395126 2 0.07873913585865662 2 0.079914200827918114 2 0.082264330766441088 2 0.083439395735702582 2 0.084614460704964062 2 0.08696459064348705 2 0.088139655612748544 2 0.089314720582010051 2 0.090489785551271518 2 0.091664850520533012 2 0.094014980459055986 4
7 0 0  3 26 13  1.9640044375566974e-11 70.333333333304381 39.999999999999993  -0.6889711102905014 70.333333059753627 40.000000000000682  -1.3761559314215572 70.348538208197596 39.964493651935143  -2.746947025009991 70.409617687251412 39.822439152827123  -3.4321623853897867 70.455638611234164 39.715552569871299  -5.4720388476817048 70.64131582604881 39.286985195971752  -6.7729020446663259 70.824243656401194 38.867292175308869  -8.6404374556514441 71.18779711917405 38.050057329791365  -9.250318227995562 71.324351628035188 37.745275194030803  -10.435218173695262 71.627413360961 37.075403383183982  -11.002977371054124 71.791967578690333 36.714637246443154  -12.636245464387065 72.323815025475184 35.5596830879105  -13.633031678043194 72.729425818094853 34.692772435184757  -15.443261695044184 73.642241513703652 32.77664990461254  -16.230503940741535 74.135976570343445 31.755662835901624  -17.25133373332995 74.927608667274427 30.138920117139108  -17.564718823021551 75.200031046722458 29.585664191489755  -18.138136221082441 75.761588158279451 28.45058103027678  -18.396941017867555 76.049837081209589 27.870560770892709  -19.082280303256876 76.923359723441862 26.118761400870586  -19.423427329467621 77.521956383055937 24.92603798934179  -19.768061342723289 78.440395892110303 23.09961217319476  -19.855006697633904 78.75066540167262 22.483189710853718  -19.971004769753105 79.374541594421245 21.243579748015961  -20.000000000000171 79.68708896897634 20.622492538606757  -20.000000000000007 80.000000000000412 20.000000000000217 
 0.033057544488110983 4 0.035116935499490118 2 0.037176326510869245 2 0.041295108533627528 2 0.043354499545006656 2 0.04541389055638579 2 0.049532672579144045 2 0.053651454601902321 2 0.055710845613281441 2 0.057770236624660541 2 0.061889018647418789 2 0.063948409658797889 2 0.066007800670177003 4
1 -2.1316282072799998e-14 80 40 0 1 0 
2 -2.1316282072799998e-14 80 20 0 1 0 0 -0 1 1 0 -0 20
7 0 0  3 16 8  -62.499999999999325 79.99999999999946 19.999999999999091  -62.030054436380162 79.647540827284942 20.537735046259662  -61.610434921396106 79.281840199118861 21.097901771508408  -60.846599381353897 78.529514453043575 22.251135889473176  -60.502672930300783 78.142813956490812 22.844332883708788  -59.877204518575482 77.350758616640462 24.057069855422039  -59.594858217289726 76.943751097302368 24.679128832812644  -59.090711992919445 76.121281728376772 25.930989653646677  -58.868622186280021 75.705879338048817 26.560723006294342  -58.28087628363722 74.446421429552316 28.458298166464637  -57.992595677447611 73.58932400638335 29.734402876181665  -57.699713833999979 72.270619206630755 31.656990998626437  -57.625669840441127 71.82549109899233 32.299297181006622  -57.525788274478046 70.922229080607892 33.585747060498136  -57.500000000000021 70.46276265701853 34.231721307437404  -57.500000000000064 70 34.87197004572181 
 1.0866626878440356e-16 4 0.0023608984901973547 2 0.0047217969803946 2 0.0070826954705918476 2 0.0094435939607890908 2 0.014165390941183586 2 0.016526289431380823 2 0.018887187921578067 4
1 -57.500000000000007 70 80 0 0 1 
2 -70 70 20.000000000000004 0 0 1 1 0 -0 -0 1 0 12.499999999999996
7 0 0  3 20 10  -79.99999999999946 -62.499999999999325 19.999999999999091  -79.534218164783354 -61.878957553044714 20.71062760199472  -79.04551921825599 -61.345028340254323 21.460086240246763  -78.033690265736723 -60.398449444332115 23.011414269490551  -77.510334724440511 -59.986677515127923 23.813678435678632  -76.432233695185019 -59.262303573405156 25.458948993207841  -75.885063320645713 -58.955015115898846 26.29037939797275  -74.776293959169308 -58.43225703113891 27.961637562347001  -74.214237670985682 -58.216692281802167 28.802193425118801  -73.072512404330666 -57.86880848990797 30.489765688774231  -72.492852792794892 -57.736542770299707 31.336800234092376  -71.607427286066468 -57.600187417230174 32.61026153717745  -71.309617957367038 -57.5651309615183 33.035237882040832  -70.708039927846372 -57.516420919502906 33.885880907655711  -70.403785005250327 -57.502790093688851 34.312212109238601  -69.487472843611158 -57.495580501061696 35.582822377031505  -68.87039585443199 -57.535124760992623 36.42094869074316  -67.619393404047557 -57.712533520492869 38.075030781791511  -66.985498100920054 -57.850180323546702 38.891030261400935  -66.340278231447641 -58.047743452519768 39.692722273258155 
 1.0866626878440356e-16 4 0.0031199745010302921 2 0.006239949002060474 2 0.0093599235030906568 2 0.012479898004120841 2 0.015599872505151024 2 0.017159859755666116 2 0.018719847006181203 2 0.021839821507211369 2 0.024959796008241528 4
7 0 0  3 28 14  -66.340278231447641 -58.047743452519768 39.692722273258155  -65.96393521539693 -58.162977820424537 40.160332159378008  -65.573092186247308 -58.301769396226405 40.604506662397114  -64.960534532694837 -58.558723156200081 41.225861007939891  -64.751918991001403 -58.652569566329205 41.425421695985882  -64.324189599651206 -58.860354223616334 41.806365135851337  -64.103964744503585 -58.974950453808631 41.98852338065187  -63.65949130182706 -59.224430470809246 42.32338703351305  -63.434623391772782 -59.359535463653302 42.476672393978909  -62.978983961640495 -59.654518409169711 42.750031126806242  -62.746821511560555 -59.815426778552563 42.870805369065714  -62.282234174342015 -60.162814399001597 43.069424184632538  -62.052680331273805 -60.347034050649455 43.14624763435021  -61.599640375531081 -60.73859623405631 43.250678387176677  -61.37379418093429 -60.948365614630333 43.278181577478506  -60.941503853262837 -61.381000090565195 43.2775918366506  -60.735909123997509 -61.602603237048434 43.250208683042509  -60.34446935146272 -62.05579582032167 43.145313330874544  -60.157100825009451 -62.28958035215571 43.066658182935953  -59.811851960537339 -62.751905433778781 42.868247085003325  -59.653040441686095 -62.981176276426801 42.748818360711255  -59.358535243904846 -63.436259724154034 42.475587315173193  -59.222418747907291 -63.662873838707803 42.321042614679925  -58.84708936925383 -64.332170875814157 41.816180429819369  -58.644726518493023 -64.755639353243097 41.433594785153211  -58.302516258221821 -65.571182037619579 40.606547727771485  -58.162901044669582 -65.964185956731114 40.160020610811479  -58.047743452519178 -66.340278231449489 39.69272227325493 
 2.8994282552341736e-16 4 0.0018190405843103768 2 0.0027285608764654203 2 0.003638081168620464 2 0.0045476014607755055 2 0.00545712175293055 2 0.0063666420450855946 2 0.0072761623372406365 2 0.0081856826293956794 2 0.0090952029215507248 2 0.010004723213705753 2 0.010914243505860776 2 0.012733284090170823 2 0.014552324674480874 4
7 0 0  3 6 3  -58.047743452519178 -66.340278231449489 39.69272227325493  -57.854467365658643 -66.971497083795512 38.908426662403805  -57.719091968591151 -67.590000842000663 38.112774092120354  -57.541743817536712 -68.80808938691041 36.504319954180311  -57.500000000000007 -69.407634691259631 35.691481421506928  -57.500000000000007 -70.000000000000284 34.871916841888705 
 3.718042987691977e-15 4 0.0030324007180866082 2 0.006064801436169498 4
1 -57.500000000000007 -70 80 0 0 1 
2 -70 -70 20.000000000000004 0 0 1 1 0 -0 -0 1 0 12.499999999999996
1 27.5 0 72.200000000000003 0 0 1 
2 0 0 72.200000000000003 -0 -0 -1 1 0 0 0 -1 0 27.5
1 -27.5 3.3677786976552213e-15 72.200000000000003 0 0 1 
2 0 0 67.200000000000003 -0 -0 -1 1 0 0 0 -1 0 27.5
1 -24.070310216780001 -21.920310216779999 67.200000000000003 0 0 -1 
2 -21.920310216779999 -21.920310216779999 67.200000000000003 0 0 -1 -1 0 0 0 1 0 2.149999999999999
1 -19.77031021678 -21.920310216779999 67.200000000000003 0 0 -1 
2 -21.920310216779999 -21.920310216779999 72.200000000000003 0 0 -1 -1 0 0 0 1 0 2.149999999999999
1 -2.1499999999999999 -31 67.200000000000003 0 0 -1 
2 0 -31 67.200000000000003 0 0 -1 -1 0 0 0 1 0 2.1499999999999999
1 2.1499999999999999 -31 67.200000000000003 0 0 -1 
2 0 -31 72.200000000000003 0 0 -1 -1 0 0 0 1 0 2.1499999999999999
1 19.77031021678 -21.920310216779999 67.200000000000003 0 0 -1 
2 21.920310216779999 -21.920310216779999 67.200000000000003 0 0 -1 -1 0 0 0 1 0 2.149999999999999
1 24.070310216780001 -21.920310216779999 67.200000000000003 0 0 -1 
2 21.920310216779999 -21.920310216779999 72.200000000000003 0 0 -1 -1 0 0 0 1 0 2.149999999999999
1 28.850000000000001 0 67.200000000000003 0 0 -1 
2 31 0 67.200000000000003 0 0 -1 -1 0 0 0 1 0 2.149999999999999
1 33.149999999999999 2.6329906181668087e-16 67.200000000000003 0 0 -1 
2 31 0 72.200000000000003 0 0 -1 -1 0 0 0 1 0 2.149999999999999
1 19.77031021678 21.920310216779999 67.200000000000003 0 0 -1 
2 21.920310216779999 21.920310216779999 67.200000000000003 0 0 -1 -1 0 0 0 1 0 2.149999999999999
1 24.070310216780001 21.920310216779999 67.200000000000003 0 0 -1 
2 21.920310216779999 21.920310216779999 72.200000000000003 0 0 -1 -1 0 0 0 1 0 2.149999999999999
1 -2.1499999999999999 31 67.200000000000003 0 0 -1 
2 0 31 67.200000000000003 0 0 -1 -1 0 0 0 1 0 2.1499999999999999
1 2.1499999999999999 31 67.200000000000003 0 0 -1 
2 0 31 72.200000000000003 0 0 -1 -1 0 0 0 1 0 2.1499999999999999
1 -24.070310216780001 21.920310216779999 67.200000000000003 0 0 -1 
2 -21.920310216779999 21.920310216779999 67.200000000000003 0 0 -1 -1 0 0 0 1 0 2.149999999999999
1 -19.77031021678 21.920310216779999 67.200000000000003 0 0 -1 
2 -21.920310216779999 21.920310216779999 72.200000000000003 0 0 -1 -1 0 0 0 1 0 2.149999999999999
1 -33.149999999999999 0 67.200000000000003 0 0 -1 
2 -31 0 67.200000000000003 0 0 -1 -1 0 0 0 1 0 2.149999999999999
1 -28.850000000000001 2.6329906181668087e-16 67.200000000000003 0 0 -1 
2 -31 0 72.200000000000003 0 0 -1 -1 0 0 0 1 0 2.149999999999999
1 34.999999999999964 2.8449465006019641e-13 80.000000000000028 0.70710678118643955 0 0.70710678118665549 
2 0 2.8449465006019641e-13 80.000000000000028 -0 -0 -1 1 0 0 0 -1 0 34.999999999999964
1 -34.999999999999964 2.8878091385721212e-13 80.000000000000028 -0.70710678118643955 8.6595605623536103e-17 0.70710678118665549 
2 0 2.851176827116e-13 79.499999999999957 0 0 1 0 -1 0 1 0 -0 34.500000000000043
1 34.5 0 80 0 0 1 
1 -34.5 4.2250314570583689e-15 80 0 0 1 
2 0 0 72.200000000000003 0 0 1 1 0 -0 -0 1 0 34.5
2 0 0 0 0 0 -1 -1 0 0 0 1 0 60
2 70 70 0 0 0 -1 -1 0 0 0 1 0 4.2500000000000044
2 -70 70 0 0 0 -1 -1 0 0 0 1 0 4.2500000000000044
2 -70 -70 0 0 0 -1 -1 0 0 0 1 0 4.2500000000000044
2 70 -70 0 0 0 -1 -1 0 0 0 1 0 4.2500000000000044
2 -70 70 0 -0 -0 1 -1 0 0 -0 -1 -0 9.9999999999999929
1 0 80 0 -1 -0 0 
2 70 70 0 -0 -0 1 -1 0 0 -0 -1 -0 10.000000000000002
1 80 0 0 -0 1 0 
2 70 -70 0 -0 -0 1 -1 0 0 -0 -1 -0 10.000000000000002
1 0 -80 0 1 0 -0 
2 -70 -70 0 -0 -0 1 -1 0 0 -0 -1 -0 9.9999999999999929
1 -80 0 0 0 -1 -0 
2 0 0 40 0 0 -1 -1 0 0 0 1 0 60
7 0 0  3 52 26  -1.9846705974936941e-14 60 8  0.39236300148775344 60.000000000000014 7.9999999999999964  0.78595515828572127 59.996151972079915 8.0191938700600058  1.5756805679355457 59.980606930203479 8.0972830084104768  1.967018194876641 59.968986254687437 8.15580281407399  3.1220954746208323 59.923671548252287 8.3866804883510753  3.8708880765416391 59.879450218186051 8.6141967989052084  4.9620865164351811 59.795574925212847 9.0668956987411349  5.3214578487681292 59.764564101090784 9.2372640011652081  6.014150526385091 59.698836079739301 9.6084460612085447  6.3493453141663423 59.663995082250445 9.8099024264280192  6.997967178659783 59.591399970631123 10.243938815083004  7.3113935445384124 59.553644054409247 10.476519575734866  7.9163669411593922 59.476248454112422 10.973135128551114  8.2090628876380798 59.436441166609669 11.238338679771436  9.0451219395297962 59.316968712833273 12.074884263723169  9.539801874386626 59.238382576316759 12.678684973167597  10.190938508363825 59.128615913395983 13.651997109333116  10.392722838442063 59.093375709313882 13.987786206331068  10.764903794569529 59.026710792762842 14.68283449654604  10.934705498470452 58.995386332772782 15.041547461961253  11.385648801725733 58.910615112467951 16.129193235924262  11.613172783606419 58.865600428408754 16.877115500042027  11.844318879962836 58.819369974902799 18.033618120697525  11.903000270086006 58.807483930353925 18.426458305947008  11.980948789609924 58.791652874785285 19.21621750891266  12.000320537607603 58.787688397353968 19.612446852699851  11.999346917259812 58.787887136706203 20.80450938371493  11.920546792061128 58.80412485500635 21.585531641685566  11.690150972599682 58.850203943436341 22.737463577831228  11.594512489863684 58.869185341538369 23.118150282106694  11.364720804594668 58.913978168916877 23.872815783512056  11.230096536341282 58.939872179276136 24.247279686209811  10.777145938420494 59.024973768073778 25.335816452589743  10.408015420412324 59.092034378560463 26.023870940515408  9.7543238262616558 59.202212751632445 27.000472713846207  9.5183613916982104 59.240737226763706 27.318196104327708  9.0178813041152903 59.318984882905099 27.92672786143541  8.7545229237220088 59.358538874057288 28.216482900365921  7.9260923953393956 59.476787866194648 29.04356737335787  7.3230465325641196 59.55508724298133 29.539133949196632  6.3393730756328708 59.665075259880858 30.196463640039376  5.9998265882683244 59.700273077278034 30.39978960770808  5.3085834635096516 59.765704766210291 30.769052167430345  4.9553415502696287 59.79611647726508 30.93604778064168  4.2337107717583731 59.851538399138704 31.235134357959563  3.8653222810494934 59.876550003026566 31.36722595568337  3.1130549504489249 59.920370872323602 31.595836802034817  2.726892485558789 59.939255867641585 31.692736891574071  1.5645791237584994 59.984610014095338 31.92376814346018  0.78473111420180464 59.999999999999993 31.999999999999982  -2.1316282011689178e-14 60 32 
 0.01881082255296428 4 0.019985887518268148 2 0.021160952483572016 2 0.023511082414179763 2 0.024686147379483638 2 0.025861212344787506 2 0.027036277310091377 2 0.028211342275395249 2 0.030561472206002992 2 0.031736537171306867 2 0.032911602136610735 2 0.035261732067218485 2 0.036436797032522374 2 0.037611861997826242 2 0.039961991928434006 2 0.041137056893737887 2 0.042312121859041762 2 0.044662251789649519 2 0.045837316754953401 2 0.047012381720257283 2 0.049362511650865054 2 0.050537576616168936 2 0.051712641581472825 2 0.052887706546776714 2 0.054062771512080589 2 0.05641290144268836 4
2 70 70 20 0 0 -1 -1 0 0 0 1 0 4.2500000000000044
2 -70 70 20 0 0 -1 -1 0 0 0 1 0 4.2500000000000044
2 -70 -70 20 0 0 -1 -1 0 0 0 1 0 4.2500000000000044
2 70 -70 20 0 0 -1 -1 0 0 0 1 0 4.2500000000000044
1 -80 80 20 0 1 -0 
1 -80 80 20 0 1 -0 
1 -80 70 0 -0 -0 -1 
1 -80 -70.000000000000014 0 0 0 1 
1 -80 80 20 0 1 -0 
2 -70 70 20 0 0 -1 -1 0 0 0 1 0 9.9999999999999929
1 -70 80 46.072000000000003 0 0 -1 
2 -2.1316282072799998e-14 80 20 -0 -1 -0 0 0 1 -1 0 0 12
2 -2.1316282072799998e-14 80 20 0 1 0 0 -0 1 1 0 -0 20
1 80 80 20 1 0 -0 
1 80 80 20 1 0 -0 
1 70 80 0 -0 0 -1 
1 80 80 20 1 0 -0 
1 80 80 20 1 0 -0 
2 70 70 20 0 0 -1 -1 0 0 0 1 0 10.000000000000002
1 80 70 46.072000000000003 0 0 -1 
1 80 -80 20 0 -1 -0 
1 80 -80 20 0 -1 -0 
1 80 -70 0 0 0 -1 
1 80 -80 20 0 -1 -0 
2 70 -70 20 0 0 -1 -1 0 0 0 1 0 10.000000000000002
1 70 -80 46.072000000000003 0 0 -1 
1 -80 -80 20 -1 -0 -0 
1 -80 -80 20 -1 -0 -0 
1 -70 -80 0 0 -0 -1 
1 -80 -80 20 -1 -0 -0 
2 -70 -70 20 0 0 -1 -1 0 0 0 1 0 9.9999999999999929
2 0 0 67.200000000001609 0 0 -1 -1 0 0 0 1 0 42.500000000002473
2 70 70 20.000000000000004 0 0 1 1 0 -0 -0 1 0 12.499999999999996
2 -70 70 20.000000000000004 0 0 1 1 0 -0 -0 1 0 12.499999999999996
2 -70 -70 20.000000000000004 0 0 1 1 0 -0 -0 1 0 12.499999999999996
2 70 -70 20.000000000000004 0 0 1 1 0 -0 -0 1 0 12.499999999999996
1 -59.190705715025423 51.791867500642631 50 -0.51004354707851773 0.44628810369372712 -0.73531116446373967 
7 0 0  3 20 10  -66.340278231449489 58.047743452519178 39.69272227325493  -66.987010682436079 57.849717178576519 38.889150864038349  -67.620400507636631 57.712440127640406 38.073662305383216  -68.867466814621054 57.535490786040043 36.424806440934816  -69.481099497630026 57.49607105101412 35.591398177661844  -70.693500367889342 57.504538658681525 33.910626293716923  -71.292246692920202 57.552502532030175 33.063243942330544  -72.182066554403647 57.688273507148857 31.783856916209217  -72.477896192523332 57.744376811764432 31.355104906996875  -73.063843884388191 57.877577390429089 30.5000173653874  -73.353767645539506 57.954572764279206 30.073982435710345  -74.215101642147445 58.216824834043521 28.800905599495422  -74.778129238581869 58.433093981596443 27.958841733073967  -75.884176465998763 58.954625349217054 26.291689219897364  -76.427205302846147 59.259737573595245 25.466555663017175  -77.4937748168106 59.974754666946481 23.838984514554081  -78.018218361379155 60.384984470572384 23.035123541651849  -79.041945074500418 61.340694104513375 21.465562487998813  -79.533916925509359 61.878555900679338 20.71108409029047  -79.999999999999375 62.49999999999919 19.999999999998888 
 3.7292149082512007e-15 4 0.0031069286690227202 2 0.0062138573380417115 2 0.0093207860070607038 2 0.010874250341570199 2 0.012427714676079688 2 0.015534643345098655 2 0.018641572014117622 2 0.0217485006831366 2 0.024855429352155563 4
1 -59.190705715026574 -51.791867500649225 50 0.51004354707831301 0.44628810369369515 0.73531116446390099 
7 0 0  3 18 16  -38.381411430055387 -33.583735001293121 79.999999999999986  -39.100475097268387 -32.76194795303882 80.000000000000014  -40.495598669883975 -31.060423588741639 80.000000000000014  -42.225785818931158 -28.646371128992111 80.000000000000014  -44.036047739049408 -25.802900329970957 80.000000000000014  -45.853100945568457 -22.480923238759601 80.000000000000014  -47.38367485555883 -18.972225886965571 80.000000000000014  -48.93791952616634 -14.6207707065452 80.000000000000014  -50.493976081470393 -8.5979222798836226 80.000000000000014  -51.144578262441151 -1.5632585963420962 80.000000000000014  -50.855421737559034 4.6897757890276148 80.000000000000014  -49.997753400509986 10.87704275762346 80.000000000000014  -48.30201920154942 16.867007475896347 80.000000000000014  -45.853100945568457 22.480923238758656 80.000000000000014  -43.672637097745366 26.467295748217488 80.000000000000014  -41.181214966804369 30.193564109982184 80.000000000000014  -39.340162986344417 32.488018936956848 80.000000000000014  -38.381411430051024 33.583735001290911 80.000000000000014 
 3.4694469519536148e-17 4 0.003418895545466212 1 0.0068377910909323885 1 0.0091170547879098392 1 0.013675582181864744 1 0.018234109575819647 1 0.020513373272797095 1 0.027351164363729454 1 0.03646821915163926 1 0.041026746545594163 1 0.045585273939549066 1 0.054702328727458872 1 0.059260856121413776 1 0.063819383515368672 1 0.068377910909323589 1 0.072936438303278464 4
7 0 0  3 24 12  19.999999999999972 80.000000000000142 20.000000000000082  19.999999999999968 79.372775579618803 21.247772459364661  19.884310471145959 78.753142798312467 22.477694938030663  19.428502281051536 77.532568856158889 24.90490308100404  19.088112575917549 76.931148709687804 26.103146560209151  18.165620086756999 75.754632026608704 28.462546100902788  17.596980508124503 75.196662618543201 29.589524928528544  16.242747778765775 74.14445629224592 31.738222009895026  15.45621956987639 73.649607998324015 32.761300469640403  13.643240058533932 72.733737260462561 34.683579732949639  12.648524638926824 72.328672123675332 35.549269316931721  11.022675669389466 71.797958060850974 36.70155259385939  10.458285839555062 71.63392410464111 37.061102104880874  9.5764013145215809 71.407468451157627 37.561514023482715  9.2765454611032681 71.335253679123909 37.721819699828096  8.6646198499686253 71.197478156244401 38.028908786187273  8.3528130604845288 71.132016814777018 38.175474670241925  6.7843510398761184 70.825667525031037 38.863998228367429  5.483291780819588 70.64309945295075 39.282907933160097  3.461956884197579 70.45798462436305 39.710127125669175  2.7739677725215657 70.411094849610663 39.819011654107712  1.3842264677502087 70.34863450625798 39.964269013280322  0.69121444776942442 70.333333607745843 39.999999999999297  1.9640044375566974e-11 70.333333333304381 39.999999999999993 
 0 4 0.0041321930610138764 2 0.0082643861220277511 2 0.01239657918304163 2 0.016528772244055513 2 0.0206609653050694 2 0.022727061835576351 2 0.023760110100829825 2 0.024793158366083291 2 0.028925351427097141 2 0.03099144795760406 2 0.033057544488110983 4
7 0 0  3 6 3  -57.500000000000064 70 34.87197004572181  -57.500000000000007 69.404850258305302 35.695381065239509  -57.542154377545891 68.803723402621316 36.51022612655138  -57.719991182649522 67.58538228778761 38.118780993483952  -57.855478507047891 66.968194805083215 38.912529776074301  -58.047743452519768 66.340278231447641 39.692722273258155 
 0.018887187921578067 4 0.021923491964909801 2 0.024959796008241528 4
1 -51.791867500649225 59.190705715026574 50 0.44628810369369515 -0.51004354707831301 0.73531116446390099 
7 0 0  3 18 16  -33.583735001293114 38.381411430055365 80.000000000000014  -32.761947953038721 39.100475097268287 80.000000000000128  -31.060423588741575 40.49559866988389 80.000000000000128  -28.646371128992065 42.225785818931087 80.000000000000128  -25.802900329970907 44.036047739049337 80.000000000000128  -22.480923238759559 45.853100945568386 80.000000000000128  -18.972225886965543 47.38367485555878 80.000000000000128  -14.620770706545176 48.93791952616629 80.000000000000128  -8.5979222798836084 50.493976081470343 80.000000000000128  -1.5632585963420933 51.14457826244108 80.000000000000128  4.6897757890276086 50.85542173755897 80.000000000000128  10.877042757623444 49.997753400509922 80.000000000000128  16.867007475896315 48.302019201549342 80.000000000000128  22.480923238758614 45.853100945568386 80.000000000000128  26.467295748217438 43.672637097745302 80.000000000000128  30.19356410998213 41.181214966804291 80.000000000000128  32.48801893695677 39.340162986344353 80.000000000000128  33.583735001290918 38.381411430051024 80.000000000000014 
 1.5515838457795457e-17 4 0.0034188955454661943 1 0.0068377910909323721 1 0.0091170547879098254 1 0.01367558218186473 1 0.018234109575819637 1 0.020513373272797085 1 0.027351164363729443 1 0.036468219151639246 1 0.041026746545594149 1 0.045585273939549059 1 0.054702328727458872 1 0.059260856121413776 1 0.063819383515368686 1 0.068377910909323589 1 0.072936438303278492 4
1 51.791867500642631 59.190705715025423 50 0.44628810369372712 0.51004354707851773 -0.73531116446373967 
7 0 0  3 20 10  58.047743452519178 66.340278231449489 39.69272227325493  57.849717178576505 66.987010682436079 38.889150864038328  57.712440127640427 67.62040050763666 38.073662305383237  57.53549078604005 68.867466814621082 36.424806440934816  57.496071051014127 69.481099497629998 35.591398177661816  57.50453865868154 70.693500367889314 33.910626293716909  57.552502532030239 71.29224669292023 33.063243942330566  57.688273507148878 72.18206655440359 31.783856916209224  57.74437681176439 72.477896192523318 31.355104906996846  57.877577390429046 73.063843884388191 30.500017365387368  57.954572764279163 73.353767645539477 30.07398243571031  58.216824834043457 74.215101642147403 28.800905599495405  58.43309398159645 74.77812923858184 27.958841733073967  58.954625349217082 75.884176465998763 26.291689219897361  59.259737573595245 76.427205302846161 25.46655566301715  59.974754666946495 77.4937748168106 23.838984514554063  60.384984470572405 78.018218361379184 23.03512354165186  61.340694104513368 79.041945074500418 21.46556248799881  61.878555900679302 79.533916925509359 20.71108409029048  62.499999999999183 79.999999999999403 19.999999999998881 
 3.7236266725969774e-15 4 0.0031069286690226902 2 0.0062138573380416569 2 0.0093207860070606257 2 0.010874250341570108 2 0.012427714676079588 2 0.015534643345098574 2 0.01864157201411756 2 0.021748500683136551 2 0.024855429352155536 4
1 59.190705715025423 -51.791867500642631 50 0.51004354707851773 -0.44628810369372712 -0.73531116446373967 
7 0 0  3 20 10  66.340278231449489 -58.047743452519178 39.69272227325493  66.987010682436051 -57.849717178576498 38.889150864038328  67.620400507636646 -57.712440127640434 38.073662305383216  68.867466814621068 -57.53549078604005 36.424806440934837  69.481099497630055 -57.496071051014169 35.591398177661823  70.693500367889385 -57.504538658681597 33.910626293716909  71.29224669292023 -57.552502532030218 33.063243942330551  72.182066554403647 -57.688273507148878 31.783856916209224  72.47789619252336 -57.744376811764411 31.355104906996853  73.063843884388262 -57.877577390429089 30.5000173653874  73.353767645539506 -57.954572764279192 30.07398243571032  74.215101642147445 -58.216824834043443 28.800905599495405  74.77812923858184 -58.4330939815964 27.958841733073967  75.884176465998763 -58.954625349217054 26.291689219897368  76.427205302846161 -59.259737573595281 25.466555663017161  77.4937748168106 -59.974754666946495 23.83898451455407  78.018218361379184 -60.384984470572398 23.035123541651849  79.041945074500418 -61.340694104513375 21.465562487998817  79.533916925509246 -61.878555900679338 20.71108409029052  79.999999999999403 -62.499999999999183 19.999999999998881 
 3.7430235811030579e-15 4 0.0031069286690227215 2 0.0062138573380417002 2 0.0093207860070606795 2 0.01087425034157016 2 0.01242771467607965 2 0.015534643345098633 2 0.018641572014117608 2 0.021748500683136589 2 0.024855429352155567 4
7 0 0  3 20 10  79.99999999999946 62.499999999999325 19.999999999999091  79.534218164783354 61.878957553044714 20.71062760199472  79.04551921825599 61.345028340254323 21.460086240246763  78.033690265736738 60.398449444332115 23.011414269490551  77.510334724440511 59.986677515127923 23.813678435678632  76.432233695185019 59.262303573405156 25.458948993207844  75.885063320645685 58.955015115898831 26.290379397972742  74.776293959169308 58.432257031138896 27.961637562346976  74.214237670985653 58.216692281802146 28.802193425118794  73.07251240433061 57.868808489907934 30.489765688774209  72.49285279279492 57.7365427702997 31.336800234092369  71.607427286066439 57.600187417230146 32.610261537177443  71.309617957367067 57.565130961518314 33.035237882040839  70.708039927846386 57.516420919502899 33.885880907655704  70.403785005250313 57.502790093688887 34.312212109238615  69.487472843611101 57.495580501061731 35.582822377031526  68.870395854432019 57.53512476099268 36.420948690743181  67.619393404047614 57.712533520492947 38.075030781791533  66.985498100920054 57.850180323546773 38.891030261400935  66.34027823144767 58.047743452519775 39.692722273258163 
 1.0866626878440356e-16 4 0.0031199745010302813 2 0.0062399490020604532 2 0.0093599235030906273 2 0.012479898004120801 2 0.015599872505150972 2 0.017159859755666057 2 0.018719847006181144 2 0.021839821507211334 2 0.024959796008241528 4
1 59.190705715026574 51.791867500649225 50 -0.51004354707831301 -0.44628810369369515 0.73531116446390099 
7 0 0  3 18 16  38.381411430055387 33.583735001293121 80  39.100475097268287 32.761947953038721 80.000000000000128  40.49559866988389 31.060423588741575 80.000000000000128  42.225785818931087 28.646371128992065 80.000000000000128  44.036047739049337 25.802900329970907 80.000000000000128  45.853100945568386 22.480923238759559 80.000000000000128  47.38367485555878 18.972225886965543 80.000000000000128  48.93791952616629 14.620770706545176 80.000000000000128  50.493976081470343 8.5979222798836084 80.000000000000128  51.14457826244108 1.5632585963420933 80.000000000000128  50.85542173755897 -4.6897757890276086 80.000000000000128  49.997753400509922 -10.877042757623444 80.000000000000128  48.302019201549342 -16.867007475896315 80.000000000000128  45.853100945568386 -22.480923238758614 80.000000000000128  43.672637097745302 -26.467295748217438 80.000000000000128  41.181214966804291 -30.19356410998213 80.000000000000128  39.340162986344353 -32.48801893695677 80.000000000000128  38.381411430051024 -33.583735001290918 80.000000000000014 
 1.5515838457795457e-17 4 0.0034188955454661943 1 0.0068377910909323721 1 0.0091170547879098254 1 0.01367558218186473 1 0.018234109575819637 1 0.020513373272797085 1 0.027351164363729443 1 0.036468219151639246 1 0.041026746545594149 1 0.045585273939549059 1 0.054702328727458872 1 0.059260856121413776 1 0.063819383515368686 1 0.068377910909323589 1 0.072936438303278492 4
1 -51.791867500642631 -59.190705715025423 50 -0.44628810369372712 -0.51004354707851773 -0.73531116446373967 
7 0 0  3 14 7  -57.500000000000007 -70.000000000000284 34.871916841888705  -57.500000000000043 -70.458832668474315 34.237100795938169  -57.525157257325226 -70.913338325414429 33.598231295270672  -57.624210821238215 -71.815414705784718 32.313704580188592  -57.698328423952937 -72.263930941386803 31.666657878733684  -57.993625138418352 -73.594856071159356 29.726343863684558  -58.284143865178962 -74.45443816406106 28.446247691109711  -59.066199193105525 -76.128238265963716 25.924286005989664  -59.556504276580661 -76.942532587336331 24.682052250035245  -60.491703189277622 -78.129952777970658 22.864038583940047  -60.839166978830846 -78.521794322672733 22.262965657160375  -61.608536865104114 -79.28036564879659 21.100154313765358  -62.030190177949194 -79.647642633461842 20.537577378700774  -62.499999999999169 -79.999999999999403 19.999999999998881 
 0.006064801436169498 4 0.0084136299256677514 2 0.010762458415166008 2 0.015460115394162524 2 0.020157772373159039 2 0.022506600862657284 2 0.024855429352155525 4
7 0 0  3 20 10  62.499999999999325 -79.99999999999946 19.999999999999091  61.878957553044714 -79.534218164783354 20.71062760199472  61.345028340254323 -79.04551921825599 21.460086240246763  60.398449444332115 -78.033690265736723 23.011414269490551  59.986677515127923 -77.510334724440511 23.813678435678632  59.262303573405156 -76.432233695185019 25.458948993207841  58.955015115898846 -75.885063320645713 26.29037939797275  58.43225703113891 -74.776293959169308 27.961637562347001  58.216692281802167 -74.214237670985682 28.802193425118801  57.86880848990797 -73.072512404330666 30.489765688774231  57.736542770299707 -72.492852792794892 31.336800234092376  57.600187417230174 -71.607427286066468 32.61026153717745  57.5651309615183 -71.309617957367038 33.035237882040832  57.516420919502906 -70.708039927846372 33.885880907655711  57.502790093688851 -70.403785005250327 34.312212109238601  57.495580501061688 -69.487472843611158 35.582822377031505  57.535124760992645 -68.87039585443199 36.420948690743174  57.712533520492897 -67.619393404047557 38.075030781791533  57.850180323546681 -66.985498100920054 38.891030261400907  58.047743452519768 -66.340278231447641 39.692722273258155 
 1.0866626878440356e-16 4 0.0031199745010302921 2 0.006239949002060474 2 0.0093599235030906568 2 0.012479898004120841 2 0.015599872505151024 2 0.017159859755666116 2 0.018719847006181203 2 0.021839821507211369 2 0.024959796008241528 4
1 51.791867500649225 -59.190705715026574 50 -0.44628810369369515 0.51004354707831301 0.73531116446390099 
7 0 0  3 18 16  33.583735001293121 -38.381411430055387 80  32.761947953038721 -39.100475097268287 80.000000000000128  31.060423588741575 -40.49559866988389 80.000000000000128  28.646371128992065 -42.225785818931087 80.000000000000128  25.802900329970907 -44.036047739049337 80.000000000000128  22.480923238759559 -45.853100945568386 80.000000000000128  18.972225886965543 -47.38367485555878 80.000000000000128  14.620770706545176 -48.93791952616629 80.000000000000128  8.5979222798836084 -50.493976081470343 80.000000000000128  1.5632585963420933 -51.14457826244108 80.000000000000128  -4.6897757890276086 -50.85542173755897 80.000000000000128  -10.877042757623444 -49.997753400509922 80.000000000000128  -16.867007475896315 -48.302019201549342 80.000000000000128  -22.480923238758614 -45.853100945568386 80.000000000000128  -26.467295748217438 -43.672637097745302 80.000000000000128  -30.193564109982447 -41.181214966804085 80.000000000000128  -32.488018936957353 -39.34016298634387 80.000000000000128  -33.583735001291736 -38.381411430050285 79.999999999999986 
 1.5515838457795457e-17 4 0.003418895545466245 1 0.0068377910909324753 1 0.0091170547879099624 1 0.013675582181864931 1 0.018234109575819904 1 0.02051337327279739 1 0.027351164363729849 1 0.036468219151639794 1 0.041026746545594774 1 0.045585273939549739 1 0.054702328727459677 1 0.059260856121414657 1 0.063819383515369629 1 0.068377910909324602 1 0.072936438303279574 4
2 0 0 67.200000000000003 -0 -0 -1 1 0 0 0 -1 0 27.5
2 -21.920310216779999 -21.920310216779999 67.200000000000003 0 0 -1 -1 0 0 0 1 0 2.149999999999999
2 0 -31 67.200000000000003 0 0 -1 -1 0 0 0 1 0 2.1499999999999999
2 21.920310216779999 -21.920310216779999 67.200000000000003 0 0 -1 -1 0 0 0 1 0 2.149999999999999
2 31 0 67.200000000000003 0 0 -1 -1 0 0 0 1 0 2.149999999999999
2 21.920310216779999 21.920310216779999 67.200000000000003 0 0 -1 -1 0 0 0 1 0 2.149999999999999
2 0 31 67.200000000000003 0 0 -1 -1 0 0 0 1 0 2.1499999999999999
2 -21.920310216779999 21.920310216779999 67.200000000000003 0 0 -1 -1 0 0 0 1 0 2.149999999999999
2 -31 0 67.200000000000003 0 0 -1 -1 0 0 0 1 0 2.149999999999999
7 0 0  3 28 14  66.34027823144767 58.047743452519775 39.692722273258163  65.963935215396916 58.162977820424544 40.160332159378001  65.573092186247294 58.301769396226405 40.604506662397171  64.960534532694865 58.558723156200088 41.225861007939955  64.751918991001432 58.652569566329198 41.425421695985882  64.32418959965122 58.860354223616326 41.806365135851351  64.103964744503557 58.974950453808646 41.988523380651934  63.659491301827018 59.224430470809239 42.323387033513114  63.434623391772789 59.359535463653295 42.476672393978944  62.978983961640495 59.654518409169725 42.750031126806256  62.746821511560505 59.815426778552514 42.870805369065664  62.282234174341973 60.162814399001533 43.069424184632489  62.052680331273784 60.347034050649448 43.146247634350232  61.599640375531088 60.73859623405631 43.250678387176677  61.373794180934254 60.948365614630298 43.27818157747847  60.941503853262795 61.381000090565159 43.277591836650551  60.735909123997487 61.602603237048406 43.250208683042509  60.344469351462671 62.05579582032162 43.145313330874544  60.157100825009437 62.28958035215571 43.066658182935981  59.811851960537318 62.751905433778759 42.868247085003347  59.65304044168608 62.981176276426758 42.748818360711233  59.358535243904811 63.436259724154006 42.475587315173186  59.222418747907305 63.662873838707803 42.321042614679918  58.847089369253823 64.332170875814157 41.816180429819376  58.644726518493016 64.755639353243097 41.433594785153211  58.302516258221807 65.571182037619579 40.606547727771499  58.162901044669603 65.964185956731114 40.160020610811479  58.047743452519178 66.340278231449489 39.69272227325493 
 2.9667321830339967e-16 4 0.0018190405843103721 2 0.0027285608764654017 2 0.0036380811686204319 2 0.0045476014607754621 2 0.0054571217529304911 2 0.0063666420450855226 2 0.0072761623372405524 2 0.0081856826293955857 2 0.0090952029215506137 2 0.010004723213705659 2 0.010914243505860706 2 0.01273328409017079 2 0.014552324674480874 4
7 0 0  3 28 14  -58.047743452519768 66.340278231447641 39.692722273258155  -58.162977820424537 65.96393521539693 40.160332159378008  -58.301769396226405 65.573092186247308 40.604506662397114  -58.558723156200081 64.960534532694837 41.225861007939891  -58.652569566329205 64.751918991001403 41.425421695985882  -58.860354223616334 64.324189599651206 41.806365135851337  -58.974950453808631 64.103964744503585 41.98852338065187  -59.224430470809246 63.65949130182706 42.32338703351305  -59.359535463653302 63.434623391772782 42.476672393978909  -59.654518409169711 62.978983961640495 42.750031126806242  -59.815426778552563 62.746821511560555 42.870805369065714  -60.162814399001597 62.282234174342015 43.069424184632538  -60.347034050649455 62.052680331273805 43.14624763435021  -60.73859623405631 61.599640375531081 43.250678387176677  -60.948365614630333 61.37379418093429 43.278181577478506  -61.381000090565195 60.941503853262837 43.2775918366506  -61.602603237048434 60.735909123997509 43.250208683042509  -62.05579582032167 60.34446935146272 43.145313330874544  -62.28958035215571 60.157100825009451 43.066658182935953  -62.751905433778781 59.811851960537339 42.868247085003325  -62.981176276426801 59.653040441686095 42.748818360711255  -63.436259724154034 59.358535243904846 42.475587315173193  -63.662873838707803 59.222418747907291 42.321042614679925  -64.332170875814157 58.84708936925383 41.816180429819369  -64.755639353243097 58.644726518493023 41.433594785153211  -65.571182037619579 58.302516258221821 40.606547727771485  -65.964185956731114 58.162901044669582 40.160020610811479  -66.340278231449489 58.047743452519178 39.69272227325493 
 2.8994282552341736e-16 4 0.0018190405843103768 2 0.0027285608764654203 2 0.003638081168620464 2 0.0045476014607755055 2 0.00545712175293055 2 0.0063666420450855946 2 0.0072761623372406365 2 0.0081856826293956794 2 0.0090952029215507248 2 0.010004723213705753 2 0.010914243505860776 2 0.012733284090170823 2 0.014552324674480874 4
7 0 0  3 28 14  58.047743452519768 -66.340278231447641 39.692722273258155  58.162977820424537 -65.96393521539693 40.160332159378008  58.301769396226405 -65.573092186247308 40.604506662397114  58.558723156200081 -64.960534532694837 41.225861007939891  58.652569566329205 -64.751918991001403 41.425421695985882  58.860354223616334 -64.324189599651206 41.806365135851337  58.974950453808631 -64.103964744503585 41.98852338065187  59.224430470809246 -63.65949130182706 42.32338703351305  59.359535463653302 -63.434623391772782 42.476672393978909  59.654518409169711 -62.978983961640495 42.750031126806242  59.815426778552563 -62.746821511560555 42.870805369065714  60.162814399001597 -62.282234174342015 43.069424184632538  60.347034050649455 -62.052680331273805 43.14624763435021  60.73859623405631 -61.599640375531081 43.250678387176677  60.948365614630333 -61.37379418093429 43.278181577478506  61.381000090565195 -60.941503853262837 43.2775918366506  61.602603237048434 -60.735909123997509 43.250208683042509  62.05579582032167 -60.34446935146272 43.145313330874544  62.28958035215571 -60.157100825009451 43.066658182935953  62.751905433778781 -59.811851960537339 42.868247085003325  62.981176276426801 -59.653040441686095 42.748818360711255  63.436259724154034 -59.358535243904846 42.475587315173193  63.662873838707803 -59.222418747907291 42.321042614679925  64.332170875814157 -58.84708936925383 41.816180429819369  64.755639353243097 -58.644726518493023 41.433594785153211  65.571182037619579 -58.302516258221821 40.606547727771485  65.964185956731114 -58.162901044669582 40.160020610811479  66.340278231449489 -58.047743452519178 39.69272227325493 
 2.8994282552341736e-16 4 0.0018190405843103768 2 0.0027285608764654203 2 0.003638081168620464 2 0.0045476014607755055 2 0.00545712175293055 2 0.0063666420450855946 2 0.0072761623372406365 2 0.0081856826293956794 2 0.0090952029215507248 2 0.010004723213705753 2 0.010914243505860776 2 0.012733284090170823 2 0.014552324674480874 4
7 0 0  3 7 5  -38.381411430051024 33.583735001290911 80.000000000000014  -37.99049656456183 34.030494847559979 80.000000000000114  -37.22665080293342 34.872744809198863 80.000000000000114  -36.068819857734951 36.068819857734951 80.000000000000114  -34.872744809199112 37.226650802933193 80.000000000000114  -34.030494847559559 37.990496564555919 80.000000000000114  -33.583735001293114 38.381411430055365 80.000000000000014 
 3.9252311467094385e-17 4 0.0016973011069019205 1 0.003394602213803802 1 0.0050919033207056826 1 0.006789204427607564 4
2 0 2.8449465006019641e-13 80.000000000000028 -0 -0 -1 1 0 0 0 -1 0 34.999999999999964
7 0 0  3 7 5  -38.381411430055387 -33.583735001293121 79.999999999999986  -37.990496564556018 -34.030494847559609 79.999999999999986  -37.226650802933285 -34.87274480919919 79.999999999999986  -36.068819857735051 -36.068819857735051 79.999999999999986  -34.872744809199204 -37.226650802933278 79.999999999999986  -34.030494847560576 -37.99049656456144 79.999999999999986  -33.583735001291736 -38.381411430050285 79.999999999999986 
 7.0715465780842165e-16 4 0.0016973011069020172 1 0.0033946022138033275 1 0.0050919033207046382 1 0.0067892044276059473 4
7 0 0  3 7 5  33.583735001293121 -38.381411430055387 80  34.030494847559609 -37.990496564556018 79.999999999999986  34.87274480919919 -37.226650802933285 79.999999999999986  36.068819857735051 -36.068819857735051 79.999999999999986  37.226650802933513 -34.872744809198963 79.999999999999986  37.990496564561909 -34.030494847560057 79.999999999999986  38.381411430051024 -33.583735001290918 80.000000000000014 
 7.0715465780842135e-16 4 0.0016973011069022961 1 0.0033946022138038848 1 0.0050919033207054744 1 0.0067892044276070635 4
7 0 0  3 7 5  38.381411430055387 33.583735001293121 80  37.990496564556018 34.030494847559609 79.999999999999986  37.226650802933285 34.87274480919919 79.999999999999986  36.068819857735051 36.068819857735051 79.999999999999986  34.872744809198963 37.226650802933513 79.999999999999986  34.030494847560057 37.990496564561909 79.999999999999986  33.583735001290918 38.381411430051024 80.000000000000014 
 7.0715465780842135e-16 4 0.0016973011069022961 1 0.0033946022138038848 1 0.0050919033207054744 1 0.0067892044276070635 4
2 0 0 72.200000000000003 -0 -0 -1 1 0 0 0 -1 0 27.5
2 -21.920310216779999 -21.920310216779999 72.200000000000003 0 0 -1 -1 0 0 0 1 0 2.149999999999999
2 0 -31 72.200000000000003 0 0 -1 -1 0 0 0 1 0 2.1499999999999999
2 21.920310216779999 -21.920310216779999 72.200000000000003 0 0 -1 -1 0 0 0 1 0 2.149999999999999
2 31 0 72.200000000000003 0 0 -1 -1 0 0 0 1 0 2.149999999999999
2 21.920310216779999 21.920310216779999 72.200000000000003 0 0 -1 -1 0 0 0 1 0 2.149999999999999
2 0 31 72.200000000000003 0 0 -1 -1 0 0 0 1 0 2.1499999999999999
2 -21.920310216779999 21.920310216779999 72.200000000000003 0 0 -1 -1 0 0 0 1 0 2.149999999999999
2 -31 0 72.200000000000003 0 0 -1 -1 0 0 0 1 0 2.149999999999999
2 0 2.851176827116e-13 79.499999999999957 0 0 1 0 -1 0 1 0 -0 34.500000000000043
2 0 0 72.200000000000003 0 0 1 1 0 -0 -0 1 0 34.5
7 1 0  3 4 2  -4.147073309757054e-16 3.2999999999999998 -4  1 -0.0082860570508464983 3.3000000000000007 -4.0000000000000009  0.9999952714644883 -0.016572055330317241 3.2999687916287308 -4.0000000000000009  0.9999952714644883 -0.024857889078020969 3.2999079942496889 -4  1
 0 4 0.0023977524008347824 4
2 -0.024857877710134032 3.2999063753257829 -3.7999999999999998 0.99997162888660096 0.0075326902151921296 0 -0.0075326902151921296 0.99997162888660096 0 0 -0 1 0.20000000000000007
2 0 0 -3.7999999999999998 -0 -0 1 -1 0 0 -0 -1 -0 3.5
2 0 0 -3.7999999999999998 -0 -0 1 -1 0 0 -0 -1 -0 3.5
2 0.024857877710133622 -3.2999063753257829 -3.7999999999999998 -0.99997162888660096 -0.0075326902151920082 0 0.0075326902151920082 -0.99997162888660096 0 0 0 1 0.20000000000000007
7 0 0  3 127 78  0.024864824359682999 -3.2999095627812176 -3.9999999999868798  0.40929743576059463 -3.2971110325762201 -3.9999999983835952  0.72567176341317652 -3.2294835612318926 -3.9999999253296425  1.2127912362169533 -3.0799917440662847 -3.9999997112801937  1.3853508998435915 -2.9982015502663124 -3.9999995702847007  1.5526022016587524 -2.9131946931565107 -3.9999993521856978  1.5931378296282046 -2.8907384970692496 -3.9999992782612241  1.6259506875588348 -2.8722992484453966 -3.9999991880156114  1.6330345410750475 -2.8682832319189719 -3.9999991655861846  1.6387328710734328 -2.8650340065900695 -3.9999991433862463  1.6403593724165408 -2.8641054783436362 -3.9999991367409482  1.6408864523502764 -2.863806508361709 -3.999999134488792  1.6469575458909702 -2.8603293142965387 -3.9999991089538431  1.6621212344654377 -2.8516118792171361 -3.9999990455746577  1.7255121379189944 -2.8144862298753428 -3.9999987899890006  1.7847287905422229 -2.7771907742599726 -3.9999986154260241  2.0175793032682847 -2.6220112443259911 -3.9999983020891681  2.1900127649685244 -2.4795746636844345 -4.0000000019862476  2.426614889452178 -2.2388148856556764 -3.9999999990050958  2.501515414119809 -2.154847294876161 -4.0000001702456149  2.5898097631714672 -2.0457280234712365 -3.9999999191062825  2.6115503513509921 -2.0181883479480445 -3.9999997689892703  2.6328679328124083 -1.9903336001960563 -3.9999993505904361  2.639237729179309 -1.9819584198724829 -3.999999205563094  2.6413446759991417 -1.979177323547036 -3.9999991528386314  2.6430375796417032 -1.976939277390108 -3.9999991117949336  2.6474137174925176 -1.9711430032921664 -3.9999990098366922  2.6525059265173248 -1.964338427079936 -3.9999989125634281  2.6751069486750616 -1.9338504067298596 -3.9999985529292785  2.7003913852079604 -1.899029285974942 -3.9999983725857065  2.7629008086138174 -1.8068705051399427 -3.9999983871954559  2.8001329709425997 -1.7495199382555289 -3.9999985821487849  2.8515609551109451 -1.6623139802663345 -3.999998951233978  2.8647179602202408 -1.6395414423323078 -3.999999050319309  2.8781854197969654 -1.615525085351877 -3.9999991532291439  2.8822432126975839 -1.6082450965454795 -3.9999991842431881  2.8835978908635198 -1.6058051790389614 -3.9999991946041078  2.8843806287694105 -1.6043944584061496 -3.9999992005601088  2.8863422046028528 -1.6008561303792994 -3.9999992153880544  2.8946796278207003 -1.5857528311549629 -3.9999992763691017  2.902988908572782 -1.5704417345560338 -3.9999993296195751  2.9372980090589587 -1.5061784424817699 -3.9999995285357848  2.968222093868587 -1.4451109633067043 -3.999999642844537  3.0661660451951942 -1.2307746294678339 -3.9999998975069366  3.1390266932109521 -1.0460511395536922 -3.9999999527962551  3.2272072806536483 -0.6998197338781651 -3.999999991245891  3.2529143123309563 -0.57293946676474672 -3.9999999958485009  3.2804337561399968 -0.36570908653708079 -3.9999999991380601  3.2877569595911149 -0.29382489457753613 -3.9999999995821942  3.2951989266285886 -0.18194519877367143 -3.9999999999081992  3.2980334513649421 -0.12499344101616672 -3.999999999981469  3.2996139587220283 -0.056829903354581789 -4.0000000000000515  3.2999502504548865 -0.022325904985438589 -4.0000000000001972  3.29999469548545 -0.0074488638344833756 -3.9999999999990217  3.3000019063484283 0.0024889777843352711 -3.9999999999980353  3.299987638376868 0.0092220344313040676 -3.9999999999972049  3.2991894229700418 0.2193959165804501 -3.9999999999691984  3.2788830277816774 0.42625744932144938 -3.9999999998235278  3.2196788458350034 0.73097142662727455 -3.9999999998257794  3.1951640973655926 0.83161388516711043 -3.9999999998549081  3.1513843404901665 0.9805175325779949 -3.9999999999151918  3.1277435359769887 1.0544545757338446 -3.999999999948693  3.1015155717023077 1.1274968829140617 -3.9999999999752327  3.0834602945149561 1.175979505032799 -3.999999999989551  3.074946755768277 1.1981140227896698 -3.9999999999948082  2.9813986001800195 1.4323223003840144 -4.0000000000224585  2.8773365026217284 1.6318343425101405 -4.0000004276704404  2.692487570962216 1.9129803593393171 -3.9999977920340961  2.6259615754928967 2.003417089401049 -3.9999973856967728  2.5193934305864265 2.1333984135041866 -3.999998214417388  2.464415868618393 2.1969716626515208 -3.9999989189907112  2.3974529334347685 2.268506167773884 -3.999999676086694  2.3632844220937241 2.3035965388549222 -3.9999999121833327  2.3460307493644867 2.3209702433124471 -3.999999977322656  2.3373618547365944 2.3296139458878367 -3.9999999943178808  2.333637633569646 2.3333091137349662 -3.9999999980027776  2.3311528273173274 2.3357704943114119 -3.9999999996300271  2.3288567772082298 2.3380394633440327 -4.0000000000030589  2.3225492996441655 2.3442670158099896 -3.9999999998484248  2.299707929267369 2.367353591514977 -4.0000000096459702  2.2381637310796525 2.4252668542769498 -3.9999999882514814  2.2130683229813921 2.4484167042127662 -3.9999999713336969  2.1680092738474346 2.4882785343374878 -3.9999998909607033  2.1436232172797167 2.5094898740605469 -3.9999998366715817  2.111780758814525 2.5362962684936265 -3.9999997361010569  2.0949921277286903 2.5501883988742908 -3.999999674659779  2.0876090291971545 2.556244061671237 -3.9999996457326414  2.0826449554634641 2.5603034835592045 -3.9999996258476944  2.0792147988478176 2.5630979907681337 -3.9999996117284873  2.0265276470677609 2.605926656379256 -3.9999993914231839  1.9781147760872115 2.6427329907879678 -3.9999991486007143  1.9103923552652808 2.6917633813677191 -3.999998884747169  1.8777516608796965 2.7147327121652136 -3.9999987764555778  1.8419629305102443 2.7390089852545589 -3.9999987075944383  1.8271306772793601 2.7488913925238005 -3.9999986911417009  1.8173564777994264 2.7553657519360528 -3.9999986831311038  1.813612049025068 2.7578352291384998 -3.9999986808415593  1.7140233044038264 2.8230318074190648 -3.999998659357348  1.6171468002937961 2.8795536708779399 -3.999998899345365  1.4678948192057284 2.9566318888494241 -3.9999994022881489  1.3922852554815617 2.9932461377513366 -3.9999996810260239  1.3153529478067847 3.026901527730256 -3.9999998776682015  1.2637881286243549 3.0486738222359362 -3.999999971557219  1.2359031570814656 3.0599980714514814 -4.0000000001240457  1.1154728100277267 3.1072358665064965 -3.9999999995014583  1.0174495982050484 3.1406201070939384 -3.9999997887896384  0.86848826685986114 3.1839023503794825 -3.999999926133099  0.7935262000389095 3.2038457258171951 -4.0000000565041578  0.70535957770877833 3.2241097801058447 -3.9999999391475272  0.66111512363939851 3.2334876094002496 -3.9999997252358992  0.63895468526503685 3.2379875679843257 -3.9999995673573783  0.62786517292997579 3.2401902595656447 -3.9999994740352185  0.62311056124055408 3.2411241320593502 -3.9999994307735567  0.61994038686551212 3.2417444602316854 -3.9999994011856481  0.61709664262035713 3.2422978887206848 -3.999999373675081  0.6063090366948245 3.2443928593673808 -3.9999992678677678  0.57580912608994672 3.2503371517315429 -3.9999992602444223  0.49957481021977423 3.262564855271977 -3.9999993976478345  0.46907713635098713 3.2671575066126608 -3.9999994661778393  0.41562758101378089 3.2741820509114303 -3.9999995851647734  0.38697707233520173 3.2777248515934398 -3.9999996485114511  0.35542653611057345 3.2811629893115768 -3.999999712520395  0.33374747227663171 3.2834129864816024 -3.9999997546498447  0.32079970500464478 3.2846838942963359 -3.999999778583665  0.15590437627831633 3.3000937654074747 -4.0000000681280588  0.051832179756687115 3.2999999999999994 -4.0000000000000009  -4.147073309757054e-16 3.2999999999999998 -4 
 0.0024722980342753312 4 0.064817779407121343 2 0.12716326077996734 2 0.15833600146639029 2 0.16612918663799608 1 0.16807748293089766 2 0.16905163107734844 2 0.17002577922379924 1 0.17392237180960238 1 0.18950874215281485 2 0.25185422352566494 2 0.28302696421208995 2 0.29082014938369621 1 0.29276844567659782 2 0.29374259382304868 2 0.29471674196949954 1 0.29861333455530281 2 0.31419970489851545 2 0.3297860752417282 2 0.33368266782753137 1 0.33465681597398217 2 0.33514389004720763 2 0.33563096412043303 1 0.33757926041333486 1 0.34537244558494273 2 0.37654518627137401 2 0.43889066764423657 2 0.47006340833066784 2 0.48564977867388343 2 0.49344296384549119 1 0.49733955643129518 1 0.49928785272419707 1 0.50026200087064809 2 0.50123614901709901 2 0.56358163038996156 2 0.59475437107639273 2 0.61034074141960848 1 0.61813392659121635 2 0.62592711176282412 2 0.68827259313568701 2 0.71944533382211839 2 0.73503170416533403 1 0.74282488933694213 1 0.7467214819227459 1 0.74866977821564784 1 0.74964392636209853 1 0.75013100043532432 2 0.75061807450854989 2 0.7662044448517672 2 0.77399763002337552 2 0.77789422260917995 1 0.77984251890208212 1 0.78081666704853314 1 0.78130374112175871 2 0.78179081519498428 2 0.79737718553819936 2 0.8051703707098069 1 0.80906696329561056 1 0.8110152595885125 2 0.81296355588141445 2 0.84413629656784395 2 0.8597226669110587 1 0.86751585208266613 2 0.87530903725427378 2 0.9064817779407035 2 0.92206814828391825 1 0.92986133345552546 1 0.93375792604132912 1 0.93570622233423106 1 0.93668037048068187 1 0.93716744455390755 2 0.93765451862713278 2 0.95324088897034964 2 0.96103407414195796 2 0.96493066672776229 1 0.96687896302066434 2 0.96882725931356661 2 1 4
2 0 0 0 0 0 1 1 0 -0 -0 1 0 2
1 -2 2.4492935982947064e-16 0 0 0 1 
2 0 0 9.8000000000000007 -0 -0 -1 1 0 0 0 -1 0 2
1 2 0 0 0 0 1 
2 0 0 9.9999999999909033 0 0 -1 -1 0 0 0 1 0 1.8000000000029104
1 2.0000000000095497 2.4492935983064013e-16 9.7999999999274223 0.70710678108606162 8.659560561124337e-17 -0.70710678128703341 
1 -2.0000000000095497 0 9.7999999999274223 -0.70710678108606162 0 -0.70710678128703341 
2 0 0 0 0 0 -1 -1 0 0 0 1 0 3.5
1 3.5 4.2862637970157366e-16 0 0 0 -1 
2 0 0 -3.7999999999999998 -0 -0 1 -1 0 0 -0 -1 -0 3.5
1 -3.5 0 0 0 0 -1 
2 0 0 0 0 0 1 1 0 -0 -0 1 0 2
2 0 0 9.8000000000000007 -0 -0 -1 1 0 0 0 -1 0 2
2 0 0 9.9999999999909033 0 0 -1 -1 0 0 0 1 0 1.8000000000029104
2 0 0 0 0 0 -1 -1 0 0 0 1 0 3.5
2 0 0 -3.7999999999999998 -0 -0 1 -1 0 0 -0 -1 -0 3.5
7 1 0  3 4 2  -0.024857889078020969 3.2999079942496889 -4  1 -6.5752811582701787 3.2505626668600862 -4  0.3358442478393725 -6.5506091290419226 -3.3000000000000007 -4  0.3358442478393725 3.550762114890027e-16 -3.2999999999999998 -4  1
 0.0023977524008347824 4 1 4
7 0 0  3 7 4  3.550762114890027e-16 -3.2999999999999998 -4  0.004059857646020344 -3.2999999999999985 -3.9999999999999991  0.010212495300044902 -3.2999891680203479 -4.0000000000008207  0.016459350413748877 -3.2999610333886662 -3.9999999999953895  0.020644850306520801 -3.2999383125246124 -3.999999999988014  0.02105367410250324 -3.2999373065778541 -3.9999999999895248  0.024864824359682999 -3.2999095627812176 -3.9999999999868798 
 0 4 0.0012361490171376656 1 0.0018542235257064984 2 0.0024722980342753312 4
1 -0.86602540378439996 -1.5 -4 0.50000000000001688 -0.86602540378442905 0 
1 0 -1.5 -4 1 -0 0 
1 1.7320508075690002 0 -4 0.50000000000001688 0.86602540378442905 0 
1 0.86602540378439996 1.5 -4 -0.50000000000001688 0.86602540378442905 0 
1 -0.86602540378439996 1.5 -4 -1 -0 -0 
1 -1.7320508075690002 0 -4 -0.50000000000001688 -0.86602540378442905 0 
1 0.86602540378439996 -1.5 -1.3999999999999999 -1 -0 -0 
1 0.86602540378439996 -1.5 -4 -0 0 1 
1 -0.86602540378439996 -1.5 -4 0 -0 -1 
1 -0.86602540378439996 -1.5 -1.3999999999999999 -0.50000000000001688 0.86602540378442905 -0 
1 -1.7320508075689085 5.3342746886286812e-14 -4 -0 -0 -1 
1 1.7320508075690002 0 -1.3999999999999999 -0.50000000000006994 -0.8660254037843983 0 
1 -1.7320508075690002 0 -1.3999999999999999 0.50000000000006994 0.8660254037843983 0 
1 -0.86602540378439996 1.5 -1.3999999999999999 1 0 0 
1 0.86602540378439996 1.5 -1.3999999999999999 0.50000000000001688 -0.86602540378442905 -0 
1 1.7320508075690002 0 -4 -0 0 1 
1 -0.866025403784492 1.5000000000000533 -4 -0 -0 -1 
1 0.86602540378439996 1.5 -4 0 -0 1 
Polygon3D 0
PolygonOnTriangulations 445
2 1 2 
p 0.64672973466792 1 -40 0 
2 20 1 
p 0.64672973466792 1 -40 0 
19 3 4 5 6 7 8 9 10 11 12 13 14 15 16 17 18 19 20 2 
p 0.64672973466792 1 3.14159265358979 3.31612557878923 3.49065850398866 3.66519142918809 3.83972435438752 4.01425727958696 4.18879020478639 4.36332312998582 4.53785605518526 4.71238898038469 4.88692190558412 5.06145483078355 5.23598775598299 5.41052068118242 5.58505360638185 5.75958653158128 5.93411945678072 6.10865238198015 6.28318530717959 
19 2 20 21 22 23 24 25 26 27 28 29 30 31 32 33 34 35 36 1 
p 0.64672973466792 1 3.14159265358979 3.31612557878923 3.49065850398866 3.66519142918809 3.83972435438752 4.01425727958696 4.18879020478639 4.36332312998582 4.53785605518526 4.71238898038469 4.88692190558412 5.06145483078355 5.23598775598299 5.41052068118242 5.58505360638185 5.75958653158128 5.93411945678072 6.10865238198015 6.28318530717959 
2 21 3 
p 0.64672973466792 1 -40 0 
2 21 2 
p 0.64672973466792 1 -40 0 
19 3 4 5 6 7 8 9 10 11 12 13 14 15 16 17 18 19 20 2 
p 0.64672973466792 1 3.14159265358979 3.31612557878923 3.49065850398866 3.66519142918809 3.83972435438752 4.01425727958696 4.18879020478639 4.36332312998582 4.53785605518526 4.71238898038469 4.88692190558412 5.06145483078355 5.23598775598299 5.41052068118242 5.58505360638185 5.75958653158128 5.93411945678072 6.10865238198015 6.28318530717959 
19 21 22 23 24 25 26 27 28 29 30 31 32 33 34 35 36 37 38 1 
p 0.64672973466792 1 3.14159265358979 3.31612557878923 3.49065850398866 3.66519142918809 3.83972435438752 4.01425727958696 4.18879020478639 4.36332312998582 4.53785605518526 4.71238898038469 4.88692190558412 5.06145483078355 5.23598775598299 5.41052068118242 5.58505360638185 5.75958653158128 5.93411945678072 6.10865238198015 6.28318530717959 
2 1 2 
p 0.64672973466792 1 -20 0 
2 20 1 
p 0.64672973466792 1 -20 0 
19 3 4 5 6 7 8 9 10 11 12 13 14 15 16 17 18 19 20 2 
p 0.64672973466792 1 3.14159265358979 3.31612557878923 3.49065850398866 3.66519142918809 3.83972435438752 4.01425727958696 4.18879020478639 4.36332312998582 4.53785605518526 4.71238898038469 4.88692190558412 5.06145483078355 5.23598775598299 5.41052068118242 5.58505360638185 5.75958653158128 5.93411945678072 6.10865238198015 6.28318530717959 
19 38 56 57 58 59 60 61 62 63 64 65 66 67 68 69 70 71 72 37 
p 0.64672973466792 1 3.14159265358979 3.31612557878923 3.49065850398866 3.66519142918809 3.83972435438752 4.01425727958696 4.18879020478639 4.36332312998582 4.53785605518526 4.71238898038469 4.88692190558412 5.06145483078355 5.23598775598299 5.41052068118242 5.58505360638185 5.75958653158128 5.93411945678072 6.10865238198015 6.28318530717959 
2 21 3 
p 0.64672973466792 1 -20 0 
2 21 2 
p 0.64672973466792 1 -20 0 
19 21 22 23 24 25 26 27 28 29 30 31 32 33 34 35 36 37 38 1 
p 0.64672973466792 1 3.14159265358979 3.31612557878923 3.49065850398866 3.66519142918809 3.83972435438752 4.01425727958696 4.18879020478639 4.36332312998582 4.53785605518526 4.71238898038469 4.88692190558412 5.06145483078355 5.23598775598299 5.41052068118242 5.58505360638185 5.75958653158128 5.93411945678072 6.10865238198015 6.28318530717959 
19 2 20 21 22 23 24 25 26 27 28 29 30 31 32 33 34 35 36 1 
p 0.64672973466792 1 3.14159265358979 3.31612557878923 3.49065850398866 3.66519142918809 3.83972435438752 4.01425727958696 4.18879020478639 4.36332312998582 4.53785605518526 4.71238898038469 4.88692190558412 5.06145483078355 5.23598775598299 5.41052068118242 5.58505360638185 5.75958653158128 5.93411945678072 6.10865238198015 6.28318530717959 
2 1 2 
p 0.64672973466792 1 -20 0 
2 20 1 
p 0.64672973466792 1 -20 0 
19 3 4 5 6 7 8 9 10 11 12 13 14 15 16 17 18 19 20 2 
p 0.64672973466792 1 3.14159265358979 3.31612557878923 3.49065850398866 3.66519142918809 3.83972435438752 4.01425727958696 4.18879020478639 4.36332312998582 4.53785605518526 4.71238898038469 4.88692190558412 5.06145483078355 5.23598775598299 5.41052068118242 5.58505360638185 5.75958653158128 5.93411945678072 6.10865238198015 6.28318530717959 
19 74 92 93 94 95 96 97 98 99 100 101 102 103 104 105 106 107 108 73 
p 0.64672973466792 1 3.14159265358979 3.31612557878923 3.49065850398866 3.66519142918809 3.83972435438752 4.01425727958696 4.18879020478639 4.36332312998582 4.53785605518526 4.71238898038469 4.88692190558412 5.06145483078355 5.23598775598299 5.41052068118242 5.58505360638185 5.75958653158128 5.93411945678072 6.10865238198015 6.28318530717959 
2 21 3 
p 0.64672973466792 1 -20 0 
2 21 2 
p 0.64672973466792 1 -20 0 
19 21 22 23 24 25 26 27 28 29 30 31 32 33 34 35 36 37 38 1 
p 0.64672973466792 1 3.14159265358979 3.31612557878923 3.49065850398866 3.66519142918809 3.83972435438752 4.01425727958696 4.18879020478639 4.36332312998582 4.53785605518526 4.71238898038469 4.88692190558412 5.06145483078355 5.23598775598299 5.41052068118242 5.58505360638185 5.75958653158128 5.93411945678072 6.10865238198015 6.28318530717959 
19 2 20 21 22 23 24 25 26 27 28 29 30 31 32 33 34 35 36 1 
p 0.64672973466792 1 3.14159265358979 3.31612557878923 3.49065850398866 3.66519142918809 3.83972435438752 4.01425727958696 4.18879020478639 4.36332312998582 4.53785605518526 4.71238898038469 4.88692190558412 5.06145483078355 5.23598775598299 5.41052068118242 5.58505360638185 5.75958653158128 5.93411945678072 6.10865238198015 6.28318530717959 
2 1 2 
p 0.64672973466792 1 -20 0 
2 20 1 
p 0.64672973466792 1 -20 0 
19 3 4 5 6 7 8 9 10 11 12 13 14 15 16 17 18 19 20 2 
p 0.64672973466792 1 3.14159265358979 3.31612557878923 3.49065850398866 3.66519142918809 3.83972435438752 4.01425727958696 4.18879020478639 4.36332312998582 4.53785605518526 4.71238898038469 4.88692190558412 5.06145483078355 5.23598775598299 5.41052068118242 5.58505360638185 5.75958653158128 5.93411945678072 6.10865238198015 6.28318530717959 
19 110 128 129 130 131 132 133 134 135 136 137 138 139 140 141 142 143 144 109 
p 0.64672973466792 1 3.14159265358979 3.31612557878923 3.49065850398866 3.66519142918809 3.83972435438752 4.01425727958696 4.18879020478639 4.36332312998582 4.53785605518526 4.71238898038469 4.88692190558412 5.06145483078355 5.23598775598299 5.41052068118242 5.58505360638185 5.75958653158128 5.93411945678072 6.10865238198015 6.28318530717959 
2 21 3 
p 0.64672973466792 1 -20 0 
2 21 2 
p 0.64672973466792 1 -20 0 
19 21 22 23 24 25 26 27 28 29 30 31 32 33 34 35 36 37 38 1 
p 0.64672973466792 1 3.14159265358979 3.31612557878923 3.49065850398866 3.66519142918809 3.83972435438752 4.01425727958696 4.18879020478639 4.36332312998582 4.53785605518526 4.71238898038469 4.88692190558412 5.06145483078355 5.23598775598299 5.41052068118242 5.58505360638185 5.75958653158128 5.93411945678072 6.10865238198015 6.28318530717959 
19 2 20 21 22 23 24 25 26 27 28 29 30 31 32 33 34 35 36 1 
p 0.64672973466792 1 3.14159265358979 3.31612557878923 3.49065850398866 3.66519142918809 3.83972435438752 4.01425727958696 4.18879020478639 4.36332312998582 4.53785605518526 4.71238898038469 4.88692190558412 5.06145483078355 5.23598775598299 5.41052068118242 5.58505360638185 5.75958653158128 5.93411945678072 6.10865238198015 6.28318530717959 
2 1 2 
p 0.64672973466792 1 -20 0 
2 20 1 
p 0.64672973466792 1 -20 0 
19 3 4 5 6 7 8 9 10 11 12 13 14 15 16 17 18 19 20 2 
p 0.64672973466792 1 3.14159265358979 3.31612557878923 3.49065850398866 3.66519142918809 3.83972435438752 4.01425727958696 4.18879020478639 4.36332312998582 4.53785605518526 4.71238898038469 4.88692190558412 5.06145483078355 5.23598775598299 5.41052068118242 5.58505360638185 5.75958653158128 5.93411945678072 6.10865238198015 6.28318530717959 
19 146 164 165 166 167 168 169 170 171 172 173 174 175 176 177 178 179 180 145 
p 0.64672973466792 1 3.14159265358979 3.31612557878923 3.49065850398866 3.66519142918809 3.83972435438752 4.01425727958696 4.18879020478639 4.36332312998582 4.53785605518526 4.71238898038469 4.88692190558412 5.06145483078355 5.23598775598299 5.41052068118242 5.58505360638185 5.75958653158128 5.93411945678072 6.10865238198015 6.28318530717959 
2 21 3 
p 0.64672973466792 1 -20 0 
2 21 2 
p 0.64672973466792 1 -20 0 
19 21 22 23 24 25 26 27 28 29 30 31 32 33 34 35 36 37 38 1 
p 0.64672973466792 1 3.14159265358979 3.31612557878923 3.49065850398866 3.66519142918809 3.83972435438752 4.01425727958696 4.18879020478639 4.36332312998582 4.53785605518526 4.71238898038469 4.88692190558412 5.06145483078355 5.23598775598299 5.41052068118242 5.58505360638185 5.75958653158128 5.93411945678072 6.10865238198015 6.28318530717959 
19 2 20 21 22 23 24 25 26 27 28 29 30 31 32 33 34 35 36 1 
p 0.64672973466792 1 3.14159265358979 3.31612557878923 3.49065850398866 3.66519142918809 3.83972435438752 4.01425727958696 4.18879020478639 4.36332312998582 4.53785605518526 4.71238898038469 4.88692190558412 5.06145483078355 5.23598775598299 5.41052068118242 5.58505360638185 5.75958653158128 5.93411945678072 6.10865238198015 6.28318530717959 
2 1 2 
p 0.64672973466792 1 -32.3433146105961 -1.89597047991531e-12 
2 20 1 
p 0.64672973466792 1 -32.3433146105961 -1.89597047991531e-12 
2 21 3 
p 0.64672973466792 1 -32.3433146105961 -1.89597047991531e-12 
2 21 2 
p 0.64672973466792 1 -32.3433146105961 -1.89597047991531e-12 
19 21 22 23 24 25 26 27 28 29 30 31 32 33 34 35 36 37 38 1 
p 0.64672973466792 1 3.14159265358979 3.31612557878923 3.49065850398866 3.66519142918809 3.83972435438752 4.01425727958696 4.18879020478639 4.36332312998582 4.53785605518526 4.71238898038469 4.88692190558412 5.06145483078355 5.23598775598299 5.41052068118242 5.58505360638185 5.75958653158128 5.93411945678072 6.10865238198015 6.28318530717959 
19 326 344 345 346 347 348 349 350 351 352 353 354 355 356 357 358 359 360 325 
p 0.64672973466792 1 3.14159265358979 3.31612557878923 3.49065850398866 3.66519142918809 3.83972435438752 4.01425727958696 4.18879020478639 4.36332312998582 4.53785605518526 4.71238898038469 4.88692190558412 5.06145483078355 5.23598775598299 5.41052068118242 5.58505360638185 5.75958653158128 5.93411945678072 6.10865238198015 6.28318530717959 
2 1 2 
p 0.64672973466792 1 -20 0 
2 20 2 
p 0.64672973466792 1 -20 0 
19 2 4 5 6 7 8 9 10 11 12 13 14 15 16 17 18 19 20 3 
p 0.64672973466792 1 0 0.174532925199433 0.349065850398866 0.523598775598299 0.698131700797732 0.872664625997165 1.0471975511966 1.22173047639603 1.39626340159546 1.5707963267949 1.74532925199433 1.91986217719376 2.0943951023932 2.26892802759263 2.44346095279206 2.61799387799149 2.79252680319093 2.96705972839036 3.14159265358979 
19 1 3 4 5 6 7 8 9 10 11 12 13 14 15 16 17 18 19 2 
p 0.64672973466792 1 0 0.174532925199433 0.349065850398866 0.523598775598299 0.698131700797732 0.872664625997165 1.0471975511966 1.22173047639603 1.39626340159546 1.5707963267949 1.74532925199433 1.91986217719376 2.0943951023932 2.26892802759263 2.44346095279206 2.61799387799149 2.79252680319093 2.96705972839036 3.14159265358979 
2 21 3 
p 0.64672973466792 1 -20 0 
2 21 1 
p 0.64672973466792 1 -20 0 
20 1 22 23 24 25 26 27 28 29 30 31 32 33 34 35 36 37 38 39 21 
p 0.64672973466792 1 0.0564129014426884 0.0584229780456207 0.0604330546485531 0.0624431312514855 0.0644532078544178 0.0664632844573502 0.0684733610602826 0.070483437663215 0.0724935142661473 0.0745035908690797 0.0765136674720121 0.0785237440749444 0.0805338206778768 0.0825438972808092 0.0845539738837415 0.0865640504866739 0.0885741270896063 0.0905842036925387 0.0922995920757973 0.094014980459056 
20 40 59 60 61 62 63 64 65 66 67 68 69 70 71 72 73 74 75 76 39 
p 0.64672973466792 1 0.0564129014426884 0.0584229780456207 0.0604330546485531 0.0624431312514855 0.0644532078544178 0.0664632844573502 0.0684733610602826 0.070483437663215 0.0724935142661473 0.0745035908690797 0.0765136674720121 0.0785237440749444 0.0805338206778768 0.0825438972808092 0.0845539738837415 0.0865640504866739 0.0885741270896063 0.0905842036925387 0.0922995920757973 0.094014980459056 
12 3 14 15 16 17 18 19 20 21 22 23 13 
p 0.64672973466792 1 0.033057544488111 0.0361537642362309 0.0392499839843508 0.0423462037324707 0.0454424234805907 0.0485386432287106 0.0516348629768305 0.0547310827249504 0.0578273024730703 0.0609235222211902 0.0634656614456836 0.066007800670177 
12 1 3 4 5 6 7 8 9 10 11 12 2 
p 0.64672973466792 1 0.033057544488111 0.0361537642362309 0.0392499839843508 0.0423462037324707 0.0454424234805907 0.0485386432287106 0.0516348629768305 0.0547310827249504 0.0578273024730703 0.0609235222211902 0.0634656614456836 0.066007800670177 
2 1 13 
p 0.64672973466792 1 -9.66666666669562 0 
2 1 2 
p 0.64672973466792 1 -9.66666666669562 0 
10 2 14 15 16 17 18 19 20 21 13 
p 0.64672973466792 1 4.7123889803847 4.88692190558413 5.06145483078356 5.235987755983 5.41052068118243 5.58505360638186 5.75958653158129 5.93411945678072 6.10865238198016 6.28318530717959 
10 37 39 40 41 42 43 44 45 46 38 
p 0.64672973466792 1 4.7123889803847 4.88692190558413 5.06145483078356 5.235987755983 5.41052068118243 5.58505360638186 5.75958653158129 5.93411945678072 6.10865238198016 6.28318530717959 
7 24 26 27 28 29 30 25 
p 0.64672973466792 1 1.08666268784404e-16 0.00314786465359644 0.00629572930719276 0.00944359396078909 0.0136407468322509 0.0162639673769145 0.0188871879215781 
7 1 3 4 5 6 7 2 
p 0.64672973466792 1 1.08666268784404e-16 0.00314786465359644 0.00629572930719276 0.00944359396078909 0.0136407468322509 0.0162639673769145 0.0188871879215781 
2 8 2 
p 0.64672973466792 1 -60 -45.1280299542782 
2 24 1 
p 0.64672973466792 1 -60 -45.1280299542782 
7 8 9 10 11 12 13 1 
p 0.64672973466792 1 0 0.154549203000257 0.309098406000514 0.463647609000772 0.618196812001029 0.772746015001286 0.927295218001543 
7 48 64 65 66 67 68 63 
p 0.64672973466792 1 0 0.154549203000257 0.309098406000514 0.463647609000772 0.618196812001029 0.772746015001286 0.927295218001543 
8 9 11 12 13 14 15 16 10 
p 0.64672973466792 1 1.08666268784404e-16 0.00329008673194504 0.00658017346388998 0.00987026019583491 0.0142570425050948 0.0191921726030122 0.0220759843056269 0.0249597960082415 
8 1 3 4 5 6 7 8 2 
p 0.64672973466792 1 1.08666268784404e-16 0.00329008673194504 0.00658017346388998 0.00987026019583491 0.0142570425050948 0.0191921726030122 0.0220759843056269 0.0249597960082415 
15 1 4 5 6 7 8 9 10 11 12 13 14 15 16 3 
p 0.64672973466792 1 2.89942825523417e-16 0.00218284870117238 0.00361501573401138 0.00480848826137722 0.00580304870084875 0.00663184906707503 0.00737776939667868 0.00812368972628233 0.00886961005588598 0.00961553038548963 0.0103614507150933 0.0111073710446969 0.0121019314841685 0.0133271280793247 0.0145523246744809 
15 2 10 11 12 13 14 15 16 17 18 19 20 21 22 9 
p 0.64672973466792 1 2.89942825523417e-16 0.00218284870117238 0.00361501573401138 0.00480848826137722 0.00580304870084875 0.00663184906707503 0.00737776939667868 0.00812368972628233 0.00886961005588598 0.00961553038548963 0.0103614507150933 0.0111073710446969 0.0121019314841685 0.0133271280793247 0.0145523246744809 
3 2 4 3 
p 0.64672973466792 1 3.71804298769198e-15 0.00294519870214476 0.0060648014361695 
3 9 24 23 
p 0.64672973466792 1 3.71804298769198e-15 0.00294519870214476 0.0060648014361695 
2 25 23 
p 0.64672973466792 1 -60 -45.1280831581113 
2 6 1 
p 0.64672973466792 1 -60 -45.1280831581113 
16 25 26 27 28 29 30 31 32 33 34 35 36 37 38 39 1 
p 0.64672973466792 1 0 0.166539436319763 0.333078872639525 0.499618308959288 0.666157745279051 0.832697181598813 0.999236617918576 1.16577605423834 1.3323154905581 1.49885492687786 1.66539436319763 1.83193379951739 1.99847323583715 2.16501267215691 2.33155210847668 2.49809154479644 
16 38 45 46 47 48 49 50 51 52 53 54 55 56 57 58 44 
p 0.64672973466792 1 0 0.166539436319763 0.333078872639525 0.499618308959288 0.666157745279051 0.832697181598813 0.999236617918576 1.16577605423834 1.3323154905581 1.49885492687786 1.66539436319763 1.83193379951739 1.99847323583715 2.16501267215691 2.33155210847668 2.49809154479644 
2 1 2 
p 0.64672973466792 1 -5 0 
2 20 2 
p 0.64672973466792 1 -5 0 
19 2 4 5 6 7 8 9 10 11 12 13 14 15 16 17 18 19 20 3 
p 0.64672973466792 1 0 0.174532925199433 0.349065850398866 0.523598775598299 0.698131700797732 0.872664625997165 1.0471975511966 1.22173047639603 1.39626340159546 1.5707963267949 1.74532925199433 1.91986217719376 2.0943951023932 2.26892802759263 2.44346095279206 2.61799387799149 2.79252680319093 2.96705972839036 3.14159265358979 
19 289 291 292 293 294 295 296 297 298 299 300 301 302 303 304 305 306 307 290 
p 0.64672973466792 1 0 0.174532925199433 0.349065850398866 0.523598775598299 0.698131700797732 0.872664625997165 1.0471975511966 1.22173047639603 1.39626340159546 1.5707963267949 1.74532925199433 1.91986217719376 2.0943951023932 2.26892802759263 2.44346095279206 2.61799387799149 2.79252680319093 2.96705972839036 3.14159265358979 
2 21 3 
p 0.64672973466792 1 -5 0 
2 21 1 
p 0.64672973466792 1 -5 0 
19 1 22 23 24 25 26 27 28 29 30 31 32 33 34 35 36 37 38 21 
p 0.64672973466792 1 0 0.174532925199433 0.349065850398866 0.523598775598299 0.698131700797732 0.872664625997165 1.0471975511966 1.22173047639603 1.39626340159546 1.5707963267949 1.74532925199433 1.91986217719376 2.0943951023932 2.26892802759263 2.44346095279206 2.61799387799149 2.79252680319093 2.96705972839036 3.14159265358979 
19 1 3 4 5 6 7 8 9 10 11 12 13 14 15 16 17 18 19 2 
p 0.64672973466792 1 0 0.174532925199433 0.349065850398866 0.523598775598299 0.698131700797732 0.872664625997165 1.0471975511966 1.22173047639603 1.39626340159546 1.5707963267949 1.74532925199433 1.91986217719376 2.0943951023932 2.26892802759263 2.44346095279206 2.61799387799149 2.79252680319093 2.96705972839036 3.14159265358979 
2 1 2 
p 0.64672973466792 1 -5 0 
2 20 1 
p 0.64672973466792 1 -5 0 
19 3 4 5 6 7 8 9 10 11 12 13 14 15 16 17 18 19 20 2 
p 0.64672973466792 1 3.14159265358979 3.31612557878923 3.49065850398866 3.66519142918809 3.83972435438752 4.01425727958696 4.18879020478639 4.36332312998582 4.53785605518526 4.71238898038469 4.88692190558412 5.06145483078355 5.23598775598299 5.41052068118242 5.58505360638185 5.75958653158128 5.93411945678072 6.10865238198015 6.28318530717959 
19 38 56 57 58 59 60 61 62 63 64 65 66 67 68 69 70 71 72 37 
p 0.64672973466792 1 3.14159265358979 3.31612557878923 3.49065850398866 3.66519142918809 3.83972435438752 4.01425727958696 4.18879020478639 4.36332312998582 4.53785605518526 4.71238898038469 4.88692190558412 5.06145483078355 5.23598775598299 5.41052068118242 5.58505360638185 5.75958653158128 5.93411945678072 6.10865238198015 6.28318530717959 
2 21 3 
p 0.64672973466792 1 -5 0 
2 21 2 
p 0.64672973466792 1 -5 0 
19 21 22 23 24 25 26 27 28 29 30 31 32 33 34 35 36 37 38 1 
p 0.64672973466792 1 3.14159265358979 3.31612557878923 3.49065850398866 3.66519142918809 3.83972435438752 4.01425727958696 4.18879020478639 4.36332312998582 4.53785605518526 4.71238898038469 4.88692190558412 5.06145483078355 5.23598775598299 5.41052068118242 5.58505360638185 5.75958653158128 5.93411945678072 6.10865238198015 6.28318530717959 
19 2 20 21 22 23 24 25 26 27 28 29 30 31 32 33 34 35 36 1 
p 0.64672973466792 1 3.14159265358979 3.31612557878923 3.49065850398866 3.66519142918809 3.83972435438752 4.01425727958696 4.18879020478639 4.36332312998582 4.53785605518526 4.71238898038469 4.88692190558412 5.06145483078355 5.23598775598299 5.41052068118242 5.58505360638185 5.75958653158128 5.93411945678072 6.10865238198015 6.28318530717959 
2 1 2 
p 0.64672973466792 1 -5 0 
2 20 1 
p 0.64672973466792 1 -5 0 
19 3 4 5 6 7 8 9 10 11 12 13 14 15 16 17 18 19 20 2 
p 0.64672973466792 1 3.14159265358979 3.31612557878923 3.49065850398866 3.66519142918809 3.83972435438752 4.01425727958696 4.18879020478639 4.36332312998582 4.53785605518526 4.71238898038469 4.88692190558412 5.06145483078355 5.23598775598299 5.41052068118242 5.58505360638185 5.75958653158128 5.93411945678072 6.10865238198015 6.28318530717959 
19 74 92 93 94 95 96 97 98 99 100 101 102 103 104 105 106 107 108 73 
p 0.64672973466792 1 3.14159265358979 3.31612557878923 3.49065850398866 3.66519142918809 3.83972435438752 4.01425727958696 4.18879020478639 4.36332312998582 4.53785605518526 4.71238898038469 4.88692190558412 5.06145483078355 5.23598775598299 5.41052068118242 5.58505360638185 5.75958653158128 5.93411945678072 6.10865238198015 6.28318530717959 
2 21 3 
p 0.64672973466792 1 -5 0 
2 21 2 
p 0.64672973466792 1 -5 0 
19 21 22 23 24 25 26 27 28 29 30 31 32 33 34 35 36 37 38 1 
p 0.64672973466792 1 3.14159265358979 3.31612557878923 3.49065850398866 3.66519142918809 3.83972435438752 4.01425727958696 4.18879020478639 4.36332312998582 4.53785605518526 4.71238898038469 4.88692190558412 5.06145483078355 5.23598775598299 5.41052068118242 5.58505360638185 5.75958653158128 5.93411945678072 6.10865238198015 6.28318530717959 
19 38 56 57 58 59 60 61 62 63 64 65 66 67 68 69 70 71 72 37 
p 0.64672973466792 1 3.14159265358979 3.31612557878923 3.49065850398866 3.66519142918809 3.83972435438752 4.01425727958696 4.18879020478639 4.36332312998582 4.53785605518526 4.71238898038469 4.88692190558412 5.06145483078355 5.23598775598299 5.41052068118242 5.58505360638185 5.75958653158128 5.93411945678072 6.10865238198015 6.28318530717959 
2 1 2 
p 0.64672973466792 1 -5 0 
2 20 1 
p 0.64672973466792 1 -5 0 
19 3 4 5 6 7 8 9 10 11 12 13 14 15 16 17 18 19 20 2 
p 0.64672973466792 1 3.14159265358979 3.31612557878923 3.49065850398866 3.66519142918809 3.83972435438752 4.01425727958696 4.18879020478639 4.36332312998582 4.53785605518526 4.71238898038469 4.88692190558412 5.06145483078355 5.23598775598299 5.41052068118242 5.58505360638185 5.75958653158128 5.93411945678072 6.10865238198015 6.28318530717959 
19 110 128 129 130 131 132 133 134 135 136 137 138 139 140 141 142 143 144 109 
p 0.64672973466792 1 3.14159265358979 3.31612557878923 3.49065850398866 3.66519142918809 3.83972435438752 4.01425727958696 4.18879020478639 4.36332312998582 4.53785605518526 4.71238898038469 4.88692190558412 5.06145483078355 5.23598775598299 5.41052068118242 5.58505360638185 5.75958653158128 5.93411945678072 6.10865238198015 6.28318530717959 
2 21 3 
p 0.64672973466792 1 -5 0 
2 21 2 
p 0.64672973466792 1 -5 0 
19 21 22 23 24 25 26 27 28 29 30 31 32 33 34 35 36 37 38 1 
p 0.64672973466792 1 3.14159265358979 3.31612557878923 3.49065850398866 3.66519142918809 3.83972435438752 4.01425727958696 4.18879020478639 4.36332312998582 4.53785605518526 4.71238898038469 4.88692190558412 5.06145483078355 5.23598775598299 5.41052068118242 5.58505360638185 5.75958653158128 5.93411945678072 6.10865238198015 6.28318530717959 
19 74 92 93 94 95 96 97 98 99 100 101 102 103 104 105 106 107 108 73 
p 0.64672973466792 1 3.14159265358979 3.31612557878923 3.49065850398866 3.66519142918809 3.83972435438752 4.01425727958696 4.18879020478639 4.36332312998582 4.53785605518526 4.71238898038469 4.88692190558412 5.06145483078355 5.23598775598299 5.41052068118242 5.58505360638185 5.75958653158128 5.93411945678072 6.10865238198015 6.28318530717959 
2 1 2 
p 0.64672973466792 1 -5 0 
2 20 1 
p 0.64672973466792 1 -5 0 
19 3 4 5 6 7 8 9 10 11 12 13 14 15 16 17 18 19 20 2 
p 0.64672973466792 1 3.14159265358979 3.31612557878923 3.49065850398866 3.66519142918809 3.83972435438752 4.01425727958696 4.18879020478639 4.36332312998582 4.53785605518526 4.71238898038469 4.88692190558412 5.06145483078355 5.23598775598299 5.41052068118242 5.58505360638185 5.75958653158128 5.93411945678072 6.10865238198015 6.28318530717959 
19 146 164 165 166 167 168 169 170 171 172 173 174 175 176 177 178 179 180 145 
p 0.64672973466792 1 3.14159265358979 3.31612557878923 3.49065850398866 3.66519142918809 3.83972435438752 4.01425727958696 4.18879020478639 4.36332312998582 4.53785605518526 4.71238898038469 4.88692190558412 5.06145483078355 5.23598775598299 5.41052068118242 5.58505360638185 5.75958653158128 5.93411945678072 6.10865238198015 6.28318530717959 
2 21 3 
p 0.64672973466792 1 -5 0 
2 21 2 
p 0.64672973466792 1 -5 0 
19 21 22 23 24 25 26 27 28 29 30 31 32 33 34 35 36 37 38 1 
p 0.64672973466792 1 3.14159265358979 3.31612557878923 3.49065850398866 3.66519142918809 3.83972435438752 4.01425727958696 4.18879020478639 4.36332312998582 4.53785605518526 4.71238898038469 4.88692190558412 5.06145483078355 5.23598775598299 5.41052068118242 5.58505360638185 5.75958653158128 5.93411945678072 6.10865238198015 6.28318530717959 
19 110 128 129 130 131 132 133 134 135 136 137 138 139 140 141 142 143 144 109 
p 0.64672973466792 1 3.14159265358979 3.31612557878923 3.49065850398866 3.66519142918809 3.83972435438752 4.01425727958696 4.18879020478639 4.36332312998582 4.53785605518526 4.71238898038469 4.88692190558412 5.06145483078355 5.23598775598299 5.41052068118242 5.58505360638185 5.75958653158128 5.93411945678072 6.10865238198015 6.28318530717959 
2 1 2 
p 0.64672973466792 1 -5 0 
2 20 1 
p 0.64672973466792 1 -5 0 
19 3 4 5 6 7 8 9 10 11 12 13 14 15 16 17 18 19 20 2 
p 0.64672973466792 1 3.14159265358979 3.31612557878923 3.49065850398866 3.66519142918809 3.83972435438752 4.01425727958696 4.18879020478639 4.36332312998582 4.53785605518526 4.71238898038469 4.88692190558412 5.06145483078355 5.23598775598299 5.41052068118242 5.58505360638185 5.75958653158128 5.93411945678072 6.10865238198015 6.28318530717959 
19 182 200 201 202 203 204 205 206 207 208 209 210 211 212 213 214 215 216 181 
p 0.64672973466792 1 3.14159265358979 3.31612557878923 3.49065850398866 3.66519142918809 3.83972435438752 4.01425727958696 4.18879020478639 4.36332312998582 4.53785605518526 4.71238898038469 4.88692190558412 5.06145483078355 5.23598775598299 5.41052068118242 5.58505360638185 5.75958653158128 5.93411945678072 6.10865238198015 6.28318530717959 
2 21 3 
p 0.64672973466792 1 -5 0 
2 21 2 
p 0.64672973466792 1 -5 0 
19 21 22 23 24 25 26 27 28 29 30 31 32 33 34 35 36 37 38 1 
p 0.64672973466792 1 3.14159265358979 3.31612557878923 3.49065850398866 3.66519142918809 3.83972435438752 4.01425727958696 4.18879020478639 4.36332312998582 4.53785605518526 4.71238898038469 4.88692190558412 5.06145483078355 5.23598775598299 5.41052068118242 5.58505360638185 5.75958653158128 5.93411945678072 6.10865238198015 6.28318530717959 
19 146 164 165 166 167 168 169 170 171 172 173 174 175 176 177 178 179 180 145 
p 0.64672973466792 1 3.14159265358979 3.31612557878923 3.49065850398866 3.66519142918809 3.83972435438752 4.01425727958696 4.18879020478639 4.36332312998582 4.53785605518526 4.71238898038469 4.88692190558412 5.06145483078355 5.23598775598299 5.41052068118242 5.58505360638185 5.75958653158128 5.93411945678072 6.10865238198015 6.28318530717959 
2 1 2 
p 0.64672973466792 1 -5 0 
2 20 1 
p 0.64672973466792 1 -5 0 
19 3 4 5 6 7 8 9 10 11 12 13 14 15 16 17 18 19 20 2 
p 0.64672973466792 1 3.14159265358979 3.31612557878923 3.49065850398866 3.66519142918809 3.83972435438752 4.01425727958696 4.18879020478639 4.36332312998582 4.53785605518526 4.71238898038469 4.88692190558412 5.06145483078355 5.23598775598299 5.41052068118242 5.58505360638185 5.75958653158128 5.93411945678072 6.10865238198015 6.28318530717959 
19 218 236 237 238 239 240 241 242 243 244 245 246 247 248 249 250 251 252 217 
p 0.64672973466792 1 3.14159265358979 3.31612557878923 3.49065850398866 3.66519142918809 3.83972435438752 4.01425727958696 4.18879020478639 4.36332312998582 4.53785605518526 4.71238898038469 4.88692190558412 5.06145483078355 5.23598775598299 5.41052068118242 5.58505360638185 5.75958653158128 5.93411945678072 6.10865238198015 6.28318530717959 
2 21 3 
p 0.64672973466792 1 -5 0 
2 21 2 
p 0.64672973466792 1 -5 0 
19 21 22 23 24 25 26 27 28 29 30 31 32 33 34 35 36 37 38 1 
p 0.64672973466792 1 3.14159265358979 3.31612557878923 3.49065850398866 3.66519142918809 3.83972435438752 4.01425727958696 4.18879020478639 4.36332312998582 4.53785605518526 4.71238898038469 4.88692190558412 5.06145483078355 5.23598775598299 5.41052068118242 5.58505360638185 5.75958653158128 5.93411945678072 6.10865238198015 6.28318530717959 
19 182 200 201 202 203 204 205 206 207 208 209 210 211 212 213 214 215 216 181 
p 0.64672973466792 1 3.14159265358979 3.31612557878923 3.49065850398866 3.66519142918809 3.83972435438752 4.01425727958696 4.18879020478639 4.36332312998582 4.53785605518526 4.71238898038469 4.88692190558412 5.06145483078355 5.23598775598299 5.41052068118242 5.58505360638185 5.75958653158128 5.93411945678072 6.10865238198015 6.28318530717959 
2 1 2 
p 0.64672973466792 1 -5 0 
2 20 1 
p 0.64672973466792 1 -5 0 
19 3 4 5 6 7 8 9 10 11 12 13 14 15 16 17 18 19 20 2 
p 0.64672973466792 1 3.14159265358979 3.31612557878923 3.49065850398866 3.66519142918809 3.83972435438752 4.01425727958696 4.18879020478639 4.36332312998582 4.53785605518526 4.71238898038469 4.88692190558412 5.06145483078355 5.23598775598299 5.41052068118242 5.58505360638185 5.75958653158128 5.93411945678072 6.10865238198015 6.28318530717959 
19 254 272 273 274 275 276 277 278 279 280 281 282 283 284 285 286 287 288 253 
p 0.64672973466792 1 3.14159265358979 3.31612557878923 3.49065850398866 3.66519142918809 3.83972435438752 4.01425727958696 4.18879020478639 4.36332312998582 4.53785605518526 4.71238898038469 4.88692190558412 5.06145483078355 5.23598775598299 5.41052068118242 5.58505360638185 5.75958653158128 5.93411945678072 6.10865238198015 6.28318530717959 
2 21 3 
p 0.64672973466792 1 -5 0 
2 21 2 
p 0.64672973466792 1 -5 0 
19 21 22 23 24 25 26 27 28 29 30 31 32 33 34 35 36 37 38 1 
p 0.64672973466792 1 3.14159265358979 3.31612557878923 3.49065850398866 3.66519142918809 3.83972435438752 4.01425727958696 4.18879020478639 4.36332312998582 4.53785605518526 4.71238898038469 4.88692190558412 5.06145483078355 5.23598775598299 5.41052068118242 5.58505360638185 5.75958653158128 5.93411945678072 6.10865238198015 6.28318530717959 
19 218 236 237 238 239 240 241 242 243 244 245 246 247 248 249 250 251 252 217 
p 0.64672973466792 1 3.14159265358979 3.31612557878923 3.49065850398866 3.66519142918809 3.83972435438752 4.01425727958696 4.18879020478639 4.36332312998582 4.53785605518526 4.71238898038469 4.88692190558412 5.06145483078355 5.23598775598299 5.41052068118242 5.58505360638185 5.75958653158128 5.93411945678072 6.10865238198015 6.28318530717959 
2 1 2 
p 0.64672973466792 1 -5 0 
2 20 1 
p 0.64672973466792 1 -5 0 
19 3 4 5 6 7 8 9 10 11 12 13 14 15 16 17 18 19 20 2 
p 0.64672973466792 1 3.14159265358979 3.31612557878923 3.49065850398866 3.66519142918809 3.83972435438752 4.01425727958696 4.18879020478639 4.36332312998582 4.53785605518526 4.71238898038469 4.88692190558412 5.06145483078355 5.23598775598299 5.41052068118242 5.58505360638185 5.75958653158128 5.93411945678072 6.10865238198015 6.28318530717959 
19 290 308 309 310 311 312 313 314 315 316 317 318 319 320 321 322 323 324 289 
p 0.64672973466792 1 3.14159265358979 3.31612557878923 3.49065850398866 3.66519142918809 3.83972435438752 4.01425727958696 4.18879020478639 4.36332312998582 4.53785605518526 4.71238898038469 4.88692190558412 5.06145483078355 5.23598775598299 5.41052068118242 5.58505360638185 5.75958653158128 5.93411945678072 6.10865238198015 6.28318530717959 
2 21 3 
p 0.64672973466792 1 -5 0 
2 21 2 
p 0.64672973466792 1 -5 0 
19 21 22 23 24 25 26 27 28 29 30 31 32 33 34 35 36 37 38 1 
p 0.64672973466792 1 3.14159265358979 3.31612557878923 3.49065850398866 3.66519142918809 3.83972435438752 4.01425727958696 4.18879020478639 4.36332312998582 4.53785605518526 4.71238898038469 4.88692190558412 5.06145483078355 5.23598775598299 5.41052068118242 5.58505360638185 5.75958653158128 5.93411945678072 6.10865238198015 6.28318530717959 
19 254 272 273 274 275 276 277 278 279 280 281 282 283 284 285 286 287 288 253 
p 0.64672973466792 1 3.14159265358979 3.31612557878923 3.49065850398866 3.66519142918809 3.83972435438752 4.01425727958696 4.18879020478639 4.36332312998582 4.53785605518526 4.71238898038469 4.88692190558412 5.06145483078355 5.23598775598299 5.41052068118242 5.58505360638185 5.75958653158128 5.93411945678072 6.10865238198015 6.28318530717959 
2 1 2 
p 0.64672973466792 1 -0.707106781186542 0 
2 20 2 
p 0.64672973466792 1 -0.707106781186542 0 
19 2 4 5 6 7 8 9 10 11 12 13 14 15 16 17 18 19 20 3 
p 0.64672973466792 1 0 0.174532925199433 0.349065850398866 0.523598775598299 0.698131700797732 0.872664625997165 1.0471975511966 1.22173047639603 1.39626340159546 1.5707963267949 1.74532925199433 1.91986217719376 2.0943951023932 2.26892802759263 2.44346095279206 2.61799387799149 2.79252680319093 2.96705972839036 3.14159265358979 
19 1 3 4 5 6 7 8 9 10 11 12 13 14 15 16 17 18 19 2 
p 0.64672973466792 1 0 0.174532925199433 0.349065850398866 0.523598775598299 0.698131700797732 0.872664625997165 1.0471975511966 1.22173047639603 1.39626340159546 1.5707963267949 1.74532925199433 1.91986217719376 2.0943951023932 2.26892802759263 2.44346095279206 2.61799387799149 2.79252680319093 2.96705972839036 3.14159265358979 
2 21 3 
p 0.64672973466792 1 -0.707106781186542 0 
2 21 1 
p 0.64672973466792 1 -0.707106781186542 0 
19 21 22 23 24 25 26 27 28 29 30 31 32 33 34 35 36 37 38 1 
p 0.64672973466792 1 4.7123889803847 4.88692190558413 5.06145483078356 5.23598775598299 5.41052068118243 5.58505360638186 5.75958653158129 5.93411945678072 6.10865238198015 6.28318530717958 6.45771823237902 6.63225115757845 6.80678408277788 6.98131700797731 7.15584993317674 7.33038285837618 7.50491578357561 7.67944870877504 7.85398163397447 
19 3 4 5 6 7 8 9 10 11 12 13 14 15 16 17 18 19 20 2 
p 0.64672973466792 1 4.7123889803847 4.88692190558413 5.06145483078356 5.23598775598299 5.41052068118243 5.58505360638186 5.75958653158129 5.93411945678072 6.10865238198015 6.28318530717958 6.45771823237902 6.63225115757845 6.80678408277788 6.98131700797731 7.15584993317674 7.33038285837618 7.50491578357561 7.67944870877504 7.85398163397447 
2 1 2 
p 0.64672973466792 1 -7.8 -0.500000000000043 
2 21 1 
p 0.64672973466792 1 -7.8 -0.500000000000043 
2 21 3 
p 0.64672973466792 1 -7.8 -0.500000000000043 
2 22 2 
p 0.64672973466792 1 -7.8 -0.500000000000043 
19 21 22 23 24 25 26 27 28 29 30 31 32 33 34 35 36 37 38 1 
p 0.64672973466792 1 3.14159265358979 3.31612557878923 3.49065850398866 3.66519142918809 3.83972435438752 4.01425727958696 4.18879020478639 4.36332312998582 4.53785605518526 4.71238898038469 4.88692190558412 5.06145483078355 5.23598775598299 5.41052068118242 5.58505360638185 5.75958653158128 5.93411945678072 6.10865238198015 6.28318530717959 
19 326 344 345 346 347 348 349 350 351 352 353 354 355 356 357 358 359 360 325 
p 0.64672973466792 1 3.14159265358979 3.31612557878923 3.49065850398866 3.66519142918809 3.83972435438752 4.01425727958696 4.18879020478639 4.36332312998582 4.53785605518526 4.71238898038469 4.88692190558412 5.06145483078355 5.23598775598299 5.41052068118242 5.58505360638185 5.75958653158128 5.93411945678072 6.10865238198015 6.28318530717959 
19 1 3 4 5 6 7 8 9 10 11 12 13 14 15 16 17 18 19 2 
p 0.64672973466792 1 0 0.174532925199433 0.349065850398866 0.523598775598299 0.698131700797732 0.872664625997165 1.0471975511966 1.22173047639603 1.39626340159546 1.5707963267949 1.74532925199433 1.91986217719376 2.0943951023932 2.26892802759263 2.44346095279206 2.61799387799149 2.79252680319093 2.96705972839036 3.14159265358979 
19 1 3 4 5 6 7 8 9 10 11 12 13 14 15 16 17 18 19 2 
p 0.64672973466792 1 0 0.174532925199433 0.349065850398866 0.523598775598299 0.698131700797732 0.872664625997165 1.0471975511966 1.22173047639603 1.39626340159546 1.5707963267949 1.74532925199433 1.91986217719376 2.0943951023932 2.26892802759263 2.44346095279206 2.61799387799149 2.79252680319093 2.96705972839036 3.14159265358979 
19 1 3 4 5 6 7 8 9 10 11 12 13 14 15 16 17 18 19 2 
p 0.64672973466792 1 0 0.174532925199433 0.349065850398866 0.523598775598299 0.698131700797732 0.872664625997165 1.0471975511966 1.22173047639603 1.39626340159546 1.5707963267949 1.74532925199433 1.91986217719376 2.0943951023932 2.26892802759263 2.44346095279206 2.61799387799149 2.79252680319093 2.96705972839036 3.14159265358979 
19 37 39 40 41 42 43 44 45 46 47 48 49 50 51 52 53 54 55 38 
p 0.64672973466792 1 0 0.174532925199433 0.349065850398866 0.523598775598299 0.698131700797732 0.872664625997165 1.0471975511966 1.22173047639603 1.39626340159546 1.5707963267949 1.74532925199433 1.91986217719376 2.0943951023932 2.26892802759263 2.44346095279206 2.61799387799149 2.79252680319093 2.96705972839036 3.14159265358979 
19 1 3 4 5 6 7 8 9 10 11 12 13 14 15 16 17 18 19 2 
p 0.64672973466792 1 0 0.174532925199433 0.349065850398866 0.523598775598299 0.698131700797732 0.872664625997165 1.0471975511966 1.22173047639603 1.39626340159546 1.5707963267949 1.74532925199433 1.91986217719376 2.0943951023932 2.26892802759263 2.44346095279206 2.61799387799149 2.79252680319093 2.96705972839036 3.14159265358979 
19 73 75 76 77 78 79 80 81 82 83 84 85 86 87 88 89 90 91 74 
p 0.64672973466792 1 0 0.174532925199433 0.349065850398866 0.523598775598299 0.698131700797732 0.872664625997165 1.0471975511966 1.22173047639603 1.39626340159546 1.5707963267949 1.74532925199433 1.91986217719376 2.0943951023932 2.26892802759263 2.44346095279206 2.61799387799149 2.79252680319093 2.96705972839036 3.14159265358979 
19 1 3 4 5 6 7 8 9 10 11 12 13 14 15 16 17 18 19 2 
p 0.64672973466792 1 0 0.174532925199433 0.349065850398866 0.523598775598299 0.698131700797732 0.872664625997165 1.0471975511966 1.22173047639603 1.39626340159546 1.5707963267949 1.74532925199433 1.91986217719376 2.0943951023932 2.26892802759263 2.44346095279206 2.61799387799149 2.79252680319093 2.96705972839036 3.14159265358979 
19 109 111 112 113 114 115 116 117 118 119 120 121 122 123 124 125 126 127 110 
p 0.64672973466792 1 0 0.174532925199433 0.349065850398866 0.523598775598299 0.698131700797732 0.872664625997165 1.0471975511966 1.22173047639603 1.39626340159546 1.5707963267949 1.74532925199433 1.91986217719376 2.0943951023932 2.26892802759263 2.44346095279206 2.61799387799149 2.79252680319093 2.96705972839036 3.14159265358979 
19 1 3 4 5 6 7 8 9 10 11 12 13 14 15 16 17 18 19 2 
p 0.64672973466792 1 0 0.174532925199433 0.349065850398866 0.523598775598299 0.698131700797732 0.872664625997165 1.0471975511966 1.22173047639603 1.39626340159546 1.5707963267949 1.74532925199433 1.91986217719376 2.0943951023932 2.26892802759263 2.44346095279206 2.61799387799149 2.79252680319093 2.96705972839036 3.14159265358979 
19 145 147 148 149 150 151 152 153 154 155 156 157 158 159 160 161 162 163 146 
p 0.64672973466792 1 0 0.174532925199433 0.349065850398866 0.523598775598299 0.698131700797732 0.872664625997165 1.0471975511966 1.22173047639603 1.39626340159546 1.5707963267949 1.74532925199433 1.91986217719376 2.0943951023932 2.26892802759263 2.44346095279206 2.61799387799149 2.79252680319093 2.96705972839036 3.14159265358979 
10 12 13 14 15 16 17 18 19 20 2 
p 0.64672973466792 1 4.71238898038469 4.88692190558412 5.06145483078356 5.23598775598299 5.41052068118242 5.58505360638185 5.75958653158129 5.93411945678072 6.10865238198015 6.28318530717959 
10 181 183 184 185 186 187 188 189 190 182 
p 0.64672973466792 1 4.71238898038469 4.88692190558412 5.06145483078356 5.23598775598299 5.41052068118242 5.58505360638185 5.75958653158129 5.93411945678072 6.10865238198015 6.28318530717959 
2 191 181 
p 0.64672973466792 1 -70 70 
2 58 59 
p 0.64672973466792 1 -70 70 
10 12 13 14 15 16 17 18 19 20 2 
p 0.64672973466792 1 3.14159265358979 3.31612557878923 3.49065850398866 3.66519142918809 3.83972435438752 4.01425727958696 4.18879020478639 4.36332312998582 4.53785605518526 4.71238898038469 
10 192 193 194 195 196 197 198 199 200 191 
p 0.64672973466792 1 3.14159265358979 3.31612557878923 3.49065850398866 3.66519142918809 3.83972435438752 4.01425727958696 4.18879020478639 4.36332312998582 4.53785605518526 4.71238898038469 
2 201 192 
p 0.64672973466792 1 -70 70 
2 4 5 
p 0.64672973466792 1 -70 70 
10 12 13 14 15 16 17 18 19 20 2 
p 0.64672973466792 1 1.5707963267949 1.74532925199433 1.91986217719376 2.0943951023932 2.26892802759263 2.44346095279206 2.61799387799149 2.79252680319093 2.96705972839036 3.14159265358979 
10 202 203 204 205 206 207 208 209 210 201 
p 0.64672973466792 1 1.5707963267949 1.74532925199433 1.91986217719376 2.0943951023932 2.26892802759263 2.44346095279206 2.61799387799149 2.79252680319093 2.96705972839036 3.14159265358979 
2 211 202 
p 0.64672973466792 1 -70 70 
2 4 5 
p 0.64672973466792 1 -70 70 
10 12 13 14 15 16 17 18 19 20 2 
p 0.64672973466792 1 0 0.174532925199433 0.349065850398866 0.523598775598299 0.698131700797732 0.872664625997165 1.0471975511966 1.22173047639603 1.39626340159546 1.5707963267949 
10 212 213 214 215 216 217 218 219 220 211 
p 0.64672973466792 1 0 0.174532925199433 0.349065850398866 0.523598775598299 0.698131700797732 0.872664625997165 1.0471975511966 1.22173047639603 1.39626340159546 1.5707963267949 
2 182 212 
p 0.64672973466792 1 -70 70 
2 4 5 
p 0.64672973466792 1 -70 70 
19 1 3 4 5 6 7 8 9 10 11 12 13 14 15 16 17 18 19 2 
p 0.64672973466792 1 0 0.174532925199433 0.349065850398866 0.523598775598299 0.698131700797732 0.872664625997165 1.0471975511966 1.22173047639603 1.39626340159546 1.5707963267949 1.74532925199433 1.91986217719376 2.0943951023932 2.26892802759263 2.44346095279206 2.61799387799149 2.79252680319093 2.96705972839036 3.14159265358979 
19 20 22 23 24 25 26 27 28 29 30 31 32 33 34 35 36 37 38 21 
p 0.64672973466792 1 0 0.174532925199433 0.349065850398866 0.523598775598299 0.698131700797732 0.872664625997165 1.0471975511966 1.22173047639603 1.39626340159546 1.5707963267949 1.74532925199433 1.91986217719376 2.0943951023932 2.26892802759263 2.44346095279206 2.61799387799149 2.79252680319093 2.96705972839036 3.14159265358979 
20 39 41 42 43 44 45 46 47 48 49 50 51 52 53 54 55 56 57 58 40 
p 0.64672973466792 1 0.0188108225529643 0.0208209122145152 0.0228310018760662 0.0248410915376171 0.0268511811991681 0.028861270860719 0.03087136052227 0.032881450183821 0.0348915398453719 0.0369016295069229 0.0389117191684738 0.0409218088300248 0.0429318984915757 0.0449419881531267 0.0469520778146777 0.0489621674762286 0.0509722571377796 0.0529823467993305 0.0546976241210095 0.0564129014426884 
20 21 22 23 24 25 26 27 28 29 30 31 32 33 34 35 36 37 38 39 20 
p 0.64672973466792 1 0.0188108225529643 0.0208209122145152 0.0228310018760662 0.0248410915376171 0.0268511811991681 0.028861270860719 0.03087136052227 0.032881450183821 0.0348915398453719 0.0369016295069229 0.0389117191684738 0.0409218088300248 0.0429318984915757 0.0449419881531267 0.0469520778146777 0.0489621674762286 0.0509722571377796 0.0529823467993305 0.0546976241210095 0.0564129014426884 
19 20 22 23 24 25 26 27 28 29 30 31 32 33 34 35 36 37 38 21 
p 0.64672973466792 1 0 0.174532925199433 0.349065850398866 0.523598775598299 0.698131700797732 0.872664625997165 1.0471975511966 1.22173047639603 1.39626340159546 1.5707963267949 1.74532925199433 1.91986217719376 2.0943951023932 2.26892802759263 2.44346095279206 2.61799387799149 2.79252680319093 2.96705972839036 3.14159265358979 
19 1 3 4 5 6 7 8 9 10 11 12 13 14 15 16 17 18 19 2 
p 0.64672973466792 1 0 0.174532925199433 0.349065850398866 0.523598775598299 0.698131700797732 0.872664625997165 1.0471975511966 1.22173047639603 1.39626340159546 1.5707963267949 1.74532925199433 1.91986217719376 2.0943951023932 2.26892802759263 2.44346095279206 2.61799387799149 2.79252680319093 2.96705972839036 3.14159265358979 
19 20 22 23 24 25 26 27 28 29 30 31 32 33 34 35 36 37 38 21 
p 0.64672973466792 1 0 0.174532925199433 0.349065850398866 0.523598775598299 0.698131700797732 0.872664625997165 1.0471975511966 1.22173047639603 1.39626340159546 1.5707963267949 1.74532925199433 1.91986217719376 2.0943951023932 2.26892802759263 2.44346095279206 2.61799387799149 2.79252680319093 2.96705972839036 3.14159265358979 
19 1 3 4 5 6 7 8 9 10 11 12 13 14 15 16 17 18 19 2 
p 0.64672973466792 1 0 0.174532925199433 0.349065850398866 0.523598775598299 0.698131700797732 0.872664625997165 1.0471975511966 1.22173047639603 1.39626340159546 1.5707963267949 1.74532925199433 1.91986217719376 2.0943951023932 2.26892802759263 2.44346095279206 2.61799387799149 2.79252680319093 2.96705972839036 3.14159265358979 
19 20 22 23 24 25 26 27 28 29 30 31 32 33 34 35 36 37 38 21 
p 0.64672973466792 1 0 0.174532925199433 0.349065850398866 0.523598775598299 0.698131700797732 0.872664625997165 1.0471975511966 1.22173047639603 1.39626340159546 1.5707963267949 1.74532925199433 1.91986217719376 2.0943951023932 2.26892802759263 2.44346095279206 2.61799387799149 2.79252680319093 2.96705972839036 3.14159265358979 
19 1 3 4 5 6 7 8 9 10 11 12 13 14 15 16 17 18 19 2 
p 0.64672973466792 1 0 0.174532925199433 0.349065850398866 0.523598775598299 0.698131700797732 0.872664625997165 1.0471975511966 1.22173047639603 1.39626340159546 1.5707963267949 1.74532925199433 1.91986217719376 2.0943951023932 2.26892802759263 2.44346095279206 2.61799387799149 2.79252680319093 2.96705972839036 3.14159265358979 
19 20 22 23 24 25 26 27 28 29 30 31 32 33 34 35 36 37 38 21 
p 0.64672973466792 1 0 0.174532925199433 0.349065850398866 0.523598775598299 0.698131700797732 0.872664625997165 1.0471975511966 1.22173047639603 1.39626340159546 1.5707963267949 1.74532925199433 1.91986217719376 2.0943951023932 2.26892802759263 2.44346095279206 2.61799387799149 2.79252680319093 2.96705972839036 3.14159265358979 
19 1 3 4 5 6 7 8 9 10 11 12 13 14 15 16 17 18 19 2 
p 0.64672973466792 1 0 0.174532925199433 0.349065850398866 0.523598775598299 0.698131700797732 0.872664625997165 1.0471975511966 1.22173047639603 1.39626340159546 1.5707963267949 1.74532925199433 1.91986217719376 2.0943951023932 2.26892802759263 2.44346095279206 2.61799387799149 2.79252680319093 2.96705972839036 3.14159265358979 
2 9 3 
p 0.64672973466792 1 -142.499999999999 -17.5000000000008 
2 1 2 
p 0.64672973466792 1 -142.499999999999 -17.5000000000008 
2 2 3 
p 0.64672973466792 1 -17.5000000000008 -10 
2 47 37 
p 0.64672973466792 1 -17.5000000000008 -10 
2 1 2 
p 0.64672973466792 1 -20 -0 
2 3 4 
p 0.64672973466792 1 -20 -0 
2 12 3 
p 0.64672973466792 1 0 20 
2 5 6 
p 0.64672973466792 1 0 20 
2 6 1 
p 0.64672973466792 1 -150 -142.499999999999 
2 59 44 
p 0.64672973466792 1 -150 -142.499999999999 
10 1 4 5 6 7 8 9 10 11 3 
p 0.64672973466792 1 0 0.174532925199433 0.349065850398866 0.523598775598299 0.698131700797732 0.872664625997165 1.0471975511966 1.22173047639603 1.39626340159546 1.5707963267949 
10 37 39 40 41 42 43 44 45 46 38 
p 0.64672973466792 1 0 0.174532925199433 0.349065850398866 0.523598775598299 0.698131700797732 0.872664625997165 1.0471975511966 1.22173047639603 1.39626340159546 1.5707963267949 
2 3 12 
p 0.64672973466792 1 26.072 46.072 
2 60 59 
p 0.64672973466792 1 26.072 46.072 
19 1 3 4 5 6 7 8 9 10 11 12 13 14 15 16 17 18 19 2 
p 0.64672973466792 1 3.14159265358979 3.31612557878923 3.49065850398866 3.66519142918809 3.83972435438752 4.01425727958696 4.18879020478639 4.36332312998582 4.53785605518526 4.71238898038469 4.88692190558412 5.06145483078355 5.23598775598299 5.41052068118242 5.58505360638185 5.75958653158128 5.93411945678072 6.10865238198015 6.28318530717959 
19 2 20 21 22 23 24 25 26 27 28 29 30 31 32 33 34 35 36 1 
p 0.64672973466792 1 3.14159265358979 3.31612557878923 3.49065850398866 3.66519142918809 3.83972435438752 4.01425727958696 4.18879020478639 4.36332312998582 4.53785605518526 4.71238898038469 4.88692190558412 5.06145483078355 5.23598775598299 5.41052068118242 5.58505360638185 5.75958653158128 5.93411945678072 6.10865238198015 6.28318530717959 
10 2 13 14 15 16 17 18 19 20 3 
p 0.64672973466792 1 0 0.174532925199433 0.349065850398865 0.523598775598297 0.69813170079773 0.872664625997163 1.04719755119659 1.22173047639603 1.39626340159546 1.57079632679489 
10 38 48 49 50 51 52 53 54 55 47 
p 0.64672973466792 1 0 0.174532925199433 0.349065850398865 0.523598775598297 0.69813170079773 0.872664625997163 1.04719755119659 1.22173047639603 1.39626340159546 1.57079632679489 
2 1 2 
p 0.64672973466792 1 -60 -17.5000000000008 
2 47 56 
p 0.64672973466792 1 -60 -17.5000000000008 
2 56 57 
p 0.64672973466792 1 -17.5000000000008 -10 
2 37 59 
p 0.64672973466792 1 -17.5000000000008 -10 
2 1 2 
p 0.64672973466792 1 -20 0 
2 57 58 
p 0.64672973466792 1 -20 0 
2 60 61 
p 0.64672973466792 1 -150 -142.499999999999 
2 38 63 
p 0.64672973466792 1 -150 -142.499999999999 
2 24 13 
p 0.64672973466792 1 -142.499999999999 -100 
2 61 37 
p 0.64672973466792 1 -142.499999999999 -100 
10 1 4 5 6 7 8 9 10 11 3 
p 0.64672973466792 1 1.5707963267949 1.74532925199433 1.91986217719376 2.0943951023932 2.26892802759263 2.44346095279206 2.61799387799149 2.79252680319093 2.96705972839036 3.14159265358979 
10 59 60 61 62 63 64 65 66 67 58 
p 0.64672973466792 1 1.5707963267949 1.74532925199433 1.91986217719376 2.0943951023932 2.26892802759263 2.44346095279206 2.61799387799149 2.79252680319093 2.96705972839036 3.14159265358979 
2 3 12 
p 0.64672973466792 1 26.072 46.072 
2 6 5 
p 0.64672973466792 1 26.072 46.072 
2 9 3 
p 0.64672973466792 1 -142.499999999999 -17.5000000000008 
2 1 2 
p 0.64672973466792 1 -142.499999999999 -17.5000000000008 
2 2 3 
p 0.64672973466792 1 -17.5000000000008 -10 
2 37 59 
p 0.64672973466792 1 -17.5000000000008 -10 
2 1 2 
p 0.64672973466792 1 -20 0 
2 3 4 
p 0.64672973466792 1 -20 0 
2 6 1 
p 0.64672973466792 1 -150 -142.499999999999 
2 58 38 
p 0.64672973466792 1 -150 -142.499999999999 
10 1 4 5 6 7 8 9 10 11 3 
p 0.64672973466792 1 3.14159265358979 3.31612557878923 3.49065850398866 3.66519142918809 3.83972435438752 4.01425727958696 4.18879020478639 4.36332312998582 4.53785605518526 4.71238898038469 
10 59 60 61 62 63 64 65 66 67 58 
p 0.64672973466792 1 3.14159265358979 3.31612557878923 3.49065850398866 3.66519142918809 3.83972435438752 4.01425727958696 4.18879020478639 4.36332312998582 4.53785605518526 4.71238898038469 
2 3 12 
p 0.64672973466792 1 26.072 46.072 
2 6 5 
p 0.64672973466792 1 26.072 46.072 
2 9 5 
p 0.64672973466792 1 -142.499999999999 -17.5000000000008 
2 1 2 
p 0.64672973466792 1 -142.499999999999 -17.5000000000008 
2 2 3 
p 0.64672973466792 1 -17.5000000000008 -10 
2 37 60 
p 0.64672973466792 1 -17.5000000000008 -10 
2 1 2 
p 0.64672973466792 1 -20 0 
2 3 4 
p 0.64672973466792 1 -20 0 
2 6 1 
p 0.64672973466792 1 -150 -142.499999999999 
2 58 38 
p 0.64672973466792 1 -150 -142.499999999999 
10 1 4 5 6 7 8 9 10 11 3 
p 0.64672973466792 1 4.71238898038469 4.88692190558412 5.06145483078356 5.23598775598299 5.41052068118242 5.58505360638185 5.75958653158129 5.93411945678072 6.10865238198015 6.28318530717959 
10 60 61 62 63 64 65 66 67 68 59 
p 0.64672973466792 1 4.71238898038469 4.88692190558412 5.06145483078356 5.23598775598299 5.41052068118242 5.58505360638185 5.75958653158129 5.93411945678072 6.10865238198015 6.28318530717959 
19 20 22 23 24 25 26 27 28 29 30 31 32 33 34 35 36 37 38 21 
p 0.64672973466792 1 0 0.174532925199433 0.349065850398866 0.523598775598299 0.698131700797732 0.872664625997165 1.0471975511966 1.22173047639603 1.39626340159546 1.5707963267949 1.74532925199433 1.91986217719376 2.0943951023932 2.26892802759263 2.44346095279206 2.61799387799149 2.79252680319093 2.96705972839036 3.14159265358979 
19 325 327 328 329 330 331 332 333 334 335 336 337 338 339 340 341 342 343 326 
p 0.64672973466792 1 0 0.174532925199433 0.349065850398866 0.523598775598299 0.698131700797732 0.872664625997165 1.0471975511966 1.22173047639603 1.39626340159546 1.5707963267949 1.74532925199433 1.91986217719376 2.0943951023932 2.26892802759263 2.44346095279206 2.61799387799149 2.79252680319093 2.96705972839036 3.14159265358979 
21 16 23 24 25 26 27 28 29 30 31 32 33 34 35 36 37 38 39 40 41 22 
p 0.64672973466792 1 2.21429743558826 2.38556677372816 2.55683611186806 2.72810545000796 2.89937478814786 3.07064412628775 3.24191346442765 3.41318280256755 3.58445214070745 3.75572147884735 3.92699081698725 4.09826015512714 4.26952949326704 4.44079883140694 4.61206816954684 4.78333750768674 4.95460684582664 5.12587618396654 5.29714552210644 5.46841486024634 5.63968419838623 
21 37 39 40 41 42 43 44 45 46 47 48 49 50 51 52 53 54 55 56 57 38 
p 0.64672973466792 1 2.21429743558826 2.38556677372816 2.55683611186806 2.72810545000796 2.89937478814786 3.07064412628775 3.24191346442765 3.41318280256755 3.58445214070745 3.75572147884735 3.92699081698725 4.09826015512714 4.26952949326704 4.44079883140694 4.61206816954684 4.78333750768674 4.95460684582664 5.12587618396654 5.29714552210644 5.46841486024634 5.63968419838623 
16 18 25 26 27 28 29 30 31 32 33 34 35 36 37 38 24 
p 0.64672973466792 1 3.78509376238316 3.95163319870292 4.11817263502268 4.28471207134244 4.45125150766221 4.61779094398197 4.78433038030173 4.95086981662149 5.11740925294125 5.28394868926102 5.45048812558078 5.61702756190054 5.7835669982203 5.95010643454006 6.11664587085983 6.28318530717959 
16 47 49 50 51 52 53 54 55 56 57 58 59 60 61 62 48 
p 0.64672973466792 1 3.78509376238316 3.95163319870292 4.11817263502268 4.28471207134244 4.45125150766221 4.61779094398197 4.78433038030173 4.95086981662149 5.11740925294125 5.28394868926102 5.45048812558078 5.61702756190054 5.7835669982203 5.95010643454006 6.11664587085983 6.28318530717959 
7 2 7 8 9 10 11 6 
p 0.64672973466792 1 5.35589008917806 5.51043929217831 5.66498849517857 5.81953769817882 5.97408690117908 6.12863610417933 6.28318530717959 
7 37 39 40 41 42 43 38 
p 0.64672973466792 1 5.35589008917806 5.51043929217831 5.66498849517857 5.81953769817882 5.97408690117908 6.12863610417933 6.28318530717959 
21 16 23 24 25 26 27 28 29 30 31 32 33 34 35 36 37 38 39 40 41 22 
p 0.64672973466792 1 0.643501108793365 0.814770446933264 0.986039785073162 1.15730912321306 1.32857846135296 1.49984779949286 1.67111713763276 1.84238647577265 2.01365581391255 2.18492515205245 2.35619449019235 2.52746382833225 2.69873316647215 2.87000250461205 3.04127184275194 3.21254118089184 3.38381051903174 3.55507985717164 3.72634919531154 3.89761853345144 4.06888787159134 
21 37 39 40 41 42 43 44 45 46 47 48 49 50 51 52 53 54 55 56 57 38 
p 0.64672973466792 1 0.643501108793365 0.814770446933264 0.986039785073162 1.15730912321306 1.32857846135296 1.49984779949286 1.67111713763276 1.84238647577265 2.01365581391255 2.18492515205245 2.35619449019235 2.52746382833225 2.69873316647215 2.87000250461205 3.04127184275194 3.21254118089184 3.38381051903174 3.55507985717164 3.72634919531154 3.89761853345144 4.06888787159134 
2 1 2 
p 0.64672973466792 1 -40.7990541281611 14.0175727295823 
2 17 3 
p 0.64672973466792 1 -40.7990541281611 14.0175727295823 
7 2 4 5 6 7 8 3 
p 0.64672973466792 1 3.7292149082512e-15 0.00482077026921055 0.00964154053841737 0.0144623108076242 0.019283081076831 0.0220692552144933 0.0248554293521556 
7 4 19 20 21 22 23 18 
p 0.64672973466792 1 3.7292149082512e-15 0.00482077026921055 0.00964154053841737 0.0144623108076242 0.019283081076831 0.0220692552144933 0.0248554293521556 
2 10 17 
p 0.64672973466792 1 -14.0175727295757 40.7990541281614 
2 1 2 
p 0.64672973466792 1 -14.0175727295757 40.7990541281614 
11 17 18 19 20 21 22 23 24 25 26 1 
p 0.64672973466792 1 3.46944695195361e-17 0.00871515712899122 0.0174303142579824 0.0261454713869736 0.0339891128030657 0.0410483900775485 0.0481076673520314 0.0551669446265142 0.0622262219009971 0.0675813301021378 0.0729364383032785 
11 37 39 40 41 42 43 44 45 46 47 38 
p 0.64672973466792 1 3.46944695195361e-17 0.00871515712899122 0.0174303142579824 0.0261454713869736 0.0339891128030657 0.0410483900775485 0.0481076673520314 0.0551669446265142 0.0622262219009971 0.0675813301021378 0.0729364383032785 
11 1 4 5 6 7 8 9 10 11 12 3 
p 0.64672973466792 1 0 0.00398847629778701 0.00797695259557403 0.011965428893361 0.0155550575613694 0.0187857233625768 0.0220163891637843 0.0252470549649918 0.0284777207661993 0.0307676326271551 0.033057544488111 
11 3 4 5 6 7 8 9 10 11 12 1 
p 0.64672973466792 1 0 0.00398847629778701 0.00797695259557403 0.011965428893361 0.0155550575613694 0.0187857233625768 0.0220163891637843 0.0252470549649918 0.0284777207661993 0.0307676326271551 0.033057544488111 
3 25 32 31 
p 0.64672973466792 1 0.0188871879215781 0.0220095776150302 0.0249597960082415 
3 1 3 2 
p 0.64672973466792 1 0.0188871879215781 0.0220095776150302 0.0249597960082415 
2 31 33 
p 0.64672973466792 1 -14.0175727295757 40.7990541281614 
2 1 2 
p 0.64672973466792 1 -14.0175727295757 40.7990541281614 
11 33 35 36 37 38 39 40 41 42 43 34 
p 0.64672973466792 1 1.55158384577955e-17 0.0087151571290082 0.0174303142580164 0.0261454713870246 0.0339891128031319 0.0410483900776286 0.0481076673521252 0.0551669446266219 0.0622262219011185 0.0675813301021985 0.0729364383032785 
11 71 72 73 74 75 76 77 78 79 80 70 
p 0.64672973466792 1 1.55158384577955e-17 0.0087151571290082 0.0174303142580164 0.0261454713870246 0.0339891128031319 0.0410483900776286 0.0481076673521252 0.0551669446266219 0.0622262219011185 0.0675813301021985 0.0729364383032785 
2 34 44 
p 0.64672973466792 1 -40.7990541281611 14.0175727295823 
2 17 3 
p 0.64672973466792 1 -40.7990541281611 14.0175727295823 
7 44 45 46 47 48 49 2 
p 0.64672973466792 1 3.72362667259698e-15 0.00482077026920961 0.0096415405384155 0.0144623108076214 0.0192830810768273 0.0220692552144914 0.0248554293521555 
7 2 17 18 19 20 21 16 
p 0.64672973466792 1 3.72362667259698e-15 0.00482077026920961 0.0096415405384155 0.0144623108076214 0.0192830810768273 0.0220692552144914 0.0248554293521555 
2 1 2 
p 0.64672973466792 1 -40.7990541281611 14.0175727295823 
2 17 3 
p 0.64672973466792 1 -40.7990541281611 14.0175727295823 
7 2 4 5 6 7 8 3 
p 0.64672973466792 1 3.74302358110306e-15 0.00482077026920879 0.00964154053841384 0.0144623108076189 0.0192830810768239 0.0220692552144898 0.0248554293521556 
7 2 17 18 19 20 21 16 
p 0.64672973466792 1 3.74302358110306e-15 0.00482077026920879 0.00964154053841384 0.0144623108076189 0.0192830810768239 0.0220692552144898 0.0248554293521556 
8 9 11 12 13 14 15 16 10 
p 0.64672973466792 1 1.08666268784404e-16 0.00329008673194503 0.00658017346388996 0.00987026019583488 0.0142570425050948 0.0191921726030122 0.0220759843056268 0.0249597960082415 
8 22 42 43 44 45 46 47 1 
p 0.64672973466792 1 1.08666268784404e-16 0.00329008673194503 0.00658017346388996 0.00987026019583488 0.0142570425050948 0.0191921726030122 0.0220759843056268 0.0249597960082415 
2 10 17 
p 0.64672973466792 1 -14.0175727295757 40.7990541281614 
2 1 2 
p 0.64672973466792 1 -14.0175727295757 40.7990541281614 
11 17 18 19 20 21 22 23 24 25 26 1 
p 0.64672973466792 1 1.55158384577955e-17 0.00871515712901078 0.0174303142580216 0.0261454713870323 0.033989112803142 0.0410483900776407 0.0481076673521395 0.0551669446266382 0.0622262219011369 0.0675813301022077 0.0729364383032785 
11 60 61 62 63 64 65 66 67 68 69 59 
p 0.64672973466792 1 1.55158384577955e-17 0.00871515712901078 0.0174303142580216 0.0261454713870323 0.033989112803142 0.0410483900776407 0.0481076673521395 0.0551669446266382 0.0622262219011369 0.0675813301022077 0.0729364383032785 
2 1 2 
p 0.64672973466792 1 -40.7990541281611 14.0175727295823 
2 17 3 
p 0.64672973466792 1 -40.7990541281611 14.0175727295823 
5 3 6 7 8 5 
p 0.64672973466792 1 0.0060648014361695 0.0123283440748315 0.0179655324496273 0.0214104809008914 0.0248554293521555 
5 1 3 4 5 2 
p 0.64672973466792 1 0.0060648014361695 0.0123283440748315 0.0179655324496273 0.0214104809008914 0.0248554293521555 
8 9 11 12 13 14 15 16 10 
p 0.64672973466792 1 1.08666268784404e-16 0.00329008673194504 0.00658017346388998 0.00987026019583491 0.0142570425050948 0.0191921726030122 0.0220759843056269 0.0249597960082415 
8 22 42 43 44 45 46 47 1 
p 0.64672973466792 1 1.08666268784404e-16 0.00329008673194504 0.00658017346388998 0.00987026019583491 0.0142570425050948 0.0191921726030122 0.0220759843056269 0.0249597960082415 
2 10 17 
p 0.64672973466792 1 -14.0175727295757 40.7990541281614 
2 1 2 
p 0.64672973466792 1 -14.0175727295757 40.7990541281614 
11 17 18 19 20 21 22 23 24 25 26 1 
p 0.64672973466792 1 1.55158384577955e-17 0.00871515712901091 0.0174303142580218 0.0261454713870327 0.0339891128031425 0.0410483900776413 0.0481076673521402 0.055166944626639 0.0622262219011378 0.0675813301022087 0.0729364383032796 
11 49 50 51 52 53 54 55 56 57 58 48 
p 0.64672973466792 1 1.55158384577955e-17 0.00871515712901091 0.0174303142580218 0.0261454713870327 0.0339891128031425 0.0410483900776413 0.0481076673521402 0.055166944626639 0.0622262219011378 0.0675813301022087 0.0729364383032796 
19 21 22 23 24 25 26 27 28 29 30 31 32 33 34 35 36 37 38 20 
p 0.64672973466792 1 3.14159265358979 3.31612557878923 3.49065850398866 3.66519142918809 3.83972435438752 4.01425727958696 4.18879020478639 4.36332312998582 4.53785605518526 4.71238898038469 4.88692190558412 5.06145483078355 5.23598775598299 5.41052068118242 5.58505360638185 5.75958653158128 5.93411945678072 6.10865238198015 6.28318530717959 
19 2 20 21 22 23 24 25 26 27 28 29 30 31 32 33 34 35 36 1 
p 0.64672973466792 1 3.14159265358979 3.31612557878923 3.49065850398866 3.66519142918809 3.83972435438752 4.01425727958696 4.18879020478639 4.36332312998582 4.53785605518526 4.71238898038469 4.88692190558412 5.06145483078355 5.23598775598299 5.41052068118242 5.58505360638185 5.75958653158128 5.93411945678072 6.10865238198015 6.28318530717959 
19 1 3 4 5 6 7 8 9 10 11 12 13 14 15 16 17 18 19 2 
p 0.64672973466792 1 0 0.174532925199433 0.349065850398866 0.523598775598299 0.698131700797732 0.872664625997165 1.0471975511966 1.22173047639603 1.39626340159546 1.5707963267949 1.74532925199433 1.91986217719376 2.0943951023932 2.26892802759263 2.44346095279206 2.61799387799149 2.79252680319093 2.96705972839036 3.14159265358979 
19 37 39 40 41 42 43 44 45 46 47 48 49 50 51 52 53 54 55 38 
p 0.64672973466792 1 0 0.174532925199433 0.349065850398866 0.523598775598299 0.698131700797732 0.872664625997165 1.0471975511966 1.22173047639603 1.39626340159546 1.5707963267949 1.74532925199433 1.91986217719376 2.0943951023932 2.26892802759263 2.44346095279206 2.61799387799149 2.79252680319093 2.96705972839036 3.14159265358979 
19 1 3 4 5 6 7 8 9 10 11 12 13 14 15 16 17 18 19 2 
p 0.64672973466792 1 0 0.174532925199433 0.349065850398866 0.523598775598299 0.698131700797732 0.872664625997165 1.0471975511966 1.22173047639603 1.39626340159546 1.5707963267949 1.74532925199433 1.91986217719376 2.0943951023932 2.26892802759263 2.44346095279206 2.61799387799149 2.79252680319093 2.96705972839036 3.14159265358979 
19 73 75 76 77 78 79 80 81 82 83 84 85 86 87 88 89 90 91 74 
p 0.64672973466792 1 0 0.174532925199433 0.349065850398866 0.523598775598299 0.698131700797732 0.872664625997165 1.0471975511966 1.22173047639603 1.39626340159546 1.5707963267949 1.74532925199433 1.91986217719376 2.0943951023932 2.26892802759263 2.44346095279206 2.61799387799149 2.79252680319093 2.96705972839036 3.14159265358979 
19 1 3 4 5 6 7 8 9 10 11 12 13 14 15 16 17 18 19 2 
p 0.64672973466792 1 0 0.174532925199433 0.349065850398866 0.523598775598299 0.698131700797732 0.872664625997165 1.0471975511966 1.22173047639603 1.39626340159546 1.5707963267949 1.74532925199433 1.91986217719376 2.0943951023932 2.26892802759263 2.44346095279206 2.61799387799149 2.79252680319093 2.96705972839036 3.14159265358979 
19 109 111 112 113 114 115 116 117 118 119 120 121 122 123 124 125 126 127 110 
p 0.64672973466792 1 0 0.174532925199433 0.349065850398866 0.523598775598299 0.698131700797732 0.872664625997165 1.0471975511966 1.22173047639603 1.39626340159546 1.5707963267949 1.74532925199433 1.91986217719376 2.0943951023932 2.26892802759263 2.44346095279206 2.61799387799149 2.79252680319093 2.96705972839036 3.14159265358979 
19 1 3 4 5 6 7 8 9 10 11 12 13 14 15 16 17 18 19 2 
p 0.64672973466792 1 0 0.174532925199433 0.349065850398866 0.523598775598299 0.698131700797732 0.872664625997165 1.0471975511966 1.22173047639603 1.39626340159546 1.5707963267949 1.74532925199433 1.91986217719376 2.0943951023932 2.26892802759263 2.44346095279206 2.61799387799149 2.79252680319093 2.96705972839036 3.14159265358979 
19 145 147 148 149 150 151 152 153 154 155 156 157 158 159 160 161 162 163 146 
p 0.64672973466792 1 0 0.174532925199433 0.349065850398866 0.523598775598299 0.698131700797732 0.872664625997165 1.0471975511966 1.22173047639603 1.39626340159546 1.5707963267949 1.74532925199433 1.91986217719376 2.0943951023932 2.26892802759263 2.44346095279206 2.61799387799149 2.79252680319093 2.96705972839036 3.14159265358979 
19 1 3 4 5 6 7 8 9 10 11 12 13 14 15 16 17 18 19 2 
p 0.64672973466792 1 0 0.174532925199433 0.349065850398866 0.523598775598299 0.698131700797732 0.872664625997165 1.0471975511966 1.22173047639603 1.39626340159546 1.5707963267949 1.74532925199433 1.91986217719376 2.0943951023932 2.26892802759263 2.44346095279206 2.61799387799149 2.79252680319093 2.96705972839036 3.14159265358979 
19 181 183 184 185 186 187 188 189 190 191 192 193 194 195 196 197 198 199 182 
p 0.64672973466792 1 0 0.174532925199433 0.349065850398866 0.523598775598299 0.698131700797732 0.872664625997165 1.0471975511966 1.22173047639603 1.39626340159546 1.5707963267949 1.74532925199433 1.91986217719376 2.0943951023932 2.26892802759263 2.44346095279206 2.61799387799149 2.79252680319093 2.96705972839036 3.14159265358979 
19 1 3 4 5 6 7 8 9 10 11 12 13 14 15 16 17 18 19 2 
p 0.64672973466792 1 0 0.174532925199433 0.349065850398866 0.523598775598299 0.698131700797732 0.872664625997165 1.0471975511966 1.22173047639603 1.39626340159546 1.5707963267949 1.74532925199433 1.91986217719376 2.0943951023932 2.26892802759263 2.44346095279206 2.61799387799149 2.79252680319093 2.96705972839036 3.14159265358979 
19 217 219 220 221 222 223 224 225 226 227 228 229 230 231 232 233 234 235 218 
p 0.64672973466792 1 0 0.174532925199433 0.349065850398866 0.523598775598299 0.698131700797732 0.872664625997165 1.0471975511966 1.22173047639603 1.39626340159546 1.5707963267949 1.74532925199433 1.91986217719376 2.0943951023932 2.26892802759263 2.44346095279206 2.61799387799149 2.79252680319093 2.96705972839036 3.14159265358979 
19 1 3 4 5 6 7 8 9 10 11 12 13 14 15 16 17 18 19 2 
p 0.64672973466792 1 0 0.174532925199433 0.349065850398866 0.523598775598299 0.698131700797732 0.872664625997165 1.0471975511966 1.22173047639603 1.39626340159546 1.5707963267949 1.74532925199433 1.91986217719376 2.0943951023932 2.26892802759263 2.44346095279206 2.61799387799149 2.79252680319093 2.96705972839036 3.14159265358979 
19 253 255 256 257 258 259 260 261 262 263 264 265 266 267 268 269 270 271 254 
p 0.64672973466792 1 0 0.174532925199433 0.349065850398866 0.523598775598299 0.698131700797732 0.872664625997165 1.0471975511966 1.22173047639603 1.39626340159546 1.5707963267949 1.74532925199433 1.91986217719376 2.0943951023932 2.26892802759263 2.44346095279206 2.61799387799149 2.79252680319093 2.96705972839036 3.14159265358979 
19 1 3 4 5 6 7 8 9 10 11 12 13 14 15 16 17 18 19 2 
p 0.64672973466792 1 0 0.174532925199433 0.349065850398866 0.523598775598299 0.698131700797732 0.872664625997165 1.0471975511966 1.22173047639603 1.39626340159546 1.5707963267949 1.74532925199433 1.91986217719376 2.0943951023932 2.26892802759263 2.44346095279206 2.61799387799149 2.79252680319093 2.96705972839036 3.14159265358979 
19 289 291 292 293 294 295 296 297 298 299 300 301 302 303 304 305 306 307 290 
p 0.64672973466792 1 0 0.174532925199433 0.349065850398866 0.523598775598299 0.698131700797732 0.872664625997165 1.0471975511966 1.22173047639603 1.39626340159546 1.5707963267949 1.74532925199433 1.91986217719376 2.0943951023932 2.26892802759263 2.44346095279206 2.61799387799149 2.79252680319093 2.96705972839036 3.14159265358979 
15 1 4 5 6 7 8 9 10 11 12 13 14 15 16 3 
p 0.64672973466792 1 2.966732183034e-16 0.00218284870117238 0.00361501573401139 0.00480848826137723 0.00580304870084876 0.00663184906707503 0.00737776939667868 0.00812368972628233 0.00886961005588598 0.00961553038548962 0.0103614507150933 0.0111073710446969 0.0121019314841684 0.0133271280793247 0.0145523246744809 
15 1 3 4 5 6 7 8 9 10 11 12 13 14 15 2 
p 0.64672973466792 1 2.966732183034e-16 0.00218284870117238 0.00361501573401139 0.00480848826137723 0.00580304870084876 0.00663184906707503 0.00737776939667868 0.00812368972628233 0.00886961005588598 0.00961553038548962 0.0103614507150933 0.0111073710446969 0.0121019314841684 0.0133271280793247 0.0145523246744809 
15 1 4 5 6 7 8 9 10 11 12 13 14 15 16 3 
p 0.64672973466792 1 2.89942825523417e-16 0.00218284870117238 0.00361501573401138 0.00480848826137722 0.00580304870084875 0.00663184906707503 0.00737776939667868 0.00812368972628233 0.00886961005588598 0.00961553038548963 0.0103614507150933 0.0111073710446969 0.0121019314841685 0.0133271280793247 0.0145523246744809 
15 2 5 6 7 8 9 10 11 12 13 14 15 16 17 4 
p 0.64672973466792 1 2.89942825523417e-16 0.00218284870117238 0.00361501573401138 0.00480848826137722 0.00580304870084875 0.00663184906707503 0.00737776939667868 0.00812368972628233 0.00886961005588598 0.00961553038548963 0.0103614507150933 0.0111073710446969 0.0121019314841685 0.0133271280793247 0.0145523246744809 
15 1 4 5 6 7 8 9 10 11 12 13 14 15 16 3 
p 0.64672973466792 1 2.89942825523417e-16 0.00218284870117238 0.00361501573401138 0.00480848826137722 0.00580304870084875 0.00663184906707503 0.00737776939667868 0.00812368972628233 0.00886961005588598 0.00961553038548963 0.0103614507150933 0.0111073710446969 0.0121019314841685 0.0133271280793247 0.0145523246744809 
15 1 3 4 5 6 7 8 9 10 11 12 13 14 15 2 
p 0.64672973466792 1 2.89942825523417e-16 0.00218284870117238 0.00361501573401138 0.00480848826137722 0.00580304870084875 0.00663184906707503 0.00737776939667868 0.00812368972628233 0.00886961005588598 0.00961553038548963 0.0103614507150933 0.0111073710446969 0.0121019314841685 0.0133271280793247 0.0145523246744809 
2 17 2 
p 0.64672973466792 1 3.92523114670944e-17 0.00678920442760756 
2 38 71 
p 0.64672973466792 1 3.92523114670944e-17 0.00678920442760756 
19 1 3 4 5 6 7 8 9 10 11 12 13 14 15 16 17 18 19 2 
p 0.64672973466792 1 3.14159265358979 3.31612557878923 3.49065850398866 3.66519142918809 3.83972435438752 4.01425727958696 4.18879020478639 4.36332312998582 4.53785605518526 4.71238898038469 4.88692190558412 5.06145483078355 5.23598775598299 5.41052068118242 5.58505360638185 5.75958653158128 5.93411945678072 6.10865238198015 6.28318530717959 
19 2 20 21 22 23 24 25 26 27 28 29 30 31 32 33 34 35 36 1 
p 0.64672973466792 1 3.14159265358979 3.31612557878923 3.49065850398866 3.66519142918809 3.83972435438752 4.01425727958696 4.18879020478639 4.36332312998582 4.53785605518526 4.71238898038469 4.88692190558412 5.06145483078355 5.23598775598299 5.41052068118242 5.58505360638185 5.75958653158128 5.93411945678072 6.10865238198015 6.28318530717959 
2 2 17 
p 0.64672973466792 1 7.07154657808422e-16 0.00678920442760595 
2 37 48 
p 0.64672973466792 1 7.07154657808422e-16 0.00678920442760595 
2 2 17 
p 0.64672973466792 1 7.07154657808421e-16 0.00678920442760706 
2 49 59 
p 0.64672973466792 1 7.07154657808421e-16 0.00678920442760706 
2 2 17 
p 0.64672973466792 1 7.07154657808421e-16 0.00678920442760706 
2 60 70 
p 0.64672973466792 1 7.07154657808421e-16 0.00678920442760706 
19 1 3 4 5 6 7 8 9 10 11 12 13 14 15 16 17 18 19 2 
p 0.64672973466792 1 3.14159265358979 3.31612557878923 3.49065850398866 3.66519142918809 3.83972435438752 4.01425727958696 4.18879020478639 4.36332312998582 4.53785605518526 4.71238898038469 4.88692190558412 5.06145483078355 5.23598775598299 5.41052068118242 5.58505360638185 5.75958653158128 5.93411945678072 6.10865238198015 6.28318530717959 
19 290 308 309 310 311 312 313 314 315 316 317 318 319 320 321 322 323 324 289 
p 0.64672973466792 1 3.14159265358979 3.31612557878923 3.49065850398866 3.66519142918809 3.83972435438752 4.01425727958696 4.18879020478639 4.36332312998582 4.53785605518526 4.71238898038469 4.88692190558412 5.06145483078355 5.23598775598299 5.41052068118242 5.58505360638185 5.75958653158128 5.93411945678072 6.10865238198015 6.28318530717959 
19 20 22 23 24 25 26 27 28 29 30 31 32 33 34 35 36 37 38 21 
p 0.64672973466792 1 0 0.174532925199433 0.349065850398866 0.523598775598299 0.698131700797732 0.872664625997165 1.0471975511966 1.22173047639603 1.39626340159546 1.5707963267949 1.74532925199433 1.91986217719376 2.0943951023932 2.26892802759263 2.44346095279206 2.61799387799149 2.79252680319093 2.96705972839036 3.14159265358979 
19 1 3 4 5 6 7 8 9 10 11 12 13 14 15 16 17 18 19 2 
p 0.64672973466792 1 0 0.174532925199433 0.349065850398866 0.523598775598299 0.698131700797732 0.872664625997165 1.0471975511966 1.22173047639603 1.39626340159546 1.5707963267949 1.74532925199433 1.91986217719376 2.0943951023932 2.26892802759263 2.44346095279206 2.61799387799149 2.79252680319093 2.96705972839036 3.14159265358979 
19 20 22 23 24 25 26 27 28 29 30 31 32 33 34 35 36 37 38 21 
p 0.64672973466792 1 0 0.174532925199433 0.349065850398866 0.523598775598299 0.698131700797732 0.872664625997165 1.0471975511966 1.22173047639603 1.39626340159546 1.5707963267949 1.74532925199433 1.91986217719376 2.0943951023932 2.26892802759263 2.44346095279206 2.61799387799149 2.79252680319093 2.96705972839036 3.14159265358979 
19 37 39 40 41 42 43 44 45 46 47 48 49 50 51 52 53 54 55 38 
p 0.64672973466792 1 0 0.174532925199433 0.349065850398866 0.523598775598299 0.698131700797732 0.872664625997165 1.0471975511966 1.22173047639603 1.39626340159546 1.5707963267949 1.74532925199433 1.91986217719376 2.0943951023932 2.26892802759263 2.44346095279206 2.61799387799149 2.79252680319093 2.96705972839036 3.14159265358979 
19 20 22 23 24 25 26 27 28 29 30 31 32 33 34 35 36 37 38 21 
p 0.64672973466792 1 0 0.174532925199433 0.349065850398866 0.523598775598299 0.698131700797732 0.872664625997165 1.0471975511966 1.22173047639603 1.39626340159546 1.5707963267949 1.74532925199433 1.91986217719376 2.0943951023932 2.26892802759263 2.44346095279206 2.61799387799149 2.79252680319093 2.96705972839036 3.14159265358979 
19 73 75 76 77 78 79 80 81 82 83 84 85 86 87 88 89 90 91 74 
p 0.64672973466792 1 0 0.174532925199433 0.349065850398866 0.523598775598299 0.698131700797732 0.872664625997165 1.0471975511966 1.22173047639603 1.39626340159546 1.5707963267949 1.74532925199433 1.91986217719376 2.0943951023932 2.26892802759263 2.44346095279206 2.61799387799149 2.79252680319093 2.96705972839036 3.14159265358979 
19 20 22 23 24 25 26 27 28 29 30 31 32 33 34 35 36 37 38 21 
p 0.64672973466792 1 0 0.174532925199433 0.349065850398866 0.523598775598299 0.698131700797732 0.872664625997165 1.0471975511966 1.22173047639603 1.39626340159546 1.5707963267949 1.74532925199433 1.91986217719376 2.0943951023932 2.26892802759263 2.44346095279206 2.61799387799149 2.79252680319093 2.96705972839036 3.14159265358979 
19 109 111 112 113 114 115 116 117 118 119 120 121 122 123 124 125 126 127 110 
p 0.64672973466792 1 0 0.174532925199433 0.349065850398866 0.523598775598299 0.698131700797732 0.872664625997165 1.0471975511966 1.22173047639603 1.39626340159546 1.5707963267949 1.74532925199433 1.91986217719376 2.0943951023932 2.26892802759263 2.44346095279206 2.61799387799149 2.79252680319093 2.96705972839036 3.14159265358979 
19 20 22 23 24 25 26 27 28 29 30 31 32 33 34 35 36 37 38 21 
p 0.64672973466792 1 0 0.174532925199433 0.349065850398866 0.523598775598299 0.698131700797732 0.872664625997165 1.0471975511966 1.22173047639603 1.39626340159546 1.5707963267949 1.74532925199433 1.91986217719376 2.0943951023932 2.26892802759263 2.44346095279206 2.61799387799149 2.79252680319093 2.96705972839036 3.14159265358979 
19 145 147 148 149 150 151 152 153 154 155 156 157 158 159 160 161 162 163 146 
p 0.64672973466792 1 0 0.174532925199433 0.349065850398866 0.523598775598299 0.698131700797732 0.872664625997165 1.0471975511966 1.22173047639603 1.39626340159546 1.5707963267949 1.74532925199433 1.91986217719376 2.0943951023932 2.26892802759263 2.44346095279206 2.61799387799149 2.79252680319093 2.96705972839036 3.14159265358979 
19 20 22 23 24 25 26 27 28 29 30 31 32 33 34 35 36 37 38 21 
p 0.64672973466792 1 0 0.174532925199433 0.349065850398866 0.523598775598299 0.698131700797732 0.872664625997165 1.0471975511966 1.22173047639603 1.39626340159546 1.5707963267949 1.74532925199433 1.91986217719376 2.0943951023932 2.26892802759263 2.44346095279206 2.61799387799149 2.79252680319093 2.96705972839036 3.14159265358979 
19 181 183 184 185 186 187 188 189 190 191 192 193 194 195 196 197 198 199 182 
p 0.64672973466792 1 0 0.174532925199433 0.349065850398866 0.523598775598299 0.698131700797732 0.872664625997165 1.0471975511966 1.22173047639603 1.39626340159546 1.5707963267949 1.74532925199433 1.91986217719376 2.0943951023932 2.26892802759263 2.44346095279206 2.61799387799149 2.79252680319093 2.96705972839036 3.14159265358979 
19 20 22 23 24 25 26 27 28 29 30 31 32 33 34 35 36 37 38 21 
p 0.64672973466792 1 0 0.174532925199433 0.349065850398866 0.523598775598299 0.698131700797732 0.872664625997165 1.0471975511966 1.22173047639603 1.39626340159546 1.5707963267949 1.74532925199433 1.91986217719376 2.0943951023932 2.26892802759263 2.44346095279206 2.61799387799149 2.79252680319093 2.96705972839036 3.14159265358979 
19 217 219 220 221 222 223 224 225 226 227 228 229 230 231 232 233 234 235 218 
p 0.64672973466792 1 0 0.174532925199433 0.349065850398866 0.523598775598299 0.698131700797732 0.872664625997165 1.0471975511966 1.22173047639603 1.39626340159546 1.5707963267949 1.74532925199433 1.91986217719376 2.0943951023932 2.26892802759263 2.44346095279206 2.61799387799149 2.79252680319093 2.96705972839036 3.14159265358979 
19 20 22 23 24 25 26 27 28 29 30 31 32 33 34 35 36 37 38 21 
p 0.64672973466792 1 0 0.174532925199433 0.349065850398866 0.523598775598299 0.698131700797732 0.872664625997165 1.0471975511966 1.22173047639603 1.39626340159546 1.5707963267949 1.74532925199433 1.91986217719376 2.0943951023932 2.26892802759263 2.44346095279206 2.61799387799149 2.79252680319093 2.96705972839036 3.14159265358979 
19 253 255 256 257 258 259 260 261 262 263 264 265 266 267 268 269 270 271 254 
p 0.64672973466792 1 0 0.174532925199433 0.349065850398866 0.523598775598299 0.698131700797732 0.872664625997165 1.0471975511966 1.22173047639603 1.39626340159546 1.5707963267949 1.74532925199433 1.91986217719376 2.0943951023932 2.26892802759263 2.44346095279206 2.61799387799149 2.79252680319093 2.96705972839036 3.14159265358979 
20 20 22 23 24 25 26 27 28 29 30 31 32 33 34 35 36 37 38 39 21 
p 0.64672973466792 1 1.57079632679489 1.73614330856277 1.90149029033066 2.06683727209854 2.23218425386643 2.39753123563431 2.5628782174022 2.72822519917008 2.89357218093797 3.05891916270585 3.22426614447374 3.38961312624162 3.55496010800951 3.72030708977739 3.88565407154527 4.05100105331316 4.21634803508104 4.38169501684893 4.54704199861681 4.7123889803847 
20 1 3 4 5 6 7 8 9 10 11 12 13 14 15 16 17 18 19 20 2 
p 0.64672973466792 1 1.57079632679489 1.73614330856277 1.90149029033066 2.06683727209854 2.23218425386643 2.39753123563431 2.5628782174022 2.72822519917008 2.89357218093797 3.05891916270585 3.22426614447374 3.38961312624162 3.55496010800951 3.72030708977739 3.88565407154527 4.05100105331316 4.21634803508104 4.38169501684893 4.54704199861681 4.7123889803847 
19 21 23 24 25 26 27 28 29 30 31 32 33 34 35 36 37 38 39 22 
p 0.64672973466792 1 0 0.174532925199433 0.349065850398866 0.523598775598299 0.698131700797732 0.872664625997165 1.0471975511966 1.22173047639603 1.39626340159546 1.5707963267949 1.74532925199433 1.91986217719376 2.0943951023932 2.26892802759263 2.44346095279206 2.61799387799149 2.79252680319093 2.96705972839036 3.14159265358979 
19 325 327 328 329 330 331 332 333 334 335 336 337 338 339 340 341 342 343 326 
p 0.64672973466792 1 0 0.174532925199433 0.349065850398866 0.523598775598299 0.698131700797732 0.872664625997165 1.0471975511966 1.22173047639603 1.39626340159546 1.5707963267949 1.74532925199433 1.91986217719376 2.0943951023932 2.26892802759263 2.44346095279206 2.61799387799149 2.79252680319093 2.96705972839036 3.14159265358979 
2 1 2 
p 0.64672973466792 1 0 0.00239775240083478 
2 7 8 
p 0.64672973466792 1 0 0.00239775240083478 
10 2 4 5 6 7 8 9 10 11 3 
p 0.64672973466792 1 4.71239707520272 4.88692910097793 5.06146112675313 5.23599315252834 5.41052517830355 5.58505720407876 5.75958922985397 5.93412125562917 6.10865328140438 6.28318530717959 
10 1 3 4 5 6 7 8 9 10 2 
p 0.64672973466792 1 4.71239707520272 4.88692910097793 5.06146112675313 5.23599315252834 5.41052517830355 5.58505720407876 5.75958922985397 5.93412125562917 6.10865328140438 6.28318530717959 
11 12 13 14 15 16 17 18 19 20 21 3 
p 0.64672973466792 1 3.14159265358979 3.29942556241458 3.45725847123936 3.61509138006414 3.77292428888893 3.93075719771371 4.08859010653849 4.24642301536328 4.40425592418806 4.56208883301284 4.71992174183763 
11 20 22 23 24 25 26 27 28 29 30 21 
p 0.64672973466792 1 3.14159265358979 3.29942556241458 3.45725847123936 3.61509138006414 3.77292428888893 3.93075719771371 4.08859010653849 4.24642301536328 4.40425592418806 4.56208883301284 4.71992174183763 
10 22 23 24 25 26 27 28 29 30 12 
p 0.64672973466792 1 1.57832908824783 1.7520250399525 1.92572099165716 2.09941694336182 2.27311289506648 2.44680884677114 2.62050479847581 2.79420075018047 2.96789670188513 3.14159265358979 
10 22 32 33 34 35 36 37 38 39 2 
p 0.64672973466792 1 1.57832908824783 1.7520250399525 1.92572099165716 2.09941694336182 2.27311289506648 2.44680884677114 2.62050479847581 2.79420075018047 2.96789670188513 3.14159265358979 
10 31 32 33 34 35 36 37 38 39 22 
p 0.64672973466792 1 4.7124051788445 4.88693630421507 5.06146742958563 5.2359985549562 5.41052968032676 5.58506080569733 5.75959193106789 5.93412305643846 6.10865418180902 6.28318530717959 
10 24 26 27 28 29 30 31 32 33 25 
p 0.64672973466792 1 4.7124051788445 4.88693630421507 5.06146742958563 5.2359985549562 5.41052968032676 5.58506080569733 5.75959193106789 5.93412305643846 6.10865418180902 6.28318530717959 
2 31 31 
p 0.64672973466792 1 0 1.04885277205239e-06 
26 31 40 41 42 43 44 45 46 47 48 49 50 51 52 53 54 55 56 57 58 59 60 61 62 63 1 
p 0.64672973466792 1 0.00247229803427533 0.0349072976852301 0.0673422973361848 0.0997772969871396 0.148244245830271 0.191676462664845 0.240328962141277 0.288981461617709 0.337633961094141 0.386286460570573 0.434938960047005 0.478726209575794 0.518134734151704 0.557543258727614 0.596951783303524 0.636360307879434 0.675768832455344 0.715177357031254 0.754585881607164 0.793994406183074 0.833402930758984 0.872811455334893 0.912219979910803 0.951628504486713 0.975814252243357 1 
26 9 10 11 12 13 14 15 16 17 18 19 20 21 22 23 24 25 26 27 28 29 30 31 32 33 7 
p 0.64672973466792 1 0.00247229803427533 0.0349072976852301 0.0673422973361848 0.0997772969871396 0.148244245830271 0.191676462664845 0.240328962141277 0.288981461617709 0.337633961094141 0.386286460570573 0.434938960047005 0.478726209575794 0.518134734151704 0.557543258727614 0.596951783303524 0.636360307879434 0.675768832455344 0.715177357031254 0.754585881607164 0.793994406183074 0.833402930758984 0.872811455334893 0.912219979910803 0.951628504486713 0.975814252243357 1 
19 1 3 4 5 6 7 8 9 10 11 12 13 14 15 16 17 18 19 2 
p 0.64672973466792 1 0 0.174532925199433 0.349065850398866 0.523598775598299 0.698131700797732 0.872664625997165 1.0471975511966 1.22173047639603 1.39626340159546 1.5707963267949 1.74532925199433 1.91986217719376 2.0943951023932 2.26892802759263 2.44346095279206 2.61799387799149 2.79252680319093 2.96705972839036 3.14159265358979 
19 1 3 4 5 6 7 8 9 10 11 12 13 14 15 16 17 18 19 2 
p 0.64672973466792 1 0 0.174532925199433 0.349065850398866 0.523598775598299 0.698131700797732 0.872664625997165 1.0471975511966 1.22173047639603 1.39626340159546 1.5707963267949 1.74532925199433 1.91986217719376 2.0943951023932 2.26892802759263 2.44346095279206 2.61799387799149 2.79252680319093 2.96705972839036 3.14159265358979 
2 2 20 
p 0.64672973466792 1 0 9.8 
2 1 2 
p 0.64672973466792 1 0 9.8 
19 21 22 23 24 25 26 27 28 29 30 31 32 33 34 35 36 37 38 20 
p 0.64672973466792 1 3.14159265358979 3.31612557878923 3.49065850398866 3.66519142918809 3.83972435438752 4.01425727958696 4.18879020478639 4.36332312998582 4.53785605518526 4.71238898038469 4.88692190558412 5.06145483078355 5.23598775598299 5.41052068118242 5.58505360638185 5.75958653158128 5.93411945678072 6.10865238198015 6.28318530717959 
19 20 22 23 24 25 26 27 28 29 30 31 32 33 34 35 36 37 38 21 
p 0.64672973466792 1 3.14159265358979 3.31612557878923 3.49065850398866 3.66519142918809 3.83972435438752 4.01425727958696 4.18879020478639 4.36332312998582 4.53785605518526 4.71238898038469 4.88692190558412 5.06145483078355 5.23598775598299 5.41052068118242 5.58505360638185 5.75958653158128 5.93411945678072 6.10865238198015 6.28318530717959 
2 1 21 
p 0.64672973466792 1 0 9.8 
2 3 21 
p 0.64672973466792 1 0 9.8 
19 1 3 4 5 6 7 8 9 10 11 12 13 14 15 16 17 18 19 2 
p 0.64672973466792 1 0 0.174532925199433 0.349065850398866 0.523598775598299 0.698131700797732 0.872664625997165 1.0471975511966 1.22173047639603 1.39626340159546 1.5707963267949 1.74532925199433 1.91986217719376 2.0943951023932 2.26892802759263 2.44346095279206 2.61799387799149 2.79252680319093 2.96705972839036 3.14159265358979 
19 1 3 4 5 6 7 8 9 10 11 12 13 14 15 16 17 18 19 2 
p 0.64672973466792 1 0 0.174532925199433 0.349065850398866 0.523598775598299 0.698131700797732 0.872664625997165 1.0471975511966 1.22173047639603 1.39626340159546 1.5707963267949 1.74532925199433 1.91986217719376 2.0943951023932 2.26892802759263 2.44346095279206 2.61799387799149 2.79252680319093 2.96705972839036 3.14159265358979 
2 2 20 
p 0.64672973466792 1 -0.282842712524202 -1.02641968320026e-10 
2 1 2 
p 0.64672973466792 1 -0.282842712524202 -1.02641968320026e-10 
2 1 21 
p 0.64672973466792 1 -0.282842712524202 -1.02641968320026e-10 
2 3 21 
p 0.64672973466792 1 -0.282842712524202 -1.02641968320026e-10 
19 1 3 4 5 6 7 8 9 10 11 12 13 14 15 16 17 18 19 2 
p 0.64672973466792 1 0 0.174532925199433 0.349065850398866 0.523598775598299 0.698131700797732 0.872664625997165 1.0471975511966 1.22173047639603 1.39626340159546 1.5707963267949 1.74532925199433 1.91986217719376 2.0943951023932 2.26892802759263 2.44346095279206 2.61799387799149 2.79252680319093 2.96705972839036 3.14159265358979 
19 37 39 40 41 42 43 44 45 46 47 48 49 50 51 52 53 54 55 38 
p 0.64672973466792 1 0 0.174532925199433 0.349065850398866 0.523598775598299 0.698131700797732 0.872664625997165 1.0471975511966 1.22173047639603 1.39626340159546 1.5707963267949 1.74532925199433 1.91986217719376 2.0943951023932 2.26892802759263 2.44346095279206 2.61799387799149 2.79252680319093 2.96705972839036 3.14159265358979 
2 2 20 
p 0.64672973466792 1 0 3.8 
2 1 2 
p 0.64672973466792 1 0 3.8 
10 2 44 45 46 47 48 49 50 51 34 
p 0.64672973466792 1 4.71992174183763 4.89361769354229 5.06731364524695 5.24100959695161 5.41470554865627 5.58840150036094 5.7620974520656 5.93579340377026 6.10948935547492 6.28318530717959 
10 21 32 33 34 35 36 37 38 39 31 
p 0.64672973466792 1 4.71992174183763 4.89361769354229 5.06731364524695 5.24100959695161 5.41470554865627 5.58840150036094 5.7620974520656 5.93579340377026 6.10948935547492 6.28318530717959 
2 1 31 
p 0.64672973466792 1 0 3.8 
2 3 21 
p 0.64672973466792 1 0 3.8 
19 1 4 5 6 7 8 9 10 11 12 13 14 15 16 17 18 19 20 3 
p 0.64672973466792 1 3.14159265358979 3.31612557878923 3.49065850398866 3.66519142918809 3.83972435438752 4.01425727958696 4.18879020478639 4.36332312998582 4.53785605518526 4.71238898038469 4.88692190558412 5.06145483078355 5.23598775598299 5.41052068118242 5.58505360638185 5.75958653158128 5.93411945678072 6.10865238198015 6.28318530717959 
19 2 20 21 22 23 24 25 26 27 28 29 30 31 32 33 34 35 36 1 
p 0.64672973466792 1 3.14159265358979 3.31612557878923 3.49065850398866 3.66519142918809 3.83972435438752 4.01425727958696 4.18879020478639 4.36332312998582 4.53785605518526 4.71238898038469 4.88692190558412 5.06145483078355 5.23598775598299 5.41052068118242 5.58505360638185 5.75958653158128 5.93411945678072 6.10865238198015 6.28318530717959 
19 2 22 23 24 25 26 27 28 29 30 31 32 33 34 35 36 37 38 21 
p 0.64672973466792 1 0 0.174532925199433 0.349065850398866 0.523598775598299 0.698131700797732 0.872664625997165 1.0471975511966 1.22173047639603 1.39626340159546 1.5707963267949 1.74532925199433 1.91986217719376 2.0943951023932 2.26892802759263 2.44346095279206 2.61799387799149 2.79252680319093 2.96705972839036 3.14159265358979 
19 21 22 23 24 25 26 27 28 29 30 31 32 33 34 35 36 37 38 2 
p 0.64672973466792 1 0 0.174532925199433 0.349065850398866 0.523598775598299 0.698131700797732 0.872664625997165 1.0471975511966 1.22173047639603 1.39626340159546 1.5707963267949 1.74532925199433 1.91986217719376 2.0943951023932 2.26892802759263 2.44346095279206 2.61799387799149 2.79252680319093 2.96705972839036 3.14159265358979 
19 1 4 5 6 7 8 9 10 11 12 13 14 15 16 17 18 19 20 3 
p 0.64672973466792 1 3.14159265358979 3.31612557878923 3.49065850398866 3.66519142918809 3.83972435438752 4.01425727958696 4.18879020478639 4.36332312998582 4.53785605518526 4.71238898038469 4.88692190558412 5.06145483078355 5.23598775598299 5.41052068118242 5.58505360638185 5.75958653158128 5.93411945678072 6.10865238198015 6.28318530717959 
19 2 20 21 22 23 24 25 26 27 28 29 30 31 32 33 34 35 36 1 
p 0.64672973466792 1 3.14159265358979 3.31612557878923 3.49065850398866 3.66519142918809 3.83972435438752 4.01425727958696 4.18879020478639 4.36332312998582 4.53785605518526 4.71238898038469 4.88692190558412 5.06145483078355 5.23598775598299 5.41052068118242 5.58505360638185 5.75958653158128 5.93411945678072 6.10865238198015 6.28318530717959 
19 1 4 5 6 7 8 9 10 11 12 13 14 15 16 17 18 19 20 3 
p 0.64672973466792 1 3.14159265358979 3.31612557878923 3.49065850398866 3.66519142918809 3.83972435438752 4.01425727958696 4.18879020478639 4.36332312998582 4.53785605518526 4.71238898038469 4.88692190558412 5.06145483078355 5.23598775598299 5.41052068118242 5.58505360638185 5.75958653158128 5.93411945678072 6.10865238198015 6.28318530717959 
19 38 56 57 58 59 60 61 62 63 64 65 66 67 68 69 70 71 72 37 
p 0.64672973466792 1 3.14159265358979 3.31612557878923 3.49065850398866 3.66519142918809 3.83972435438752 4.01425727958696 4.18879020478639 4.36332312998582 4.53785605518526 4.71238898038469 4.88692190558412 5.06145483078355 5.23598775598299 5.41052068118242 5.58505360638185 5.75958653158128 5.93411945678072 6.10865238198015 6.28318530717959 
11 34 35 36 37 38 39 40 41 42 43 25 
p 0.64672973466792 1 0 0.157832908824783 0.315665817649567 0.47349872647435 0.631331635299133 0.789164544123917 0.9469974529487 1.10483036177348 1.26266327059827 1.42049617942305 1.57832908824783 
11 21 23 24 25 26 27 28 29 30 31 22 
p 0.64672973466792 1 0 0.157832908824783 0.315665817649567 0.47349872647435 0.631331635299133 0.789164544123917 0.9469974529487 1.10483036177348 1.26266327059827 1.42049617942305 1.57832908824783 
14 1 12 13 14 15 16 17 18 19 20 21 22 23 11 
p 0.64672973466792 1 0.00239775240083478 0.0772179209707722 0.144556072683716 0.205160409225365 0.25970431211285 0.308793824711586 0.352974386050448 0.392736891255424 0.4324993964604 0.472261901665376 0.869886953715137 0.909649458920113 0.954824729460056 1 
14 8 35 36 37 38 39 40 41 42 43 44 45 46 34 
p 0.64672973466792 1 0.00239775240083478 0.0772179209707722 0.144556072683716 0.205160409225365 0.25970431211285 0.308793824711586 0.352974386050448 0.392736891255424 0.4324993964604 0.472261901665376 0.869886953715137 0.909649458920113 0.954824729460056 1 
2 11 24 
p 0.64672973466792 1 0 0.00247229803427533 
2 34 9 
p 0.64672973466792 1 0 0.00247229803427533 
2 1 2 
p 0.64672973466792 1 -1.73205080756896 0 
2 4 3 
p 0.64672973466792 1 -1.73205080756896 0 
2 2 3 
p 0.64672973466792 1 -0.8660254037844 0.866025403784446 
2 4 3 
p 0.64672973466792 1 -0.8660254037844 0.866025403784446 
2 3 4 
p 0.64672973466792 1 -1.73205080756896 -2.31188365994991e-14 
2 4 3 
p 0.64672973466792 1 -1.73205080756896 -2.31188365994991e-14 
2 4 5 
p 0.64672973466792 1 -1.73205080756896 0 
2 4 3 
p 0.64672973466792 1 -1.73205080756896 0 
2 5 6 
p 0.64672973466792 1 -1.7320508075688 2.30926389122033e-14 
2 4 3 
p 0.64672973466792 1 -1.7320508075688 2.30926389122033e-14 
2 6 1 
p 0.64672973466792 1 -1.73205080756896 -2.31188365994991e-14 
2 4 3 
p 0.64672973466792 1 -1.73205080756896 -2.31188365994991e-14 
2 1 2 
p 0.64672973466792 1 -4.59632332194815e-14 1.7320508075688 
2 2 3 
p 0.64672973466792 1 -4.59632332194815e-14 1.7320508075688 
2 3 1 
p 0.64672973466792 1 0 2.6 
2 4 2 
p 0.64672973466792 1 0 2.6 
2 2 4 
p 0.64672973466792 1 -2.6 0 
2 1 3 
p 0.64672973466792 1 -2.6 0 
2 1 2 
p 0.64672973466792 1 0 1.73205080756896 
2 3 4 
p 0.64672973466792 1 0 1.73205080756896 
2 2 4 
p 0.64672973466792 1 -2.6 0 
2 1 3 
p 0.64672973466792 1 -2.6 0 
2 1 2 
p 0.64672973466792 1 4.61266508965372e-14 1.73205080756896 
2 1 2 
p 0.64672973466792 1 4.61266508965372e-14 1.73205080756896 
2 4 5 
p 0.64672973466792 1 2.31188365994999e-14 1.73205080756896 
2 1 2 
p 0.64672973466792 1 2.31188365994999e-14 1.73205080756896 
2 5 6 
p 0.64672973466792 1 -2.30926389122033e-14 1.7320508075688 
2 1 2 
p 0.64672973466792 1 -2.30926389122033e-14 1.7320508075688 
2 6 1 
p 0.64672973466792 1 0 1.73205080756896 
2 1 2 
p 0.64672973466792 1 0 1.73205080756896 
2 3 1 
p 0.64672973466792 1 0 2.6 
2 4 2 
p 0.64672973466792 1 0 2.6 
2 2 4 
p 0.64672973466792 1 -2.6 0 
2 1 3 
p 0.64672973466792 1 -2.6 0 
2 3 1 
p 0.64672973466792 1 0 2.6 
2 4 2 
p 0.64672973466792 1 0 2.6 
Surfaces 86
2 0 0 0 0 0 -1 -1 0 0 0 1 0 60
2 0 0 0 0 0 -1 -1 0 0 0 1 0 60
1 0 0 0 0 0 1 1 0 -0 -0 1 0 
3 0 0 39.999999999998408 0 0 -1 -1 0 0 0 1 0 59.999999999997527
0.57170901984978739
2 70 70 0 0 0 -1 -1 0 0 0 1 0 4.2500000000000044
2 70 70 0 0 0 -1 -1 0 0 0 1 0 4.2500000000000044
1 0 0 20 0 0 1 1 0 -0 -0 1 0 
2 -70 70 0 0 0 -1 -1 0 0 0 1 0 4.2500000000000044
2 -70 70 0 0 0 -1 -1 0 0 0 1 0 4.2500000000000044
1 0 0 20 0 0 1 1 0 -0 -0 1 0 
2 -70 -70 0 0 0 -1 -1 0 0 0 1 0 4.2500000000000044
2 -70 -70 0 0 0 -1 -1 0 0 0 1 0 4.2500000000000044
1 0 0 20 0 0 1 1 0 -0 -0 1 0 
2 70 -70 0 0 0 -1 -1 0 0 0 1 0 4.2500000000000044
2 70 -70 0 0 0 -1 -1 0 0 0 1 0 4.2500000000000044
1 0 0 20 0 -0 1 1 0 0 -0 1 0 
3 0 0 39.999999999998408 0 0 -1 -1 0 0 0 1 0 59.999999999997527
0.57170901984978739
1 0 0 67.200000000000003 0 0 1 1 0 -0 -0 1 0 
2 -2.1316282072799998e-14 80 20 0 1 0 0 -0 1 1 0 -0 12
2 -2.1316282072799998e-14 80 20 0 1 0 0 -0 1 1 0 -0 12
1 80 80 0 0 1 0 0 -0 1 1 0 -0 
2 -2.1316282072799998e-14 80 20 0 1 0 0 -0 1 1 0 -0 20
9 0 0 0 0 3 3 20 4 18 2 72.146455023499996 80.841179041339998 18.800000000000001  59.20897427781 66.260742324779997 39.600000000000001  46.271493532119997 51.680305608220003 60.400000000000006  33.334012786419997 37.099868891649997 81.200000000000003  
71.672690005769994 80.838225897310011 18.800000000000001  58.840368452779998 66.308977010579994 39.600000000000001  46.008046899790003 51.779728123859996 60.400000000000006  33.175725346809998 37.250479237130001 81.200000000000003  
68.09406068477 80.815998600290001 18.800000000000001  56.052000092230003 66.672022861870005 39.600000000000001  44.009939499690006 52.528047123459999 60.400000000000006  31.967878907149998 38.384071385040002 81.200000000000003  
61.517570658430003 80.776375700659997 18.800000000000001  50.871503073340001 67.319196889159997 39.600000000000001  40.22543548825 53.862018077649999 60.400000000000006  29.579367903150001 40.404839266140002 81.200000000000003  
52.495476643730001 80.726547258050005 18.800000000000001  43.649297515839997 68.133061451930004 39.600000000000001  34.803118387959998 55.539575645820001 60.400000000000006  25.956939260070001 42.946089839700001 81.200000000000003  
43.589929863880002 80.682937981090006 18.800000000000001  36.415626958609998 68.845346308879996 39.600000000000001  29.241324053340001 57.007754636679998 60.400000000000006  22.067021148070005 45.170162964479999 81.200000000000003  
31.833672962880005 80.633959615969999 18.800000000000001  26.746963124160001 69.645326272510005 39.600000000000001  21.660253285450001 58.65669292905001 60.400000000000006  16.573543446740004 47.668059585579996 81.200000000000003  
20.210873826269999 80.600044931989999 18.800000000000001  17.038591371559999 70.199266110829996 39.600000000000001  13.86630891686 59.798487289679997 60.400000000000006  10.69402646216 49.397708468520001 81.200000000000003  
8.6531755583249979 80.58289156524998 18.800000000000001  7.3061377282370001 70.479437767600004 39.600000000000001  5.9590998981490007 60.375983969959997 60.400000000000006  4.6120620680610003 50.272530172309999 81.200000000000003  
-2.8840314660459998 80.577108434750002 18.800000000000001  -2.435141340395 70.573895565729998 39.600000000000001  -1.9862512147439999 60.570682696710001 60.400000000000006  -1.5373610890930001 50.567469827689997 81.200000000000003  
-15.864031934330001 80.590120478369982 18.800000000000001  -13.39450447007 70.361365519949999 39.600000000000001  -10.924977005820001 60.132610561520011 60.400000000000006  -8.455449541561002 49.903855603099998 81.200000000000003  
-27.47552857466 80.621241609479995 18.800000000000001  -23.106591260009999 69.853053711879994 39.600000000000001  -18.737653945350001 59.084865814280008 60.400000000000006  -14.3687166307 48.316677916689997 81.200000000000003  
-36.24214412709 80.652326502890006 18.800000000000001  -30.372629431099998 69.345333786150007 39.600000000000001  -24.50311473511 58.038341069410009 60.400000000000006  -18.633600039120001 46.731348352669997 81.200000000000003  
-43.590078369289998 80.682937981090006 18.800000000000001  -36.415724991589997 68.845346308879996 39.600000000000001  -29.241371613900004 57.007754636679998 60.400000000000006  -22.067018236200003 45.170162964479999 81.200000000000003  
-51.01089850452 80.71927904522002 18.800000000000001  -42.443474288339999 68.251775594760005 39.600000000000001  -33.876050072150001 55.784272144299997 60.400000000000006  -25.308625855959999 43.316768693829999 81.200000000000003  
-57.75559491341 80.755484283620007 18.800000000000001  -47.862263953999999 67.660423367519996 39.600000000000001  -37.968932994589998 54.565362451410003 60.400000000000006  -28.075602035180005 41.47030153531 81.200000000000003  
-63.805897964929997 80.790088026600003 18.800000000000001  -52.676717131190003 67.095228898830001 39.600000000000001  -41.547536297459999 53.400369771060006 60.400000000000006  -30.418355463720001 39.70551064328 81.200000000000003  
-68.872329667599999 80.8208334893 18.800000000000001  -56.658442936190006 66.593053008029997 39.600000000000001  -44.444556204789997 52.365272526749997 60.400000000000006  -32.230669473379997 38.137492045469997 81.200000000000003  
-71.676753168649995 80.83825087852 18.800000000000001  -58.843529444280001 66.308568984139995 39.600000000000001  -46.010305719900003 51.77888708975 60.400000000000006  -33.177081995530003 37.249205195359998 81.200000000000003  
-72.152644513929999 80.84121673349 18.800000000000001  -59.213773060949997 66.260126686350006 39.600000000000001  -46.274901607979999 51.679036639220001 60.400000000000006  -33.336030155000003 37.097946592089997 81.200000000000003  

-0.0095117494302919998 4
0 1
0.0625 1
0.125 1
0.1875 1
0.25 1
0.375 1
0.4375 1
0.5 1
0.625 1
0.71875 1
0.75 1
0.8125 1
0.875 1
0.90625 1
0.953125 1
1 1
1.009552215836 4

-0.02 4
1.02 4

2 -2.1316282072799998e-14 80 20 0 1 0 0 -0 1 1 0 -0 20
2 -70 70 80 0 0 1 1 0 -0 -0 1 0 12.499999999999996
2 -70 70 80 0 0 1 1 0 -0 -0 1 0 12.499999999999996
2 -70 -70 80 0 0 1 1 0 -0 -0 1 0 12.499999999999996
9 0 0 0 0 3 3 20 4 18 2 -80.841179041339998 72.146455023499996 18.800000000000001  -66.260742324779997 59.20897427781 39.600000000000001  -51.680305608220003 46.271493532119997 60.400000000000006  -37.099868891649997 33.334012786419997 81.200000000000003  
-80.838225897310011 71.672690005769994 18.800000000000001  -66.308977010579994 58.840368452779998 39.600000000000001  -51.779728123859996 46.008046899790003 60.400000000000006  -37.250479237130001 33.175725346809998 81.200000000000003  
-80.815998600290001 68.09406068477 18.800000000000001  -66.672022861870005 56.052000092230003 39.600000000000001  -52.528047123459999 44.009939499690006 60.400000000000006  -38.384071385040002 31.967878907149998 81.200000000000003  
-80.776375700659997 61.517570658430003 18.800000000000001  -67.319196889159997 50.871503073340001 39.600000000000001  -53.862018077649999 40.22543548825 60.400000000000006  -40.404839266140002 29.579367903150001 81.200000000000003  
-80.726547258050005 52.495476643730001 18.800000000000001  -68.133061451930004 43.649297515839997 39.600000000000001  -55.539575645820001 34.803118387959998 60.400000000000006  -42.946089839700001 25.956939260070001 81.200000000000003  
-80.682937981090006 43.589929863880002 18.800000000000001  -68.845346308879996 36.415626958609998 39.600000000000001  -57.007754636679998 29.241324053340001 60.400000000000006  -45.170162964479999 22.067021148070005 81.200000000000003  
-80.633959615969999 31.833672962880005 18.800000000000001  -69.645326272510005 26.746963124160001 39.600000000000001  -58.65669292905001 21.660253285450001 60.400000000000006  -47.668059585579996 16.573543446740004 81.200000000000003  
-80.600044931989999 20.210873826269999 18.800000000000001  -70.199266110829996 17.038591371559999 39.600000000000001  -59.798487289679997 13.86630891686 60.400000000000006  -49.397708468520001 10.69402646216 81.200000000000003  
-80.58289156524998 8.6531755583249979 18.800000000000001  -70.479437767600004 7.3061377282370001 39.600000000000001  -60.375983969959997 5.9590998981490007 60.400000000000006  -50.272530172309999 4.6120620680610003 81.200000000000003  
-80.577108434750002 -2.8840314660459998 18.800000000000001  -70.573895565729998 -2.435141340395 39.600000000000001  -60.570682696710001 -1.9862512147439999 60.400000000000006  -50.567469827689997 -1.5373610890930001 81.200000000000003  
-80.590120478369982 -15.864031934330001 18.800000000000001  -70.361365519949999 -13.39450447007 39.600000000000001  -60.132610561520011 -10.924977005820001 60.400000000000006  -49.903855603099998 -8.455449541561002 81.200000000000003  
-80.621241609479995 -27.47552857466 18.800000000000001  -69.853053711879994 -23.106591260009999 39.600000000000001  -59.084865814280008 -18.737653945350001 60.400000000000006  -48.316677916689997 -14.3687166307 81.200000000000003  
-80.652326502890006 -36.24214412709 18.800000000000001  -69.345333786150007 -30.372629431099998 39.600000000000001  -58.038341069410009 -24.50311473511 60.400000000000006  -46.731348352669997 -18.633600039120001 81.200000000000003  
-80.682937981090006 -43.590078369289998 18.800000000000001  -68.845346308879996 -36.415724991589997 39.600000000000001  -57.007754636679998 -29.241371613900004 60.400000000000006  -45.170162964479999 -22.067018236200003 81.200000000000003  
-80.71927904522002 -51.01089850452 18.800000000000001  -68.251775594760005 -42.443474288339999 39.600000000000001  -55.784272144299997 -33.876050072150001 60.400000000000006  -43.316768693829999 -25.308625855959999 81.200000000000003  
-80.755484283620007 -57.75559491341 18.800000000000001  -67.660423367519996 -47.862263953999999 39.600000000000001  -54.565362451410003 -37.968932994589998 60.400000000000006  -41.47030153531 -28.075602035180005 81.200000000000003  
-80.790088026600003 -63.805897964929997 18.800000000000001  -67.095228898830001 -52.676717131190003 39.600000000000001  -53.400369771060006 -41.547536297459999 60.400000000000006  -39.70551064328 -30.418355463720001 81.200000000000003  
-80.8208334893 -68.872329667599999 18.800000000000001  -66.593053008029997 -56.658442936190006 39.600000000000001  -52.365272526749997 -44.444556204789997 60.400000000000006  -38.137492045469997 -32.230669473379997 81.200000000000003  
-80.83825087852 -71.676753168649995 18.800000000000001  -66.308568984139995 -58.843529444280001 39.600000000000001  -51.77888708975 -46.010305719900003 60.400000000000006  -37.249205195359998 -33.177081995530003 81.200000000000003  
-80.84121673349 -72.152644513929999 18.800000000000001  -66.260126686350006 -59.213773060949997 39.600000000000001  -51.679036639220001 -46.274901607979999 60.400000000000006  -37.097946592089997 -33.336030155000003 81.200000000000003  

-0.0095117494302919998 4
0 1
0.0625 1
0.125 1
0.1875 1
0.25 1
0.375 1
0.4375 1
0.5 1
0.625 1
0.71875 1
0.75 1
0.8125 1
0.875 1
0.90625 1
0.953125 1
1 1
1.009552215836 4

-0.02 4
1.02 4

9 0 0 0 0 3 3 9 4 7 2 -66.926392936019994 -58.293568379920004 38.886576718720001  -57.257456589669999 -49.858063363600003 52.859766330660001  -47.588520243319998 -41.422558347269998 66.832955942599995  -37.919583896970003 -32.987053330949998 80.806145554530005  
-66.918484872220006 -58.374522464489999 38.886576718720001  -57.241339145040001 -49.924027477400003 52.859766330660001  -47.564193417859997 -41.473532490309999 66.832955942599995  -37.887047690679999 -33.023037503209999 80.806145554530005  
-66.799633675210004 -59.449196732760001 38.886576718720001  -57.018897538410002 -50.798467720600001 52.859766330660001  -47.23816140161 -42.147738708440002 66.832955942599995  -37.457425264800001 -33.497009696269998 80.806145554530005  
-66.207746376200006 -61.574069360659998 38.886576718720001  -56.35796225979 -52.499109382390003 52.859766330660001  -46.508178143389998 -43.424149404120001 66.832955942599995  -36.658394026990003 -34.349189425840002 80.806145554530005  
-64.298335658810004 -64.298335658810004 38.886576718720001  -54.703990419230003 -54.703990419230003 52.859766330660001  -45.109645179650002 -45.109645179650002 66.832955942599995  -35.515299940070001 -35.515299940070001 80.806145554530005  
-61.574069360659998 -66.207746376200006 38.886576718720001  -52.499109382390003 -56.35796225979 52.859766330660001  -43.424149404120001 -46.508178143389998 66.832955942599995  -34.349189425840002 -36.658394026990003 80.806145554530005  
-59.448613957109998 -66.799796008469997 38.886576718720001  -50.798001296149998 -57.019078809030006 52.859766330660001  -42.147388635189998 -47.238361609590001 66.832955942599995  -33.49677597422 -37.457644410150003 80.806145554530005  
-58.373388017800004 -66.918610282149999 38.886576718720001  -49.923104397469999 -57.241573926640008 52.859766330660001  -41.472820777140001 -47.564537571130003 66.832955942599995  -33.02253715681001 -37.887501215619999 80.806145554530005  
-58.291871183360001 -66.926558574520001 38.886576718720001  -49.856680416960003 -57.257794396900003 52.859766330660001  -41.42148965057001 -47.589030219270001 66.832955942599995  -32.986298884169997 -37.920266041639998 80.806145554530005  

-0.020424240384070001 4
0 1
0.25 1
0.5 1
0.75 1
1 1
1.020566973914 4

0.31477627864539998 4
1.013435759242 4

9 0 0 0 0 3 3 20 4 18 2 -72.146455023499996 -80.841179041339998 18.800000000000001  -59.20897427781 -66.260742324779997 39.600000000000001  -46.271493532119997 -51.680305608220003 60.400000000000006  -33.334012786419997 -37.099868891649997 81.200000000000003  
-71.672690005769994 -80.838225897310011 18.800000000000001  -58.840368452779998 -66.308977010579994 39.600000000000001  -46.008046899790003 -51.779728123859996 60.400000000000006  -33.175725346809998 -37.250479237130001 81.200000000000003  
-68.09406068477 -80.815998600290001 18.800000000000001  -56.052000092230003 -66.672022861870005 39.600000000000001  -44.009939499690006 -52.528047123459999 60.400000000000006  -31.967878907149998 -38.384071385040002 81.200000000000003  
-61.517570658430003 -80.776375700659997 18.800000000000001  -50.871503073340001 -67.319196889159997 39.600000000000001  -40.22543548825 -53.862018077649999 60.400000000000006  -29.579367903150001 -40.404839266140002 81.200000000000003  
-52.495476643730001 -80.726547258050005 18.800000000000001  -43.649297515839997 -68.133061451930004 39.600000000000001  -34.803118387959998 -55.539575645820001 60.400000000000006  -25.956939260070001 -42.946089839700001 81.200000000000003  
-43.589929863880002 -80.682937981090006 18.800000000000001  -36.415626958609998 -68.845346308879996 39.600000000000001  -29.241324053340001 -57.007754636679998 60.400000000000006  -22.067021148070005 -45.170162964479999 81.200000000000003  
-31.833672962880005 -80.633959615969999 18.800000000000001  -26.746963124160001 -69.645326272510005 39.600000000000001  -21.660253285450001 -58.65669292905001 60.400000000000006  -16.573543446740004 -47.668059585579996 81.200000000000003  
-20.210873826269999 -80.600044931989999 18.800000000000001  -17.038591371559999 -70.199266110829996 39.600000000000001  -13.86630891686 -59.798487289679997 60.400000000000006  -10.69402646216 -49.397708468520001 81.200000000000003  
-8.6531755583249979 -80.58289156524998 18.800000000000001  -7.3061377282370001 -70.479437767600004 39.600000000000001  -5.9590998981490007 -60.375983969959997 60.400000000000006  -4.6120620680610003 -50.272530172309999 81.200000000000003  
2.8840314660459998 -80.577108434750002 18.800000000000001  2.435141340395 -70.573895565729998 39.600000000000001  1.9862512147439999 -60.570682696710001 60.400000000000006  1.5373610890930001 -50.567469827689997 81.200000000000003  
15.864031934330001 -80.590120478369982 18.800000000000001  13.39450447007 -70.361365519949999 39.600000000000001  10.924977005820001 -60.132610561520011 60.400000000000006  8.455449541561002 -49.903855603099998 81.200000000000003  
27.47552857466 -80.621241609479995 18.800000000000001  23.106591260009999 -69.853053711879994 39.600000000000001  18.737653945350001 -59.084865814280008 60.400000000000006  14.3687166307 -48.316677916689997 81.200000000000003  
36.24214412709 -80.652326502890006 18.800000000000001  30.372629431099998 -69.345333786150007 39.600000000000001  24.50311473511 -58.038341069410009 60.400000000000006  18.633600039120001 -46.731348352669997 81.200000000000003  
43.590078369289998 -80.682937981090006 18.800000000000001  36.415724991589997 -68.845346308879996 39.600000000000001  29.241371613900004 -57.007754636679998 60.400000000000006  22.067018236200003 -45.170162964479999 81.200000000000003  
51.01089850452 -80.71927904522002 18.800000000000001  42.443474288339999 -68.251775594760005 39.600000000000001  33.876050072150001 -55.784272144299997 60.400000000000006  25.308625855959999 -43.316768693829999 81.200000000000003  
57.75559491341 -80.755484283620007 18.800000000000001  47.862263953999999 -67.660423367519996 39.600000000000001  37.968932994589998 -54.565362451410003 60.400000000000006  28.075602035180005 -41.47030153531 81.200000000000003  
63.805897964929997 -80.790088026600003 18.800000000000001  52.676717131190003 -67.095228898830001 39.600000000000001  41.547536297459999 -53.400369771060006 60.400000000000006  30.418355463720001 -39.70551064328 81.200000000000003  
68.872329667599999 -80.8208334893 18.800000000000001  56.658442936190006 -66.593053008029997 39.600000000000001  44.444556204789997 -52.365272526749997 60.400000000000006  32.230669473379997 -38.137492045469997 81.200000000000003  
71.676753168649995 -80.83825087852 18.800000000000001  58.843529444280001 -66.308568984139995 39.600000000000001  46.010305719900003 -51.77888708975 60.400000000000006  33.177081995530003 -37.249205195359998 81.200000000000003  
72.152644513929999 -80.84121673349 18.800000000000001  59.213773060949997 -66.260126686350006 39.600000000000001  46.274901607979999 -51.679036639220001 60.400000000000006  33.336030155000003 -37.097946592089997 81.200000000000003  

-0.0095117494302919998 4
0 1
0.0625 1
0.125 1
0.1875 1
0.25 1
0.375 1
0.4375 1
0.5 1
0.625 1
0.71875 1
0.75 1
0.8125 1
0.875 1
0.90625 1
0.953125 1
1 1
1.009552215836 4

-0.02 4
1.02 4

2 -70 -70 80 0 0 1 1 0 -0 -0 1 0 12.499999999999996
2 0 0 72.200000000000003 0 0 1 1 0 -0 -0 1 0 27.5
2 0 0 72.200000000000003 0 0 1 1 0 -0 -0 1 0 27.5
1 0 0 72.200000000000003 0 0 1 1 0 -0 -0 1 0 
2 -21.920310216779999 -21.920310216779999 67.200000000000003 0 0 -1 -1 0 0 0 1 0 2.149999999999999
2 -21.920310216779999 -21.920310216779999 67.200000000000003 0 0 -1 -1 0 0 0 1 0 2.149999999999999
2 0 -31 67.200000000000003 0 0 -1 -1 0 0 0 1 0 2.1499999999999999
2 0 -31 67.200000000000003 0 0 -1 -1 0 0 0 1 0 2.1499999999999999
2 21.920310216779999 -21.920310216779999 67.200000000000003 0 0 -1 -1 0 0 0 1 0 2.149999999999999
2 21.920310216779999 -21.920310216779999 67.200000000000003 0 0 -1 -1 0 0 0 1 0 2.149999999999999
2 31 0 67.200000000000003 0 0 -1 -1 0 0 0 1 0 2.149999999999999
2 31 0 67.200000000000003 0 0 -1 -1 0 0 0 1 0 2.149999999999999
2 21.920310216779999 21.920310216779999 67.200000000000003 0 0 -1 -1 0 0 0 1 0 2.149999999999999
2 21.920310216779999 21.920310216779999 67.200000000000003 0 0 -1 -1 0 0 0 1 0 2.149999999999999
2 0 31 67.200000000000003 0 0 -1 -1 0 0 0 1 0 2.1499999999999999
2 0 31 67.200000000000003 0 0 -1 -1 0 0 0 1 0 2.1499999999999999
2 -21.920310216779999 21.920310216779999 67.200000000000003 0 0 -1 -1 0 0 0 1 0 2.149999999999999
2 -21.920310216779999 21.920310216779999 67.200000000000003 0 0 -1 -1 0 0 0 1 0 2.149999999999999
2 -31 0 67.200000000000003 0 0 -1 -1 0 0 0 1 0 2.149999999999999
2 -31 0 67.200000000000003 0 0 -1 -1 0 0 0 1 0 2.149999999999999
3 0 2.8449465006019641e-13 80.000000000000028 0 0 1 1 0 -0 -0 1 0 34.999999999999964
0.78539816339729551
3 0 2.8449465006019641e-13 80.000000000000028 0 0 1 1 0 -0 -0 1 0 34.999999999999964
0.78539816339729551
1 0 0 80 0 0 1 1 0 -0 -0 1 0 
2 0 0 80 0 0 1 1 0 -0 -0 1 0 34.5
2 0 0 80 0 0 1 1 0 -0 -0 1 0 34.5
2 -70 70 46.072000000000003 0 0 -1 -1 0 0 0 1 0 9.9999999999999929
2 70 70 46.072000000000003 0 0 -1 -1 0 0 0 1 0 10.000000000000002
1 80 -80 0 1 0 0 0 0 -1 -0 1 0 
2 70 -70 46.072000000000003 0 0 -1 -1 0 0 0 1 0 10.000000000000002
1 -80 -80 0 0 -1 0 0 -0 -1 1 0 0 
2 -70 -70 46.072000000000003 0 0 -1 -1 0 0 0 1 0 9.9999999999999929
1 -80 80 0 -1 0 0 0 0 1 0 1 -0 
9 0 0 0 0 3 3 20 4 18 2 80.841179041339998 -72.146455023499996 18.800000000000001  66.260742324779997 -59.20897427781 39.600000000000001  51.680305608220003 -46.271493532119997 60.400000000000006  37.099868891649997 -33.334012786419997 81.200000000000003  
80.838225897310011 -71.672690005769994 18.800000000000001  66.308977010579994 -58.840368452779998 39.600000000000001  51.779728123859996 -46.008046899790003 60.400000000000006  37.250479237130001 -33.175725346809998 81.200000000000003  
80.815998600290001 -68.09406068477 18.800000000000001  66.672022861870005 -56.052000092230003 39.600000000000001  52.528047123459999 -44.009939499690006 60.400000000000006  38.384071385040002 -31.967878907149998 81.200000000000003  
80.776375700659997 -61.517570658430003 18.800000000000001  67.319196889159997 -50.871503073340001 39.600000000000001  53.862018077649999 -40.22543548825 60.400000000000006  40.404839266140002 -29.579367903150001 81.200000000000003  
80.726547258050005 -52.495476643730001 18.800000000000001  68.133061451930004 -43.649297515839997 39.600000000000001  55.539575645820001 -34.803118387959998 60.400000000000006  42.946089839700001 -25.956939260070001 81.200000000000003  
80.682937981090006 -43.589929863880002 18.800000000000001  68.845346308879996 -36.415626958609998 39.600000000000001  57.007754636679998 -29.241324053340001 60.400000000000006  45.170162964479999 -22.067021148070005 81.200000000000003  
80.633959615969999 -31.833672962880005 18.800000000000001  69.645326272510005 -26.746963124160001 39.600000000000001  58.65669292905001 -21.660253285450001 60.400000000000006  47.668059585579996 -16.573543446740004 81.200000000000003  
80.600044931989999 -20.210873826269999 18.800000000000001  70.199266110829996 -17.038591371559999 39.600000000000001  59.798487289679997 -13.86630891686 60.400000000000006  49.397708468520001 -10.69402646216 81.200000000000003  
80.58289156524998 -8.6531755583249979 18.800000000000001  70.479437767600004 -7.3061377282370001 39.600000000000001  60.375983969959997 -5.9590998981490007 60.400000000000006  50.272530172309999 -4.6120620680610003 81.200000000000003  
80.577108434750002 2.8840314660459998 18.800000000000001  70.573895565729998 2.435141340395 39.600000000000001  60.570682696710001 1.9862512147439999 60.400000000000006  50.567469827689997 1.5373610890930001 81.200000000000003  
80.590120478369982 15.864031934330001 18.800000000000001  70.361365519949999 13.39450447007 39.600000000000001  60.132610561520011 10.924977005820001 60.400000000000006  49.903855603099998 8.455449541561002 81.200000000000003  
80.621241609479995 27.47552857466 18.800000000000001  69.853053711879994 23.106591260009999 39.600000000000001  59.084865814280008 18.737653945350001 60.400000000000006  48.316677916689997 14.3687166307 81.200000000000003  
80.652326502890006 36.24214412709 18.800000000000001  69.345333786150007 30.372629431099998 39.600000000000001  58.038341069410009 24.50311473511 60.400000000000006  46.731348352669997 18.633600039120001 81.200000000000003  
80.682937981090006 43.590078369289998 18.800000000000001  68.845346308879996 36.415724991589997 39.600000000000001  57.007754636679998 29.241371613900004 60.400000000000006  45.170162964479999 22.067018236200003 81.200000000000003  
80.71927904522002 51.01089850452 18.800000000000001  68.251775594760005 42.443474288339999 39.600000000000001  55.784272144299997 33.876050072150001 60.400000000000006  43.316768693829999 25.308625855959999 81.200000000000003  
80.755484283620007 57.75559491341 18.800000000000001  67.660423367519996 47.862263953999999 39.600000000000001  54.565362451410003 37.968932994589998 60.400000000000006  41.47030153531 28.075602035180005 81.200000000000003  
80.790088026600003 63.805897964929997 18.800000000000001  67.095228898830001 52.676717131190003 39.600000000000001  53.400369771060006 41.547536297459999 60.400000000000006  39.70551064328 30.418355463720001 81.200000000000003  
80.8208334893 68.872329667599999 18.800000000000001  66.593053008029997 56.658442936190006 39.600000000000001  52.365272526749997 44.444556204789997 60.400000000000006  38.137492045469997 32.230669473379997 81.200000000000003  
80.83825087852 71.676753168649995 18.800000000000001  66.308568984139995 58.843529444280001 39.600000000000001  51.77888708975 46.010305719900003 60.400000000000006  37.249205195359998 33.177081995530003 81.200000000000003  
80.84121673349 72.152644513929999 18.800000000000001  66.260126686350006 59.213773060949997 39.600000000000001  51.679036639220001 46.274901607979999 60.400000000000006  37.097946592089997 33.336030155000003 81.200000000000003  

-0.0095117494302919998 4
0 1
0.0625 1
0.125 1
0.1875 1
0.25 1
0.375 1
0.4375 1
0.5 1
0.625 1
0.71875 1
0.75 1
0.8125 1
0.875 1
0.90625 1
0.953125 1
1 1
1.009552215836 4

-0.02 4
1.02 4

2 70 70 80 0 0 1 1 0 -0 -0 1 0 12.499999999999996
2 70 -70 80 0 0 1 1 0 -0 -0 1 0 12.499999999999996
9 0 0 0 0 3 3 9 4 7 2 -58.293568379920004 66.926392936019994 38.886576718720001  -49.858063363600003 57.257456589669999 52.859766330660001  -41.422558347269998 47.588520243319998 66.832955942599995  -32.987053330949998 37.919583896970003 80.806145554530005  
-58.374522464489999 66.918484872220006 38.886576718720001  -49.924027477400003 57.241339145040001 52.859766330660001  -41.473532490309999 47.564193417859997 66.832955942599995  -33.023037503209999 37.887047690679999 80.806145554530005  
-59.449196732760001 66.799633675210004 38.886576718720001  -50.798467720600001 57.018897538410002 52.859766330660001  -42.147738708440002 47.23816140161 66.832955942599995  -33.497009696269998 37.457425264800001 80.806145554530005  
-61.574069360659998 66.207746376200006 38.886576718720001  -52.499109382390003 56.35796225979 52.859766330660001  -43.424149404120001 46.508178143389998 66.832955942599995  -34.349189425840002 36.658394026990003 80.806145554530005  
-64.298335658810004 64.298335658810004 38.886576718720001  -54.703990419230003 54.703990419230003 52.859766330660001  -45.109645179650002 45.109645179650002 66.832955942599995  -35.515299940070001 35.515299940070001 80.806145554530005  
-66.207746376200006 61.574069360659998 38.886576718720001  -56.35796225979 52.499109382390003 52.859766330660001  -46.508178143389998 43.424149404120001 66.832955942599995  -36.658394026990003 34.349189425840002 80.806145554530005  
-66.799796008469997 59.448613957109998 38.886576718720001  -57.019078809030006 50.798001296149998 52.859766330660001  -47.238361609590001 42.147388635189998 66.832955942599995  -37.457644410150003 33.49677597422 80.806145554530005  
-66.918610282149999 58.373388017800004 38.886576718720001  -57.241573926640008 49.923104397469999 52.859766330660001  -47.564537571130003 41.472820777140001 66.832955942599995  -37.887501215619999 33.02253715681001 80.806145554530005  
-66.926558574520001 58.291871183360001 38.886576718720001  -57.257794396900003 49.856680416960003 52.859766330660001  -47.589030219270001 41.42148965057001 66.832955942599995  -37.920266041639998 32.986298884169997 80.806145554530005  

-0.020424240384070001 4
0 1
0.25 1
0.5 1
0.75 1
1 1
1.020566973914 4

0.31477627864539998 4
1.013435759242 4

9 0 0 0 0 3 3 9 4 7 2 66.926392936019994 58.293568379920004 38.886576718720001  57.257456589669999 49.858063363600003 52.859766330660001  47.588520243319998 41.422558347269998 66.832955942599995  37.919583896970003 32.987053330949998 80.806145554530005  
66.918484872220006 58.374522464489999 38.886576718720001  57.241339145040001 49.924027477400003 52.859766330660001  47.564193417859997 41.473532490309999 66.832955942599995  37.887047690679999 33.023037503209999 80.806145554530005  
66.799633675210004 59.449196732760001 38.886576718720001  57.018897538410002 50.798467720600001 52.859766330660001  47.23816140161 42.147738708440002 66.832955942599995  37.457425264800001 33.497009696269998 80.806145554530005  
66.207746376200006 61.574069360659998 38.886576718720001  56.35796225979 52.499109382390003 52.859766330660001  46.508178143389998 43.424149404120001 66.832955942599995  36.658394026990003 34.349189425840002 80.806145554530005  
64.298335658810004 64.298335658810004 38.886576718720001  54.703990419230003 54.703990419230003 52.859766330660001  45.109645179650002 45.109645179650002 66.832955942599995  35.515299940070001 35.515299940070001 80.806145554530005  
61.574069360659998 66.207746376200006 38.886576718720001  52.499109382390003 56.35796225979 52.859766330660001  43.424149404120001 46.508178143389998 66.832955942599995  34.349189425840002 36.658394026990003 80.806145554530005  
59.448613957109998 66.799796008469997 38.886576718720001  50.798001296149998 57.019078809030006 52.859766330660001  42.147388635189998 47.238361609590001 66.832955942599995  33.49677597422 37.457644410150003 80.806145554530005  
58.373388017800004 66.918610282149999 38.886576718720001  49.923104397469999 57.241573926640008 52.859766330660001  41.472820777140001 47.564537571130003 66.832955942599995  33.02253715681001 37.887501215619999 80.806145554530005  
58.291871183360001 66.926558574520001 38.886576718720001  49.856680416960003 57.257794396900003 52.859766330660001  41.42148965057001 47.589030219270001 66.832955942599995  32.986298884169997 37.920266041639998 80.806145554530005  

-0.020424240384070001 4
0 1
0.25 1
0.5 1
0.75 1
1 1
1.020566973914 4

0.31477627864539998 4
1.013435759242 4

9 0 0 0 0 3 3 9 4 7 2 58.293568379920004 -66.926392936019994 38.886576718720001  49.858063363600003 -57.257456589669999 52.859766330660001  41.422558347269998 -47.588520243319998 66.832955942599995  32.987053330949998 -37.919583896970003 80.806145554530005  
58.374522464489999 -66.918484872220006 38.886576718720001  49.924027477400003 -57.241339145040001 52.859766330660001  41.473532490309999 -47.564193417859997 66.832955942599995  33.023037503209999 -37.887047690679999 80.806145554530005  
59.449196732760001 -66.799633675210004 38.886576718720001  50.798467720600001 -57.018897538410002 52.859766330660001  42.147738708440002 -47.23816140161 66.832955942599995  33.497009696269998 -37.457425264800001 80.806145554530005  
61.574069360659998 -66.207746376200006 38.886576718720001  52.499109382390003 -56.35796225979 52.859766330660001  43.424149404120001 -46.508178143389998 66.832955942599995  34.349189425840002 -36.658394026990003 80.806145554530005  
64.298335658810004 -64.298335658810004 38.886576718720001  54.703990419230003 -54.703990419230003 52.859766330660001  45.109645179650002 -45.109645179650002 66.832955942599995  35.515299940070001 -35.515299940070001 80.806145554530005  
66.207746376200006 -61.574069360659998 38.886576718720001  56.35796225979 -52.499109382390003 52.859766330660001  46.508178143389998 -43.424149404120001 66.832955942599995  36.658394026990003 -34.349189425840002 80.806145554530005  
66.799796008469997 -59.448613957109998 38.886576718720001  57.019078809030006 -50.798001296149998 52.859766330660001  47.238361609590001 -42.147388635189998 66.832955942599995  37.457644410150003 -33.49677597422 80.806145554530005  
66.918610282149999 -58.373388017800004 38.886576718720001  57.241573926640008 -49.923104397469999 52.859766330660001  47.564537571130003 -41.472820777140001 66.832955942599995  37.887501215619999 -33.02253715681001 80.806145554530005  
66.926558574520001 -58.291871183360001 38.886576718720001  57.257794396900003 -49.856680416960003 52.859766330660001  47.589030219270001 -41.42148965057001 66.832955942599995  37.920266041639998 -32.986298884169997 80.806145554530005  

-0.020424240384070001 4
0 1
0.25 1
0.5 1
0.75 1
1 1
1.020566973914 4

0.31477627864539998 4
1.013435759242 4

9 1 1 0 0 3 3 4 4 2 2 -0.02483846418185599 3.2973292113989463 -3.9999833939336193  1 6.5698199586160344 3.3470061397626583 -3.9999833939336185  0.33333333333333343 6.6194968869797455 -3.247652283035233 -3.9999833939336185  0.33333333333333343 0.024838464181856392 -3.2973292113989463 -3.9999833939336193  1 
-0.025729943478496685 3.415673916798164 -4.0015085756321884  0.80169070276882315 6.8056178901178255 3.4671338037551558 -4.0015085756321902  0.26723023425627446 6.8570777770748208 -3.3642140298411687 -4.0015085756321902  0.26723023425627446 0.025729943478497094 -3.415673916798164 -4.0015085756321884  0.80169070276882315 
-0.026364415753172457 3.4999007011031038 -3.918357890360455  0.80169070276882315 6.9734369864530326 3.5526295326094481 -3.918357890360455  0.26723023425627446 7.0261658179593756 -3.4471718695967568 -3.918357890360455  0.26723023425627446 0.026364415753172884 -3.4999007011031038 -3.918357890360455  0.80169070276882315 
-0.026364415753172457 3.4999007011031038 -3.7999999999999998  1 6.9734369864530326 3.5526295326094481 -3.7999999999999998  0.33333333333333343 7.0261658179593764 -3.4471718695967577 -3.7999999999999998  0.33333333333333343 0.026364415753172887 -3.4999007011031038 -3.7999999999999998  1 

0 4
1 4

0 4
1 4

1 0 0 -4 0 0 -1 -1 0 -0 0 1 0 
9 1 1 0 0 3 3 4 7 2 3 0.08705850969820092 -3.2988514388934105 -4  1 -1.8598373370500911 -3.3502310945387643 -4  0.8025109368538581 -3.2664989518924927 -2.0032543284329201 -4  0.8025109368538581 -3.299525481392406 -0.055960679429468654 -4  1 -3.3325520108923192 1.8913329695739829 -4  0.8025109368538581 -1.9723763199400264 3.2852359062386718 -4  0.8025109368538581 -0.02485787729650198 3.2999063753288982 -4  1 
0.090149279047365541 -3.4159679499630937 -4  0.8047378541243646 -1.9258656696704604 -3.4691716968476585 -4  0.64581092923510719 -3.3824668782283185 -2.0743742809610053 -4  0.64581092923510719 -3.4166659224593188 -0.05794740712947892 -4  0.8047378541243646 -3.4508649666903191 1.9584794667020471 -4  0.64581092923510719 -2.0424000349774407 3.4018690358313708 -4  0.64581092923510719 -0.025740386835197995 3.4170603389717003 -4  0.8047378541243646 
0.092334783013243396 -3.4987818291293742 -3.9171572875253817  0.8047378541243646 -1.972554751416763 -3.5532754032986897 -3.9171572875253817  0.64581092923510719 -3.4644685853405237 -2.1246636816712789 -3.9171572875253817  0.64581092923510719 -3.4994967226889164 -0.059352235758527362 -3.9171572875253817  0.8047378541243646 -3.5345248600373087 2.005959210154225 -3.9171572875253817  0.64581092923510719 -2.0919142787242704 3.4843411126773782 -3.9171572875253817  0.64581092923510719 -0.026364415314471791 3.4999007011064083 -3.9171572875253817  0.8047378541243646 
0.092334783013243396 -3.4987818291293751 -3.7999999999999998  1 -1.9725547514167641 -3.5532754032986902 -3.7999999999999998  0.8025109368538581 -3.4644685853405237 -2.1246636816712794 -3.7999999999999998  0.8025109368538581 -3.499496722688916 -0.059352235758527369 -3.7999999999999998  1 -3.5345248600373087 2.0059592101542245 -3.7999999999999998  0.8025109368538581 -2.0919142787242704 3.4843411126773791 -3.7999999999999998  0.8025109368538581 -0.026364415314471805 3.4999007011064078 -3.7999999999999998  1 

0 4
1 4

0 4
0.5 3
1 4

2 0 0 0 0 0 -1 -1 0 0 0 1 0 3.5
2 0 0 0 0 0 -1 -1 0 0 0 1 0 3.5
2 0 0 0 0 0 1 1 0 -0 -0 1 0 2
1 0 0 0 0 0 -1 -1 0 -0 0 1 0 
2 0 0 0 0 0 1 1 0 -0 -0 1 0 2
3 0 0 9.7999999999274223 0 0 -1 -1 0 0 0 1 0 2.0000000000095497
0.78539816325533973
1 0 0 10 0 0 1 1 0 -0 -0 1 0 
3 0 0 9.7999999999274223 0 0 -1 -1 0 0 0 1 0 2.0000000000095497
0.78539816325533973
1 -0.86602540378439996 -1.5 -4 -0.86602540378442894 -0.50000000000001676 0 0.50000000000001676 -0.86602540378442894 0 0 0 1 
1 0.86602540378439996 -1.5 -4 0 -1 0 0 -0 -1 1 0 0 
1 1.7320508075690002 0 -4 0.86602540378442894 -0.50000000000001676 0 0.50000000000001676 0.86602540378442894 0 -0 0 1 
1 0.86602540378439996 1.5 -4 0.86602540378442894 0.50000000000001676 0 -0.50000000000001676 0.86602540378442894 0 0 -0 1 
1 -0.86602540378439996 1.5 -4 -0 1 0 0 0 1 1 0 -0 
1 -1.7320508075690002 0 -4 -0.86602540378442894 0.50000000000001676 0 -0.50000000000001676 -0.86602540378442894 0 0 0 1 
1 0 0 -1.3999999999999999 0 0 -1 -1 0 -0 0 1 0 
Triangulations 86
38 36 1 0.228318114497014
-59.9999999999965 0 40 -60 0 0 60 7.34788079488412e-15 0 59.0884651807325 -10.4188906600158 0 56.3815572471545 -20.5212085995401 0 51.9615242270663 -30 0 45.9626665871387 -38.5672565811923 0 38.5672565811924 -45.9626665871386 0 30.0000000000001 -51.9615242270663 0 20.5212085995402 -56.3815572471545 0 10.4188906600159 -59.0884651807325 0 1.17602867548416e-13 -60 0 -10.4188906600157 -59.0884651807325 0 -20.52120859954 -56.3815572471546 0 -29.9999999999999 -51.9615242270664 0 -38.5672565811922 -45.9626665871388 0 -45.9626665871386 -38.5672565811925 0 -51.9615242270662 -30.0000000000002 0 -56.3815572471544 -20.5212085995403 0 -59.0884651807324 -10.418890660016 0 59.9999999999965 7.34788079488369e-15 40 59.0884651807325 -10.4188906600158 40 56.3815572471545 -20.5212085995401 40 51.9615242270663 -30 40 45.9626665871387 -38.5672565811923 40 38.5672565811924 -45.9626665871386 40 30.0000000000001 -51.9615242270663 40 20.5212085995402 -56.3815572471545 40 10.4188906600159 -59.0884651807325 40 1.17602867548416e-13 -60 40 -10.4188906600157 -59.0884651807325 40 -20.52120859954 -56.3815572471546 40 -29.9999999999999 -51.9615242270664 40 -38.5672565811922 -45.9626665871388 40 -45.9626665871386 -38.5672565811925 40 -51.9615242270662 -30.0000000000002 40 -56.3815572471544 -20.5212085995403 40 -59.0884651807324 -10.418890660016 40 6.28318530717959 -40 6.28318530717959 0 3.14159265358979 0 3.31612557878923 0 3.49065850398866 0 3.66519142918809 0 3.83972435438752 0 4.01425727958696 0 4.18879020478639 0 4.36332312998582 0 4.53785605518526 0 4.71238898038469 0 4.88692190558412 0 5.06145483078355 0 5.23598775598299 0 5.41052068118242 0 5.58505360638185 0 5.75958653158128 0 5.93411945678072 0 6.10865238198015 0 3.14159265358979 -40 3.31612557878923 -40 3.49065850398866 -40 3.66519142918809 -40 3.83972435438752 -40 4.01425727958696 -40 4.18879020478639 -40 4.36332312998582 -40 4.53785605518526 -40 4.71238898038469 -40 4.88692190558412 -40 5.06145483078355 -40 5.23598775598299 -40 5.41052068118242 -40 5.58505360638185 -40 5.75958653158128 -40 5.93411945678072 -40 6.10865238198015 -40 4 3 21 4 21 22 5 22 23 5 4 22 6 23 24 6 5 23 7 24 25 7 6 24 8 25 26 8 7 25 9 26 27 9 8 26 10 27 28 10 9 27 11 28 29 11 10 28 12 29 30 12 11 29 13 30 31 13 31 32 13 12 30 14 13 32 15 32 33 15 33 34 15 14 32 16 15 34 17 34 35 17 35 36 17 16 34 18 17 36 19 18 36 19 36 37 19 37 38 20 19 38 2 20 38 2 38 1 
76 76 1 0.228318114497014
-60 0 0 60 7.34788079488412e-15 0 -59.0884651807325 10.4188906600158 0 -56.3815572471545 20.5212085995401 0 -51.9615242270663 30 0 -45.9626665871387 38.5672565811924 0 -38.5672565811924 45.9626665871387 0 -30 51.9615242270663 0 -20.5212085995401 56.3815572471545 0 -10.4188906600158 59.0884651807325 0 -3.67381906146713e-15 60 0 10.4188906600158 59.0884651807325 0 20.5212085995401 56.3815572471545 0 30 51.9615242270663 0 38.5672565811923 45.9626665871387 0 45.9626665871387 38.5672565811924 0 51.9615242270663 30 0 56.3815572471545 20.5212085995402 0 59.0884651807325 10.4188906600159 0 -59.9999999999965 0 40 59.9999999999965 7.34788079488369e-15 40 -59.0884651807325 10.4188906600158 40 -56.3815572471545 20.5212085995401 40 -51.9615242270663 30 40 -45.9626665871387 38.5672565811924 40 -38.5672565811924 45.9626665871387 40 -30 51.9615242270663 40 -20.5212085995401 56.3815572471545 40 -10.4188906600158 59.0884651807325 40 -3.67381906146713e-15 60 40 10.4188906600158 59.0884651807325 40 20.5212085995401 56.3815572471545 40 30 51.9615242270663 40 38.5672565811923 45.9626665871387 40 45.9626665871387 38.5672565811924 40 51.9615242270663 30 40 56.3815572471545 20.5212085995402 40 59.0884651807325 10.4188906600159 40 -1.98467059749369e-14 60 8 -2.13162820116892e-14 60 32 2.01626957184647 59.966110386625 8.1706081577476 3.96145558816713 59.8690827146239 8.67263700758503 5.80423088846208 59.7185978084505 9.49709803407373 7.4701231165087 59.5331611444402 10.6086571447453 8.93583389102597 59.3308724131224 11.9904369162177 10.142418707891 59.1365487694939 13.5866172688505 11.0734103711864 58.9693105144416 15.3761949616686 11.6889855252407 58.8503906205533 17.2854898884023 11.9790186433575 58.7920344806943 19.2905773191687 11.9277626368757 58.8024804972979 21.3160050169968 11.5408204449232 58.8796190902787 23.2877866828416 10.826204445549 59.0152077322074 25.176422664323 9.81358266443847 59.1920053040739 26.9060248191189 8.5207931051134 59.3918856986845 28.4496208988271 6.99782008121404 59.5905286403848 29.748416858077 5.2675216496665 59.768329720778 30.7820869555016 3.39811610984105 59.9036952026757 31.5088099962766 1.7104046017666 59.9756165950946 31.8775678291683 -2.01626960570733 59.9661103855473 31.8293918371514 -3.96145565384671 59.8690827103552 31.3273629767318 -5.80423097690097 59.718597799783 30.5029019161647 -7.47012322278028 59.5331611311637 29.3913427722795 -8.93583399607946 59.3308723957675 28.0095629523882 -10.1424188147375 59.1365487510142 26.4133825591054 -11.0734104509133 58.9693104994644 24.6238048413688 -11.688985604889 58.8503906082173 22.7145098536394 -11.9790186572776 58.7920344775974 20.7094206855046 -11.9277644750916 58.8024801249679 18.6840116262982 -11.5408322522034 58.8796167766683 16.7122547514262 -10.8262341538278 59.0152022781636 14.8236395393236 -9.81363769668415 59.1919961805116 13.0940533647223 -8.52087823317878 59.3918734856253 11.5504649442814 -6.99794016933437 59.5905145419154 10.2516693041012 -5.26767735121563 59.768315998163 9.21798911652153 -3.39830876584181 59.903684277553 8.49124687106382 -1.71050374788185 59.9756137673895 8.12244647037405 0 0 3.14159265358979 0 0.174532925199433 0 0.349065850398866 0 0.523598775598299 0 0.698131700797732 0 0.872664625997165 0 1.0471975511966 0 1.22173047639603 0 1.39626340159546 0 1.5707963267949 0 1.74532925199433 0 1.91986217719376 0 2.0943951023932 0 2.26892802759263 0 2.44346095279206 0 2.61799387799149 0 2.79252680319093 0 2.96705972839036 0 0 -40 3.14159265358979 -40 0.174532925199433 -40 0.349065850398866 -40 0.523598775598299 -40 0.698131700797732 -40 0.872664625997165 -40 1.0471975511966 -40 1.22173047639603 -40 1.39626340159546 -40 1.5707963267949 -40 1.74532925199433 -40 1.91986217719376 -40 2.0943951023932 -40 2.26892802759263 -40 2.44346095279206 -40 2.61799387799149 -40 2.79252680319093 -40 2.96705972839036 -40 1.5707963267949 -8 1.5707963267949 -32 1.6044071800388 -8.17060813188122 1.63686864155168 -8.67263636324438 1.66768530616387 -9.49710326936079 1.69562209385696 -10.6086455670261 1.72028295338741 -11.9904351209399 1.7406522227608 -13.5866178288344 1.75641732452761 -15.3761990609946 1.76686658865946 -17.285488921092 1.77179735520581 -19.2905794891912 1.7709255268184 -21.316005427633 1.76434963083315 -23.2877805511003 1.75222676462833 -25.1764198360822 1.7350942365587 -26.906022246509 1.71329127942805 -28.4496216931273 1.68769272065505 -29.7484162193488 1.65870154292466 -30.7820861661889 1.62746191123183 -31.508810149362 1.59930693155966 -31.87756778435 1.53718547298375 -31.8293918630517 1.5047240109381 -31.3273636210752 1.47390734584208 -30.5028966786094 1.44597055796056 -29.3913543510117 1.42130969842423 -28.0095647475135 1.40094042902401 -26.4133819989597 1.3851753278666 -24.623800753831 1.37472606358422 -22.7145108136702 1.36979529814673 -20.7094185136061 1.37066709551457 -18.6840112159051 1.37724282222076 -16.7122608830787 1.38936538553708 -14.8236423698006 1.40649748727168 -13.0940559399498 1.42829994084844 -11.5504641516377 1.45389791779768 -10.251669940686 1.48288850570959 -9.2179899008961 1.51412752636234 -8.49124671516036 1.54228406893492 -8.12244651603789 57 58 30 10 9 70 15 14 33 10 70 71 10 71 72 15 33 34 10 72 73 15 34 35 74 10 73 16 15 35 3 1 20 3 20 22 56 57 30 31 56 30 17 16 35 17 35 36 4 22 23 17 36 37 4 3 22 18 17 37 5 23 24 55 56 31 5 4 23 19 18 37 19 37 38 6 24 25 2 19 38 6 5 24 2 38 21 54 55 31 7 25 26 7 6 25 53 54 31 8 7 26 8 26 27 52 53 31 65 28 29 11 10 74 11 39 41 64 65 29 11 74 75 11 75 76 66 28 65 11 76 39 63 64 29 42 11 41 67 28 66 9 8 27 9 28 67 9 27 28 62 63 29 68 9 67 61 62 29 69 9 68 32 50 51 32 51 52 32 52 31 60 61 29 49 50 32 30 60 29 70 9 69 59 60 30 12 42 43 12 43 44 12 44 45 40 59 30 12 45 46 12 46 47 12 11 42 13 32 33 13 12 47 58 40 30 13 47 48 13 48 49 13 49 32 14 13 33 
220 228 1 1.57651669496772e-14
-60 0 0 60 7.34788079488412e-15 0 -59.0884651807325 10.4188906600158 0 -56.3815572471545 20.5212085995401 0 -51.9615242270663 30 0 -45.9626665871387 38.5672565811924 0 -38.5672565811924 45.9626665871387 0 -30 51.9615242270663 0 -20.5212085995401 56.3815572471545 0 -10.4188906600158 59.0884651807325 0 -3.67381906146713e-15 60 0 10.4188906600158 59.0884651807325 0 20.5212085995401 56.3815572471545 0 30 51.9615242270663 0 38.5672565811923 45.9626665871387 0 45.9626665871387 38.5672565811924 0 51.9615242270663 30 0 56.3815572471545 20.5212085995402 0 59.0884651807325 10.4188906600159 0 59.0884651807325 -10.4188906600158 0 56.3815572471545 -20.5212085995401 0 51.9615242270663 -30 0 45.9626665871387 -38.5672565811923 0 38.5672565811924 -45.9626665871386 0 30.0000000000001 -51.9615242270663 0 20.5212085995402 -56.3815572471545 0 10.4188906600159 -59.0884651807325 0 1.17602867548416e-13 -60 0 -10.4188906600157 -59.0884651807325 0 -20.52120859954 -56.3815572471546 0 -29.9999999999999 -51.9615242270664 0 -38.5672565811922 -45.9626665871388 0 -45.9626665871386 -38.5672565811925 0 -51.9615242270662 -30.0000000000002 0 -56.3815572471544 -20.5212085995403 0 -59.0884651807324 -10.418890660016 0 65.75 70 0 74.25 70 0 65.8145670496981 70.7380047550845 0 66.0063063616599 71.4535856091341 0 66.3193920339161 72.125 0 66.7443111167443 72.7318473411678 0 67.2681526588322 73.2556888832557 0 67.875 73.6806079660839 0 68.5464143908659 73.9936936383401 0 69.2619952449155 74.1854329503019 0 70 74.25 0 70.7380047550845 74.1854329503019 0 71.4535856091341 73.9936936383401 0 72.125 73.6806079660839 0 72.7318473411678 73.2556888832557 0 73.2556888832557 72.7318473411678 0 73.6806079660839 72.125 0 73.9936936383401 71.4535856091341 0 74.1854329503019 70.7380047550845 0 74.1854329503019 69.2619952449156 0 73.9936936383401 68.5464143908659 0 73.6806079660839 67.875 0 73.2556888832557 67.2681526588322 0 72.7318473411678 66.7443111167443 0 72.125 66.3193920339161 0 71.4535856091341 66.0063063616599 0 70.7380047550845 65.8145670496981 0 70 65.75 0 69.2619952449156 65.8145670496981 0 68.5464143908659 66.0063063616599 0 67.875 66.3193920339161 0 67.2681526588322 66.7443111167443 0 66.7443111167443 67.2681526588322 0 66.3193920339161 67.875 0 66.0063063616599 68.5464143908659 0 65.8145670496981 69.2619952449155 0 -74.25 70 0 -65.75 70 0 -74.1854329503019 70.7380047550845 0 -73.9936936383401 71.4535856091341 0 -73.6806079660839 72.125 0 -73.2556888832557 72.7318473411678 0 -72.7318473411678 73.2556888832557 0 -72.125 73.6806079660839 0 -71.4535856091341 73.9936936383401 0 -70.7380047550845 74.1854329503019 0 -70 74.25 0 -69.2619952449155 74.1854329503019 0 -68.5464143908659 73.9936936383401 0 -67.875 73.6806079660839 0 -67.2681526588322 73.2556888832557 0 -66.7443111167443 72.7318473411678 0 -66.3193920339161 72.125 0 -66.0063063616599 71.4535856091341 0 -65.8145670496981 70.7380047550845 0 -65.8145670496981 69.2619952449156 0 -66.0063063616599 68.5464143908659 0 -66.3193920339161 67.875 0 -66.7443111167443 67.2681526588322 0 -67.2681526588322 66.7443111167443 0 -67.875 66.3193920339161 0 -68.5464143908659 66.0063063616599 0 -69.2619952449155 65.8145670496981 0 -70 65.75 0 -70.7380047550844 65.8145670496981 0 -71.4535856091341 66.0063063616599 0 -72.125 66.3193920339161 0 -72.7318473411678 66.7443111167443 0 -73.2556888832557 67.2681526588322 0 -73.6806079660839 67.875 0 -73.9936936383401 68.5464143908659 0 -74.1854329503019 69.2619952449155 0 -74.25 -70 0 -65.75 -70 0 -74.1854329503019 -69.2619952449155 0 -73.9936936383401 -68.5464143908659 0 -73.6806079660839 -67.875 0 -73.2556888832557 -67.2681526588322 0 -72.7318473411678 -66.7443111167443 0 -72.125 -66.3193920339161 0 -71.4535856091341 -66.0063063616599 0 -70.7380047550845 -65.8145670496981 0 -70 -65.75 0 -69.2619952449155 -65.8145670496981 0 -68.5464143908659 -66.0063063616599 0 -67.875 -66.3193920339161 0 -67.2681526588322 -66.7443111167443 0 -66.7443111167443 -67.2681526588322 0 -66.3193920339161 -67.875 0 -66.0063063616599 -68.5464143908659 0 -65.8145670496981 -69.2619952449155 0 -65.8145670496981 -70.7380047550844 0 -66.0063063616599 -71.4535856091341 0 -66.3193920339161 -72.125 0 -66.7443111167443 -72.7318473411678 0 -67.2681526588322 -73.2556888832557 0 -67.875 -73.6806079660839 0 -68.5464143908659 -73.9936936383401 0 -69.2619952449155 -74.1854329503019 0 -70 -74.25 0 -70.7380047550844 -74.1854329503019 0 -71.4535856091341 -73.9936936383401 0 -72.125 -73.6806079660839 0 -72.7318473411678 -73.2556888832557 0 -73.2556888832557 -72.7318473411678 0 -73.6806079660839 -72.125 0 -73.9936936383401 -71.4535856091341 0 -74.1854329503019 -70.7380047550845 0 65.75 -70 0 74.25 -70 0 65.8145670496981 -69.2619952449155 0 66.0063063616599 -68.5464143908659 0 66.3193920339161 -67.875 0 66.7443111167443 -67.2681526588322 0 67.2681526588322 -66.7443111167443 0 67.875 -66.3193920339161 0 68.5464143908659 -66.0063063616599 0 69.2619952449155 -65.8145670496981 0 70 -65.75 0 70.7380047550845 -65.8145670496981 0 71.4535856091341 -66.0063063616599 0 72.125 -66.3193920339161 0 72.7318473411678 -66.7443111167443 0 73.2556888832557 -67.2681526588322 0 73.6806079660839 -67.875 0 73.9936936383401 -68.5464143908659 0 74.1854329503019 -69.2619952449155 0 74.1854329503019 -70.7380047550844 0 73.9936936383401 -71.4535856091341 0 73.6806079660839 -72.125 0 73.2556888832557 -72.7318473411678 0 72.7318473411678 -73.2556888832557 0 72.125 -73.6806079660839 0 71.4535856091341 -73.9936936383401 0 70.7380047550845 -74.1854329503019 0 70 -74.25 0 69.2619952449156 -74.1854329503019 0 68.5464143908659 -73.9936936383401 0 67.875 -73.6806079660839 0 67.2681526588322 -73.2556888832557 0 66.7443111167443 -72.7318473411678 0 66.3193920339161 -72.125 0 66.0063063616599 -71.4535856091341 0 65.8145670496981 -70.7380047550845 0 -70 80 0 -80 70 0 -71.7364817766693 79.8480775301221 0 -73.4202014332567 79.3969262078591 0 -75 78.6602540378444 0 -76.4278760968654 77.6604444311898 0 -77.6604444311898 76.4278760968654 0 -78.6602540378444 75 0 -79.3969262078591 73.4202014332567 0 -79.8480775301221 71.7364817766693 0 70 80 0 80 70 0 79.8480775301221 71.7364817766693 0 79.3969262078591 73.4202014332567 0 78.6602540378444 75 0 77.6604444311898 76.4278760968654 0 76.4278760968654 77.6604444311898 0 75 78.6602540378444 0 73.4202014332567 79.3969262078591 0 71.7364817766693 79.8480775301221 0 80 -70 0 70 -80 0 71.7364817766693 -79.8480775301221 0 73.4202014332567 -79.3969262078591 0 75 -78.6602540378444 0 76.4278760968654 -77.6604444311898 0 77.6604444311898 -76.4278760968654 0 78.6602540378444 -75 0 79.3969262078591 -73.4202014332567 0 79.8480775301221 -71.7364817766693 0 -70 -80 0 -80 -70 0 -79.8480775301221 -71.7364817766693 0 -79.3969262078591 -73.4202014332567 0 -78.6602540378444 -75 0 -77.6604444311898 -76.4278760968654 0 -76.4278760968654 -77.6604444311898 0 -75 -78.6602540378444 0 -73.4202014332567 -79.3969262078591 0 -71.7364817766693 -79.8480775301221 0 -60 0 60 1.4210854715202e-14 -59.0884651807325 10.4188906600158 -56.3815572471545 20.5212085995401 -51.9615242270663 30 -45.9626665871387 38.5672565811924 -38.5672565811924 45.9626665871387 -30 51.9615242270663 -20.5212085995401 56.3815572471545 -10.4188906600158 59.0884651807325 0 60 10.4188906600158 59.0884651807325 20.5212085995401 56.3815572471545 30 51.9615242270663 38.5672565811923 45.9626665871387 45.9626665871387 38.5672565811924 51.9615242270663 30 56.3815572471545 20.5212085995402 59.0884651807325 10.4188906600159 59.0884651807325 -10.4188906600158 56.3815572471545 -20.5212085995401 51.9615242270663 -30 45.9626665871387 -38.5672565811923 38.5672565811924 -45.9626665871386 30.0000000000001 -51.9615242270663 20.5212085995402 -56.3815572471545 10.4188906600159 -59.0884651807325 1.13686837721616e-13 -60 -10.4188906600157 -59.0884651807325 -20.52120859954 -56.3815572471546 -29.9999999999999 -51.9615242270664 -38.5672565811922 -45.9626665871388 -45.9626665871386 -38.5672565811925 -51.9615242270662 -30.0000000000002 -56.3815572471544 -20.5212085995403 -59.0884651807324 -10.418890660016 65.75 70 74.25 70 65.8145670496981 70.7380047550845 66.0063063616599 71.4535856091341 66.3193920339161 72.125 66.7443111167443 72.7318473411678 67.2681526588322 73.2556888832557 67.875 73.6806079660839 68.5464143908659 73.9936936383401 69.2619952449155 74.1854329503019 70 74.25 70.7380047550845 74.1854329503019 71.4535856091341 73.9936936383401 72.125 73.6806079660839 72.7318473411678 73.2556888832557 73.2556888832557 72.7318473411678 73.6806079660839 72.125 73.9936936383401 71.4535856091341 74.1854329503019 70.7380047550845 74.1854329503019 69.2619952449156 73.9936936383401 68.5464143908659 73.6806079660839 67.875 73.2556888832557 67.2681526588322 72.7318473411678 66.7443111167443 72.125 66.3193920339161 71.4535856091341 66.0063063616599 70.7380047550845 65.8145670496981 70 65.75 69.2619952449156 65.8145670496981 68.5464143908659 66.0063063616599 67.875 66.3193920339161 67.2681526588322 66.7443111167443 66.7443111167444 67.2681526588322 66.3193920339161 67.875 66.0063063616599 68.5464143908659 65.8145670496981 69.2619952449155 -74.25 70 -65.75 70 -74.1854329503019 70.7380047550845 -73.9936936383401 71.4535856091341 -73.6806079660839 72.125 -73.2556888832557 72.7318473411678 -72.7318473411678 73.2556888832557 -72.125 73.6806079660839 -71.4535856091341 73.9936936383401 -70.7380047550845 74.1854329503019 -70 74.25 -69.2619952449155 74.1854329503019 -68.5464143908659 73.9936936383401 -67.875 73.6806079660839 -67.2681526588322 73.2556888832557 -66.7443111167443 72.7318473411678 -66.3193920339161 72.125 -66.0063063616599 71.4535856091341 -65.8145670496981 70.7380047550845 -65.8145670496981 69.2619952449156 -66.0063063616599 68.5464143908659 -66.3193920339161 67.875 -66.7443111167443 67.2681526588322 -67.2681526588322 66.7443111167443 -67.875 66.3193920339161 -68.5464143908659 66.0063063616599 -69.2619952449155 65.8145670496981 -70 65.75 -70.7380047550844 65.8145670496981 -71.4535856091341 66.0063063616599 -72.125 66.3193920339161 -72.7318473411678 66.7443111167443 -73.2556888832556 67.2681526588322 -73.6806079660839 67.875 -73.9936936383401 68.5464143908659 -74.1854329503019 69.2619952449155 -74.25 -70 -65.75 -70 -74.1854329503019 -69.2619952449155 -73.9936936383401 -68.5464143908659 -73.6806079660839 -67.875 -73.2556888832557 -67.2681526588322 -72.7318473411678 -66.7443111167443 -72.125 -66.3193920339161 -71.4535856091341 -66.0063063616599 -70.7380047550845 -65.8145670496981 -70 -65.75 -69.2619952449155 -65.8145670496981 -68.5464143908659 -66.0063063616599 -67.875 -66.3193920339161 -67.2681526588322 -66.7443111167443 -66.7443111167443 -67.2681526588322 -66.3193920339161 -67.875 -66.0063063616599 -68.5464143908659 -65.8145670496981 -69.2619952449155 -65.8145670496981 -70.7380047550844 -66.0063063616599 -71.4535856091341 -66.3193920339161 -72.125 -66.7443111167443 -72.7318473411678 -67.2681526588322 -73.2556888832557 -67.875 -73.6806079660839 -68.5464143908659 -73.9936936383401 -69.2619952449155 -74.1854329503019 -70 -74.25 -70.7380047550844 -74.1854329503019 -71.4535856091341 -73.9936936383401 -72.125 -73.6806079660839 -72.7318473411678 -73.2556888832557 -73.2556888832556 -72.7318473411678 -73.6806079660839 -72.125 -73.9936936383401 -71.4535856091341 -74.1854329503019 -70.7380047550845 65.75 -70 74.25 -70 65.8145670496981 -69.2619952449155 66.0063063616599 -68.5464143908659 66.3193920339161 -67.875 66.7443111167443 -67.2681526588322 67.2681526588322 -66.7443111167443 67.875 -66.3193920339161 68.5464143908659 -66.0063063616599 69.2619952449155 -65.8145670496981 70 -65.75 70.7380047550845 -65.8145670496981 71.4535856091341 -66.0063063616599 72.125 -66.3193920339161 72.7318473411678 -66.7443111167443 73.2556888832557 -67.2681526588322 73.6806079660839 -67.875 73.9936936383401 -68.5464143908659 74.1854329503019 -69.2619952449155 74.1854329503019 -70.7380047550844 73.9936936383401 -71.4535856091341 73.6806079660839 -72.125 73.2556888832557 -72.7318473411678 72.7318473411678 -73.2556888832557 72.125 -73.6806079660839 71.4535856091341 -73.9936936383401 70.7380047550845 -74.1854329503019 70 -74.25 69.2619952449156 -74.1854329503019 68.5464143908659 -73.9936936383401 67.875 -73.6806079660839 67.2681526588322 -73.2556888832557 66.7443111167444 -72.7318473411678 66.3193920339161 -72.125 66.0063063616599 -71.4535856091341 65.8145670496981 -70.7380047550845 -70 80 -80 70 -71.7364817766693 79.8480775301221 -73.4202014332567 79.3969262078591 -75 78.6602540378444 -76.4278760968654 77.6604444311898 -77.6604444311898 76.4278760968654 -78.6602540378444 75 -79.3969262078591 73.4202014332567 -79.8480775301221 71.7364817766693 70 80 80 70 79.8480775301221 71.7364817766693 79.3969262078591 73.4202014332567 78.6602540378444 75 77.6604444311898 76.4278760968654 76.4278760968654 77.6604444311898 75 78.6602540378444 73.4202014332567 79.3969262078591 71.7364817766693 79.8480775301221 80 -70 70 -80 71.7364817766693 -79.8480775301221 73.4202014332567 -79.3969262078591 75 -78.6602540378444 76.4278760968654 -77.6604444311898 77.6604444311898 -76.4278760968654 78.6602540378444 -75 79.3969262078591 -73.4202014332567 79.8480775301221 -71.7364817766693 -70 -80 -80 -70 -79.8480775301221 -71.7364817766693 -79.3969262078591 -73.4202014332567 -78.6602540378444 -75 -77.6604444311898 -76.4278760968654 -76.4278760968654 -77.6604444311898 -75 -78.6602540378444 -73.4202014332567 -79.3969262078591 -71.7364817766693 -79.8480775301221 7 96 6 7 92 93 7 93 94 7 94 95 7 95 96 23 24 151 23 151 152 23 152 153 23 153 154 183 184 82 210 164 165 210 165 209 181 183 82 181 82 83 181 83 84 181 84 85 181 85 86 181 86 87 181 87 88 181 88 89 141 216 217 201 164 210 201 158 159 201 159 160 201 160 161 201 161 162 201 162 163 201 163 146 201 146 164 140 141 217 8 92 7 8 90 91 8 91 74 142 215 216 8 74 92 142 216 141 139 217 218 22 154 155 22 155 156 22 156 157 22 23 154 139 140 217 9 181 89 143 214 215 9 90 8 143 215 142 9 89 90 138 218 219 21 158 201 138 219 220 21 22 157 21 157 158 138 139 218 10 181 9 144 213 214 144 214 143 137 220 211 20 21 201 2 20 201 137 138 220 109 212 213 11 181 10 109 213 144 136 137 211 135 136 211 111 212 109 112 212 111 134 135 211 113 212 112 133 134 211 132 133 211 69 15 16 114 212 113 69 16 68 131 132 211 67 68 16 115 212 114 70 15 69 130 131 211 71 15 70 116 212 115 66 67 16 72 14 15 72 15 71 65 16 17 65 66 16 64 65 17 37 14 72 39 14 37 63 64 17 40 13 14 40 14 39 62 17 18 33 120 121 62 63 17 33 121 122 33 122 123 33 123 124 41 13 40 32 33 124 32 124 125 61 62 18 32 125 126 32 126 127 34 120 33 34 117 118 34 118 119 34 119 120 31 127 110 31 110 128 31 128 129 31 32 127 35 116 117 35 212 116 35 117 34 30 31 129 30 129 130 30 130 211 36 212 35 29 30 211 1 212 36 28 29 211 202 28 211 202 26 27 202 27 28 182 1 3 182 3 4 182 212 1 191 11 12 191 12 13 191 41 42 191 42 43 191 43 44 191 44 45 191 45 46 191 46 47 191 47 48 191 13 41 192 18 19 192 19 2 192 2 201 192 55 38 192 38 56 177 202 176 192 56 57 192 57 58 192 58 59 192 59 60 192 60 61 192 61 18 193 55 192 104 105 182 200 191 48 194 55 193 178 26 202 178 202 177 194 54 55 175 176 202 199 48 49 106 182 105 199 200 48 198 199 49 198 49 50 103 182 4 198 50 51 103 104 182 195 54 194 179 25 26 195 52 53 179 26 178 195 53 54 196 52 195 107 182 106 197 52 196 197 51 52 197 198 51 102 4 5 191 181 11 102 103 4 174 175 202 180 25 179 108 182 107 101 102 5 173 174 202 145 25 180 73 182 108 73 190 182 100 101 5 172 173 202 147 24 25 147 25 145 99 5 6 99 100 5 75 190 73 171 203 204 171 172 202 171 202 203 76 190 75 76 189 190 170 204 205 170 171 204 148 24 147 98 99 6 149 24 148 77 189 76 77 188 189 169 170 205 97 98 6 78 188 77 78 187 188 150 24 149 96 97 6 168 205 206 168 169 205 151 24 150 207 168 206 207 167 168 186 187 78 186 78 79 80 186 79 208 167 207 208 165 166 208 166 167 185 186 80 185 80 81 209 165 208 184 81 82 184 185 81 
52 64 1 0.482461121443491
-42.5000000000025 0 67.2000000000016 -59.9999999999965 0 40 59.9999999999965 7.34788079488369e-15 40 59.0884651807325 -10.4188906600158 40 56.3815572471545 -20.5212085995401 40 51.9615242270663 -30 40 45.9626665871387 -38.5672565811923 40 38.5672565811924 -45.9626665871386 40 30.0000000000001 -51.9615242270663 40 20.5212085995402 -56.3815572471545 40 10.4188906600159 -59.0884651807325 40 1.17602867548416e-13 -60 40 -10.4188906600157 -59.0884651807325 40 -20.52120859954 -56.3815572471546 40 -29.9999999999999 -51.9615242270664 40 -38.5672565811922 -45.9626665871388 40 -45.9626665871386 -38.5672565811925 40 -51.9615242270662 -30.0000000000002 40 -56.3815572471544 -20.5212085995403 40 -59.0884651807324 -10.418890660016 40 42.5000000000025 6.27631484563012e-15 67.2000000000016 41.8543295030213 -7.38004755084496 67.2000000000016 39.9369363834034 -14.5358560913417 67.2000000000016 36.8060796608408 -21.2500000000012 67.2000000000016 32.5568888325585 -27.3184734116795 67.2000000000016 27.3184734116796 -32.5568888325584 67.2000000000016 21.2500000000013 -36.8060796608408 67.2000000000016 14.5358560913418 -39.9369363834034 67.2000000000016 7.38004755084504 -41.8543295030213 67.2000000000016 8.33020311801331e-14 -42.5000000000025 67.2000000000016 -7.38004755084488 -41.8543295030213 67.2000000000016 -14.5358560913417 -39.9369363834035 67.2000000000016 -21.2500000000011 -36.8060796608408 67.2000000000016 -27.3184734116794 -32.5568888325585 67.2000000000016 -32.5568888325584 -27.3184734116796 67.2000000000016 -36.8060796608407 -21.2500000000014 67.2000000000016 -39.9369363834034 -14.5358560913419 67.2000000000016 -41.8543295030213 -7.38004755084512 67.2000000000016 49.174014897743 -14.4387935381233 53.6 43.1142435575981 -27.7078418945994 53.6 33.5616126146959 -38.7321656856557 53.6 21.2900194163467 -46.618639761919 53.6 7.29363546150591 -50.7283488963978 53.6 -7.29363546150581 -50.7283488963978 53.6 -21.2900194163466 -46.6186397619191 53.6 -33.5616126146958 -38.7321656856558 53.6 -43.114243557598 -27.7078418945994 53.6 -49.174014897743 -14.4387935381234 53.6 46.3978800881699 -6.67100804406041 60.4000000000008 55.0588177046257 -7.9162628789513 46.7999999999992 -46.3978800881699 -6.67100804406047 60.4000000000008 -55.0588177046251 -7.91626287895129 46.8 6.28318530717959 -32.3433146105961 6.28318530717959 -1.89714910447947e-12 3.14159265358979 0 3.31612557878923 0 3.49065850398866 0 3.66519142918809 0 3.83972435438752 0 4.01425727958696 0 4.18879020478639 0 4.36332312998582 0 4.53785605518526 0 4.71238898038469 0 4.88692190558412 0 5.06145483078355 0 5.23598775598299 0 5.41052068118242 0 5.58505360638185 0 5.75958653158128 0 5.93411945678072 0 6.10865238198015 0 3.14159265358979 -32.3433146105961 3.31612557878923 -32.3433146105961 3.49065850398866 -32.3433146105961 3.66519142918809 -32.3433146105961 3.83972435438752 -32.3433146105961 4.01425727958696 -32.3433146105961 4.18879020478639 -32.3433146105961 4.36332312998582 -32.3433146105961 4.53785605518526 -32.3433146105961 4.71238898038469 -32.3433146105961 4.88692190558412 -32.3433146105961 5.06145483078355 -32.3433146105961 5.23598775598299 -32.3433146105961 5.41052068118242 -32.3433146105961 5.58505360638185 -32.3433146105961 5.75958653158128 -32.3433146105961 5.93411945678072 -32.3433146105961 6.10865238198015 -32.3433146105961 3.42719198573432 -16.1716573052981 3.71279131787885 -16.1716573052981 3.99839065002337 -16.1716573052981 4.2839899821679 -16.1716573052981 4.56958931431243 -16.1716573052981 4.85518864645695 -16.1716573052981 5.14078797860148 -16.1716573052981 5.426387310746 -16.1716573052981 5.71198664289053 -16.1716573052981 5.99758597503506 -16.1716573052981 3.28439231966206 -24.2574859579471 3.28439231966206 -8.08582865264903 6.14038564110732 -24.2574859579471 6.14038564110732 -8.08582865264998 40 6 5 40 7 6 40 23 24 40 24 25 40 5 39 40 39 23 41 7 40 41 8 7 41 9 8 41 40 25 41 25 26 41 26 27 42 10 9 42 27 28 42 9 41 42 41 27 43 11 10 43 12 11 43 28 29 43 29 30 43 10 42 43 42 28 44 13 12 44 14 13 44 30 31 44 31 32 44 12 43 44 43 30 45 15 14 45 32 33 45 44 32 45 14 44 46 45 33 46 16 15 46 17 16 46 33 34 46 34 35 46 15 45 47 46 35 47 18 17 47 19 18 47 35 36 47 36 37 47 17 46 48 19 47 48 47 37 49 3 21 49 21 22 49 22 23 49 23 39 50 4 3 50 5 4 50 39 5 50 3 49 50 49 39 51 1 2 51 37 38 51 38 1 51 48 37 52 20 19 52 2 20 52 48 51 52 51 2 52 19 48 
38 36 1 0.0161725331100896
65.75 70 20 65.75 70 0 74.25 70 0 74.1854329503019 69.2619952449156 0 73.9936936383401 68.5464143908659 0 73.6806079660839 67.875 0 73.2556888832557 67.2681526588322 0 72.7318473411678 66.7443111167443 0 72.125 66.3193920339161 0 71.4535856091341 66.0063063616599 0 70.7380047550845 65.8145670496981 0 70 65.75 0 69.2619952449156 65.8145670496981 0 68.5464143908659 66.0063063616599 0 67.875 66.3193920339161 0 67.2681526588322 66.7443111167443 0 66.7443111167443 67.2681526588322 0 66.3193920339161 67.875 0 66.0063063616599 68.5464143908659 0 65.8145670496981 69.2619952449155 0 74.25 70 20 74.1854329503019 69.2619952449156 20 73.9936936383401 68.5464143908659 20 73.6806079660839 67.875 20 73.2556888832557 67.2681526588322 20 72.7318473411678 66.7443111167443 20 72.125 66.3193920339161 20 71.4535856091341 66.0063063616599 20 70.7380047550845 65.8145670496981 20 70 65.75 20 69.2619952449156 65.8145670496981 20 68.5464143908659 66.0063063616599 20 67.875 66.3193920339161 20 67.2681526588322 66.7443111167443 20 66.7443111167443 67.2681526588322 20 66.3193920339161 67.875 20 66.0063063616599 68.5464143908659 20 65.8145670496981 69.2619952449155 20 6.28318530717959 -20 6.28318530717959 0 3.14159265358979 0 3.31612557878923 0 3.49065850398866 0 3.66519142918809 0 3.83972435438752 0 4.01425727958696 0 4.18879020478639 0 4.36332312998582 0 4.53785605518526 0 4.71238898038469 0 4.88692190558412 0 5.06145483078355 0 5.23598775598299 0 5.41052068118242 0 5.58505360638185 0 5.75958653158128 0 5.93411945678072 0 6.10865238198015 0 3.14159265358979 -20 3.31612557878923 -20 3.49065850398866 -20 3.66519142918809 -20 3.83972435438752 -20 4.01425727958696 -20 4.18879020478639 -20 4.36332312998582 -20 4.53785605518526 -20 4.71238898038469 -20 4.88692190558412 -20 5.06145483078355 -20 5.23598775598299 -20 5.41052068118242 -20 5.58505360638185 -20 5.75958653158128 -20 5.93411945678072 -20 6.10865238198015 -20 3 21 22 4 22 23 4 3 22 5 4 23 6 23 24 6 5 23 7 24 25 7 6 24 8 25 26 8 7 25 9 26 27 9 8 26 10 27 28 10 9 27 11 28 29 11 10 28 12 29 30 12 11 29 13 30 31 13 12 30 14 31 32 14 13 31 15 32 33 15 14 32 16 33 34 16 15 33 17 34 35 17 16 34 18 35 36 18 17 35 19 18 36 19 36 37 20 19 37 20 37 38 20 38 1 2 20 1 
38 36 1 0.0161725331100845
65.75 70 0 74.25 70 0 65.8145670496981 70.7380047550845 0 66.0063063616599 71.4535856091341 0 66.3193920339161 72.125 0 66.7443111167443 72.7318473411678 0 67.2681526588322 73.2556888832557 0 67.875 73.6806079660839 0 68.5464143908659 73.9936936383401 0 69.2619952449155 74.1854329503019 0 70 74.25 0 70.7380047550845 74.1854329503019 0 71.4535856091341 73.9936936383401 0 72.125 73.6806079660839 0 72.7318473411678 73.2556888832557 0 73.2556888832557 72.7318473411678 0 73.6806079660839 72.125 0 73.9936936383401 71.4535856091341 0 74.1854329503019 70.7380047550845 0 65.75 70 20 74.25 70 20 65.8145670496981 70.7380047550845 20 66.0063063616599 71.4535856091341 20 66.3193920339161 72.125 20 66.7443111167443 72.7318473411678 20 67.2681526588322 73.2556888832557 20 67.875 73.6806079660839 20 68.5464143908659 73.9936936383401 20 69.2619952449155 74.1854329503019 20 70 74.25 20 70.7380047550845 74.1854329503019 20 71.4535856091341 73.9936936383401 20 72.125 73.6806079660839 20 72.7318473411678 73.2556888832557 20 73.2556888832557 72.7318473411678 20 73.6806079660839 72.125 20 73.9936936383401 71.4535856091341 20 74.1854329503019 70.7380047550845 20 0 0 3.14159265358979 0 0.174532925199433 0 0.349065850398866 0 0.523598775598299 0 0.698131700797732 0 0.872664625997165 0 1.0471975511966 0 1.22173047639603 0 1.39626340159546 0 1.5707963267949 0 1.74532925199433 0 1.91986217719376 0 2.0943951023932 0 2.26892802759263 0 2.44346095279206 0 2.61799387799149 0 2.79252680319093 0 2.96705972839036 0 0 -20 3.14159265358979 -20 0.174532925199433 -20 0.349065850398866 -20 0.523598775598299 -20 0.698131700797732 -20 0.872664625997165 -20 1.0471975511966 -20 1.22173047639603 -20 1.39626340159546 -20 1.5707963267949 -20 1.74532925199433 -20 1.91986217719376 -20 2.0943951023932 -20 2.26892802759263 -20 2.44346095279206 -20 2.61799387799149 -20 2.79252680319093 -20 2.96705972839036 -20 3 1 20 3 20 22 4 22 23 4 3 22 5 23 24 5 4 23 6 24 25 6 5 24 7 25 26 7 6 25 8 26 27 8 7 26 9 27 28 9 8 27 10 28 29 10 9 28 11 29 30 11 10 29 12 30 31 12 11 30 13 31 32 13 12 31 14 32 33 14 13 32 15 33 34 15 14 33 16 34 35 16 15 34 17 16 35 17 35 36 18 17 36 18 36 37 19 18 37 19 37 38 2 19 38 2 38 21 
67 67 1 5.59559849904844e-13
65.75 70 20 74.25 70 20 65.8145670496981 70.7380047550845 20 66.0063063616599 71.4535856091341 20 66.3193920339161 72.125 20 66.7443111167443 72.7318473411678 20 67.2681526588322 73.2556888832557 20 67.875 73.6806079660839 20 68.5464143908659 73.9936936383401 20 69.2619952449155 74.1854329503019 20 70 74.25 20 70.7380047550845 74.1854329503019 20 71.4535856091341 73.9936936383401 20 72.125 73.6806079660839 20 72.7318473411678 73.2556888832557 20 73.2556888832557 72.7318473411678 20 73.6806079660839 72.125 20 73.9936936383401 71.4535856091341 20 74.1854329503019 70.7380047550845 20 74.1854329503019 69.2619952449156 20 73.9936936383401 68.5464143908659 20 73.6806079660839 67.875 20 73.2556888832557 67.2681526588322 20 72.7318473411678 66.7443111167443 20 72.125 66.3193920339161 20 71.4535856091341 66.0063063616599 20 70.7380047550845 65.8145670496981 20 70 65.75 20 69.2619952449156 65.8145670496981 20 68.5464143908659 66.0063063616599 20 67.875 66.3193920339161 20 67.2681526588322 66.7443111167443 20 66.7443111167443 67.2681526588322 20 66.3193920339161 67.875 20 66.0063063616599 68.5464143908659 20 65.8145670496981 69.2619952449155 20 62.4999999999992 79.9999999999994 19.9999999999989 79.9999999999995 62.4999999999993 19.9999999999991 60.9053982970721 78.5754428378423 20 59.5769187663909 76.8999548982284 20 58.5534347825174 75.0225635607643 20 57.8648950765719 72.9982042120894 20 57.5314473898419 70.886112751133 20 57.5628489195772 68.7480922547015 20 57.9581808082425 66.6467045234545 20 58.7058750307162 64.6434394264416 20 59.784052892674 62.796915612023 20 61.1611652351682 61.1611652351681 20 62.7969156120231 59.7840528926739 20 64.6434394264417 58.7058750307162 20 66.6467045234547 57.9581808082424 20 68.7480922547016 57.5628489195772 20 70.8861127511331 57.5314473898419 20 72.9982042120896 57.8648950765719 20 75.0225635607644 58.5534347825175 20 76.8999548982285 59.576918766391 20 78.5754428378425 60.9053982970722 20 80 70 20 70 80 20 71.7364817766693 79.8480775301221 20 73.4202014332567 79.3969262078591 20 75 78.6602540378444 20 76.4278760968654 77.6604444311898 20 77.6604444311898 76.4278760968654 20 78.6602540378444 75 20 79.3969262078591 73.4202014332567 20 79.8480775301221 71.7364817766693 20 65.75 70 74.25 70 65.8145670496981 70.7380047550845 66.0063063616599 71.4535856091341 66.3193920339161 72.125 66.7443111167443 72.7318473411678 67.2681526588322 73.2556888832557 67.875 73.6806079660839 68.5464143908659 73.9936936383401 69.2619952449155 74.1854329503019 70 74.25 70.7380047550845 74.1854329503019 71.4535856091341 73.9936936383401 72.125 73.6806079660839 72.7318473411678 73.2556888832557 73.2556888832557 72.7318473411678 73.6806079660839 72.125 73.9936936383401 71.4535856091341 74.1854329503019 70.7380047550845 74.1854329503019 69.2619952449156 73.9936936383401 68.5464143908659 73.6806079660839 67.875 73.2556888832557 67.2681526588322 72.7318473411678 66.7443111167443 72.125 66.3193920339161 71.4535856091341 66.0063063616599 70.7380047550845 65.8145670496981 70 65.75 69.2619952449156 65.8145670496981 68.5464143908659 66.0063063616599 67.875 66.3193920339161 67.2681526588322 66.7443111167443 66.7443111167444 67.2681526588322 66.3193920339161 67.875 66.0063063616599 68.5464143908659 65.8145670496981 69.2619952449155 62.4999999999992 79.9999999999994 79.9999999999995 62.4999999999993 60.9053982970721 78.5754428378423 59.5769187663909 76.8999548982284 58.5534347825174 75.0225635607643 57.8648950765719 72.9982042120894 57.5314473898419 70.886112751133 57.5628489195772 68.7480922547015 57.9581808082425 66.6467045234545 58.7058750307162 64.6434394264416 59.784052892674 62.796915612023 61.1611652351682 61.1611652351681 62.7969156120231 59.7840528926739 64.6434394264417 58.7058750307162 66.6467045234547 57.9581808082424 68.7480922547016 57.5628489195772 70.8861127511331 57.5314473898419 72.9982042120896 57.8648950765719 75.0225635607644 58.5534347825174 76.8999548982285 59.576918766391 78.5754428378425 60.9053982970722 80 70 70 80 71.7364817766693 79.8480775301221 73.4202014332567 79.3969262078591 75 78.6602540378444 76.4278760968654 77.6604444311898 77.6604444311898 76.4278760968654 78.6602540378444 75 79.3969262078591 73.4202014332567 79.8480775301221 71.7364817766693 3 43 1 67 19 2 67 2 58 3 42 43 66 17 18 66 18 19 4 42 3 4 41 42 66 19 67 26 27 54 61 12 13 61 13 14 26 54 55 61 60 12 5 41 4 62 61 14 5 40 41 65 16 17 25 26 55 25 55 56 65 17 66 64 15 16 24 25 56 64 16 65 6 40 5 63 14 15 63 15 64 63 62 14 39 40 6 57 24 56 23 24 57 7 39 6 37 7 8 37 39 7 38 22 23 38 23 57 33 47 48 32 48 49 32 33 48 34 46 47 34 47 33 31 49 50 31 32 49 35 46 34 35 45 46 30 50 51 30 31 50 36 45 35 36 44 45 29 51 52 29 30 51 1 44 36 1 43 44 58 2 20 58 20 21 58 21 22 58 22 38 28 52 53 59 8 9 59 9 10 28 29 52 59 10 11 59 11 12 59 37 8 27 28 53 60 59 12 27 53 54 
38 36 1 0.0161725331100896
-74.25 70 20 -74.25 70 0 -65.75 70 0 -65.8145670496981 69.2619952449156 0 -66.0063063616599 68.5464143908659 0 -66.3193920339161 67.875 0 -66.7443111167443 67.2681526588322 0 -67.2681526588322 66.7443111167443 0 -67.875 66.3193920339161 0 -68.5464143908659 66.0063063616599 0 -69.2619952449155 65.8145670496981 0 -70 65.75 0 -70.7380047550844 65.8145670496981 0 -71.4535856091341 66.0063063616599 0 -72.125 66.3193920339161 0 -72.7318473411678 66.7443111167443 0 -73.2556888832557 67.2681526588322 0 -73.6806079660839 67.875 0 -73.9936936383401 68.5464143908659 0 -74.1854329503019 69.2619952449155 0 -65.75 70 20 -65.8145670496981 69.2619952449156 20 -66.0063063616599 68.5464143908659 20 -66.3193920339161 67.875 20 -66.7443111167443 67.2681526588322 20 -67.2681526588322 66.7443111167443 20 -67.875 66.3193920339161 20 -68.5464143908659 66.0063063616599 20 -69.2619952449155 65.8145670496981 20 -70 65.75 20 -70.7380047550844 65.8145670496981 20 -71.4535856091341 66.0063063616599 20 -72.125 66.3193920339161 20 -72.7318473411678 66.7443111167443 20 -73.2556888832557 67.2681526588322 20 -73.6806079660839 67.875 20 -73.9936936383401 68.5464143908659 20 -74.1854329503019 69.2619952449155 20 6.28318530717959 -20 6.28318530717959 0 3.14159265358979 0 3.31612557878923 0 3.49065850398866 0 3.66519142918809 0 3.83972435438752 0 4.01425727958696 0 4.18879020478639 0 4.36332312998582 0 4.53785605518526 0 4.71238898038469 0 4.88692190558412 0 5.06145483078355 0 5.23598775598299 0 5.41052068118242 0 5.58505360638185 0 5.75958653158128 0 5.93411945678072 0 6.10865238198015 0 3.14159265358979 -20 3.31612557878923 -20 3.49065850398866 -20 3.66519142918809 -20 3.83972435438752 -20 4.01425727958696 -20 4.18879020478639 -20 4.36332312998582 -20 4.53785605518526 -20 4.71238898038469 -20 4.88692190558412 -20 5.06145483078355 -20 5.23598775598299 -20 5.41052068118242 -20 5.58505360638185 -20 5.75958653158128 -20 5.93411945678072 -20 6.10865238198015 -20 3 21 22 4 22 23 4 3 22 5 4 23 6 23 24 6 5 23 7 24 25 7 6 24 8 25 26 8 7 25 9 26 27 9 8 26 10 27 28 10 9 27 11 28 29 11 10 28 12 29 30 12 11 29 13 30 31 13 12 30 14 31 32 14 13 31 15 32 33 15 14 32 16 33 34 16 15 33 17 34 35 17 16 34 18 35 36 18 17 35 19 18 36 19 36 37 20 19 37 20 37 38 20 38 1 2 20 1 
38 36 1 0.0161725331100845
-74.25 70 0 -65.75 70 0 -74.1854329503019 70.7380047550845 0 -73.9936936383401 71.4535856091341 0 -73.6806079660839 72.125 0 -73.2556888832557 72.7318473411678 0 -72.7318473411678 73.2556888832557 0 -72.125 73.6806079660839 0 -71.4535856091341 73.9936936383401 0 -70.7380047550845 74.1854329503019 0 -70 74.25 0 -69.2619952449155 74.1854329503019 0 -68.5464143908659 73.9936936383401 0 -67.875 73.6806079660839 0 -67.2681526588322 73.2556888832557 0 -66.7443111167443 72.7318473411678 0 -66.3193920339161 72.125 0 -66.0063063616599 71.4535856091341 0 -65.8145670496981 70.7380047550845 0 -74.25 70 20 -65.75 70 20 -74.1854329503019 70.7380047550845 20 -73.9936936383401 71.4535856091341 20 -73.6806079660839 72.125 20 -73.2556888832557 72.7318473411678 20 -72.7318473411678 73.2556888832557 20 -72.125 73.6806079660839 20 -71.4535856091341 73.9936936383401 20 -70.7380047550845 74.1854329503019 20 -70 74.25 20 -69.2619952449155 74.1854329503019 20 -68.5464143908659 73.9936936383401 20 -67.875 73.6806079660839 20 -67.2681526588322 73.2556888832557 20 -66.7443111167443 72.7318473411678 20 -66.3193920339161 72.125 20 -66.0063063616599 71.4535856091341 20 -65.8145670496981 70.7380047550845 20 0 0 3.14159265358979 0 0.174532925199433 0 0.349065850398866 0 0.523598775598299 0 0.698131700797732 0 0.872664625997165 0 1.0471975511966 0 1.22173047639603 0 1.39626340159546 0 1.5707963267949 0 1.74532925199433 0 1.91986217719376 0 2.0943951023932 0 2.26892802759263 0 2.44346095279206 0 2.61799387799149 0 2.79252680319093 0 2.96705972839036 0 0 -20 3.14159265358979 -20 0.174532925199433 -20 0.349065850398866 -20 0.523598775598299 -20 0.698131700797732 -20 0.872664625997165 -20 1.0471975511966 -20 1.22173047639603 -20 1.39626340159546 -20 1.5707963267949 -20 1.74532925199433 -20 1.91986217719376 -20 2.0943951023932 -20 2.26892802759263 -20 2.44346095279206 -20 2.61799387799149 -20 2.79252680319093 -20 2.96705972839036 -20 3 1 20 3 20 22 4 22 23 4 3 22 5 23 24 5 4 23 6 24 25 6 5 24 7 25 26 7 6 25 8 26 27 8 7 26 9 27 28 9 8 27 10 28 29 10 9 28 11 29 30 11 10 29 12 30 31 12 11 30 13 31 32 13 12 31 14 32 33 14 13 32 15 33 34 15 14 33 16 34 35 16 15 34 17 16 35 17 35 36 18 17 36 18 36 37 19 18 37 19 37 38 2 19 38 2 38 21 
68 68 1 5.56063711089911e-13
-74.25 70 20 -65.75 70 20 -74.1854329503019 70.7380047550845 20 -73.9936936383401 71.4535856091341 20 -73.6806079660839 72.125 20 -73.2556888832557 72.7318473411678 20 -72.7318473411678 73.2556888832557 20 -72.125 73.6806079660839 20 -71.4535856091341 73.9936936383401 20 -70.7380047550845 74.1854329503019 20 -70 74.25 20 -69.2619952449155 74.1854329503019 20 -68.5464143908659 73.9936936383401 20 -67.875 73.6806079660839 20 -67.2681526588322 73.2556888832557 20 -66.7443111167443 72.7318473411678 20 -66.3193920339161 72.125 20 -66.0063063616599 71.4535856091341 20 -65.8145670496981 70.7380047550845 20 -65.8145670496981 69.2619952449156 20 -66.0063063616599 68.5464143908659 20 -66.3193920339161 67.875 20 -66.7443111167443 67.2681526588322 20 -67.2681526588322 66.7443111167443 20 -67.875 66.3193920339161 20 -68.5464143908659 66.0063063616599 20 -69.2619952449155 65.8145670496981 20 -70 65.75 20 -70.7380047550844 65.8145670496981 20 -71.4535856091341 66.0063063616599 20 -72.125 66.3193920339161 20 -72.7318473411678 66.7443111167443 20 -73.2556888832557 67.2681526588322 20 -73.6806079660839 67.875 20 -73.9936936383401 68.5464143908659 20 -74.1854329503019 69.2619952449155 20 -80 70 20 -70 80 20 -79.8480775301221 71.7364817766693 20 -79.3969262078591 73.4202014332567 20 -78.6602540378444 75 20 -77.6604444311898 76.4278760968654 20 -76.4278760968654 77.6604444311898 20 -75 78.6602540378444 20 -73.4202014332567 79.3969262078591 20 -71.7364817766693 79.8480775301221 20 -79.9999999999994 62.4999999999992 19.9999999999989 -57.5 70 20 -78.618363325995 60.9460608804154 20 -76.9982450005602 59.6426563776162 20 -75.184475866762 58.6258534391822 20 -73.2272453447931 57.9237883637081 20 -71.180712623522 57.5558882317517 20 -69.1015080032289 57.5323333325061 20 -67.0471658593807 57.8537754615686 20 -65.0745325894356 58.5113198848837 20 -63.2381935969197 59.4867714679428 20 -61.5889628402326 60.7531381595153 20 -60.1724767423897 62.2753778978432 20 -59.0279313700993 64.0113682714039 20 -58.1869978261212 65.91307210243 20 -57.6729458674531 67.9278666999303 20 -62.4999999999993 79.9999999999995 19.9999999999991 -57.6489871941671 71.9241836373255 20 -58.0923972272242 73.8024986792611 20 -58.8196601125009 75.5901699437491 20 -59.8134393929252 77.2445830106633 20 -61.0500454066392 78.7263000622704 20 -74.25 70 -65.75 70 -74.1854329503019 70.7380047550845 -73.9936936383401 71.4535856091341 -73.6806079660839 72.125 -73.2556888832557 72.7318473411678 -72.7318473411678 73.2556888832557 -72.125 73.6806079660839 -71.4535856091341 73.9936936383401 -70.7380047550845 74.1854329503019 -70 74.25 -69.2619952449155 74.1854329503019 -68.5464143908659 73.9936936383401 -67.875 73.6806079660839 -67.2681526588322 73.2556888832557 -66.7443111167443 72.7318473411678 -66.3193920339161 72.125 -66.0063063616599 71.4535856091341 -65.8145670496981 70.7380047550845 -65.8145670496981 69.2619952449156 -66.0063063616599 68.5464143908659 -66.3193920339161 67.875 -66.7443111167443 67.2681526588322 -67.2681526588322 66.7443111167443 -67.875 66.3193920339161 -68.5464143908659 66.0063063616599 -69.2619952449155 65.8145670496981 -70 65.75 -70.7380047550844 65.8145670496981 -71.4535856091341 66.0063063616599 -72.125 66.3193920339161 -72.7318473411678 66.7443111167443 -73.2556888832556 67.2681526588322 -73.6806079660839 67.875 -73.9936936383401 68.5464143908659 -74.1854329503019 69.2619952449155 -80 70 -70 80 -79.8480775301221 71.7364817766693 -79.3969262078591 73.4202014332567 -78.6602540378444 75 -77.6604444311898 76.4278760968654 -76.4278760968654 77.6604444311898 -75 78.6602540378444 -73.4202014332567 79.3969262078591 -71.7364817766693 79.8480775301221 -79.9999999999994 62.4999999999992 -57.5 70 -78.618363325995 60.9460608804154 -76.9982450005602 59.6426563776162 -75.184475866762 58.6258534391822 -73.2272453447931 57.9237883637081 -71.180712623522 57.5558882317517 -69.1015080032289 57.5323333325061 -67.0471658593807 57.8537754615686 -65.0745325894356 58.5113198848837 -63.2381935969197 59.4867714679428 -61.5889628402326 60.7531381595153 -60.1724767423897 62.2753778978432 -59.0279313700993 64.0113682714039 -58.1869978261212 65.91307210243 -57.6729458674531 67.9278666999303 -62.4999999999993 79.9999999999995 -57.6489871941671 71.9241836373255 -58.0923972272242 73.8024986792611 -58.8196601125009 75.5901699437491 -59.8134393929252 77.2445830106633 -61.0500454066392 78.7263000622704 48 2 62 25 26 56 25 56 57 64 19 2 42 41 5 64 2 48 65 18 19 6 42 5 65 19 64 24 25 57 24 57 58 66 17 18 66 18 65 67 16 17 23 24 58 67 17 66 43 6 7 43 42 6 63 14 15 63 38 14 68 63 15 68 15 16 68 16 67 59 22 23 59 23 58 33 47 49 32 49 50 32 33 49 44 7 8 44 43 7 34 37 47 34 47 33 31 50 51 31 32 50 35 37 34 60 21 22 60 22 59 30 51 52 30 31 51 36 37 35 29 52 53 29 30 52 45 8 9 1 37 36 45 9 10 1 39 37 45 44 8 28 53 54 28 29 53 61 20 21 61 21 60 3 39 1 3 40 39 46 45 10 27 54 55 38 10 11 38 11 12 38 12 13 27 28 54 38 13 14 38 46 10 4 40 3 62 2 20 62 20 61 26 27 55 26 55 56 5 40 4 5 41 40 
38 36 1 0.0161725331100896
-74.25 -70 20 -74.25 -70 0 -65.75 -70 0 -65.8145670496981 -70.7380047550844 0 -66.0063063616599 -71.4535856091341 0 -66.3193920339161 -72.125 0 -66.7443111167443 -72.7318473411678 0 -67.2681526588322 -73.2556888832557 0 -67.875 -73.6806079660839 0 -68.5464143908659 -73.9936936383401 0 -69.2619952449155 -74.1854329503019 0 -70 -74.25 0 -70.7380047550844 -74.1854329503019 0 -71.4535856091341 -73.9936936383401 0 -72.125 -73.6806079660839 0 -72.7318473411678 -73.2556888832557 0 -73.2556888832557 -72.7318473411678 0 -73.6806079660839 -72.125 0 -73.9936936383401 -71.4535856091341 0 -74.1854329503019 -70.7380047550845 0 -65.75 -70 20 -65.8145670496981 -70.7380047550844 20 -66.0063063616599 -71.4535856091341 20 -66.3193920339161 -72.125 20 -66.7443111167443 -72.7318473411678 20 -67.2681526588322 -73.2556888832557 20 -67.875 -73.6806079660839 20 -68.5464143908659 -73.9936936383401 20 -69.2619952449155 -74.1854329503019 20 -70 -74.25 20 -70.7380047550844 -74.1854329503019 20 -71.4535856091341 -73.9936936383401 20 -72.125 -73.6806079660839 20 -72.7318473411678 -73.2556888832557 20 -73.2556888832557 -72.7318473411678 20 -73.6806079660839 -72.125 20 -73.9936936383401 -71.4535856091341 20 -74.1854329503019 -70.7380047550845 20 6.28318530717959 -20 6.28318530717959 0 3.14159265358979 0 3.31612557878923 0 3.49065850398866 0 3.66519142918809 0 3.83972435438752 0 4.01425727958696 0 4.18879020478639 0 4.36332312998582 0 4.53785605518526 0 4.71238898038469 0 4.88692190558412 0 5.06145483078355 0 5.23598775598299 0 5.41052068118242 0 5.58505360638185 0 5.75958653158128 0 5.93411945678072 0 6.10865238198015 0 3.14159265358979 -20 3.31612557878923 -20 3.49065850398866 -20 3.66519142918809 -20 3.83972435438752 -20 4.01425727958696 -20 4.18879020478639 -20 4.36332312998582 -20 4.53785605518526 -20 4.71238898038469 -20 4.88692190558412 -20 5.06145483078355 -20 5.23598775598299 -20 5.41052068118242 -20 5.58505360638185 -20 5.75958653158128 -20 5.93411945678072 -20 6.10865238198015 -20 3 21 22 4 22 23 4 3 22 5 4 23 6 23 24 6 5 23 7 24 25 7 6 24 8 25 26 8 7 25 9 26 27 9 8 26 10 27 28 10 9 27 11 28 29 11 10 28 12 29 30 12 11 29 13 30 31 13 12 30 14 31 32 14 13 31 15 32 33 15 14 32 16 33 34 16 15 33 17 34 35 17 16 34 18 35 36 18 17 35 19 18 36 19 36 37 20 19 37 20 37 38 20 38 1 2 20 1 
38 36 1 0.0161725331100845
-74.25 -70 0 -65.75 -70 0 -74.1854329503019 -69.2619952449155 0 -73.9936936383401 -68.5464143908659 0 -73.6806079660839 -67.875 0 -73.2556888832557 -67.2681526588322 0 -72.7318473411678 -66.7443111167443 0 -72.125 -66.3193920339161 0 -71.4535856091341 -66.0063063616599 0 -70.7380047550845 -65.8145670496981 0 -70 -65.75 0 -69.2619952449155 -65.8145670496981 0 -68.5464143908659 -66.0063063616599 0 -67.875 -66.3193920339161 0 -67.2681526588322 -66.7443111167443 0 -66.7443111167443 -67.2681526588322 0 -66.3193920339161 -67.875 0 -66.0063063616599 -68.5464143908659 0 -65.8145670496981 -69.2619952449155 0 -74.25 -70 20 -65.75 -70 20 -74.1854329503019 -69.2619952449155 20 -73.9936936383401 -68.5464143908659 20 -73.6806079660839 -67.875 20 -73.2556888832557 -67.2681526588322 20 -72.7318473411678 -66.7443111167443 20 -72.125 -66.3193920339161 20 -71.4535856091341 -66.0063063616599 20 -70.7380047550845 -65.8145670496981 20 -70 -65.75 20 -69.2619952449155 -65.8145670496981 20 -68.5464143908659 -66.0063063616599 20 -67.875 -66.3193920339161 20 -67.2681526588322 -66.7443111167443 20 -66.7443111167443 -67.2681526588322 20 -66.3193920339161 -67.875 20 -66.0063063616599 -68.5464143908659 20 -65.8145670496981 -69.2619952449155 20 0 0 3.14159265358979 0 0.174532925199433 0 0.349065850398866 0 0.523598775598299 0 0.698131700797732 0 0.872664625997165 0 1.0471975511966 0 1.22173047639603 0 1.39626340159546 0 1.5707963267949 0 1.74532925199433 0 1.91986217719376 0 2.0943951023932 0 2.26892802759263 0 2.44346095279206 0 2.61799387799149 0 2.79252680319093 0 2.96705972839036 0 0 -20 3.14159265358979 -20 0.174532925199433 -20 0.349065850398866 -20 0.523598775598299 -20 0.698131700797732 -20 0.872664625997165 -20 1.0471975511966 -20 1.22173047639603 -20 1.39626340159546 -20 1.5707963267949 -20 1.74532925199433 -20 1.91986217719376 -20 2.0943951023932 -20 2.26892802759263 -20 2.44346095279206 -20 2.61799387799149 -20 2.79252680319093 -20 2.96705972839036 -20 3 1 20 3 20 22 4 22 23 4 3 22 5 23 24 5 4 23 6 24 25 6 5 24 7 25 26 7 6 25 8 26 27 8 7 26 9 27 28 9 8 27 10 28 29 10 9 28 11 29 30 11 10 29 12 30 31 12 11 30 13 31 32 13 12 31 14 32 33 14 13 32 15 33 34 15 14 33 16 34 35 16 15 34 17 16 35 17 35 36 18 17 36 18 36 37 19 18 37 19 37 38 2 19 38 2 38 21 
68 68 1 5.5956103941242e-13
-74.25 -70 20 -65.75 -70 20 -74.1854329503019 -69.2619952449155 20 -73.9936936383401 -68.5464143908659 20 -73.6806079660839 -67.875 20 -73.2556888832557 -67.2681526588322 20 -72.7318473411678 -66.7443111167443 20 -72.125 -66.3193920339161 20 -71.4535856091341 -66.0063063616599 20 -70.7380047550845 -65.8145670496981 20 -70 -65.75 20 -69.2619952449155 -65.8145670496981 20 -68.5464143908659 -66.0063063616599 20 -67.875 -66.3193920339161 20 -67.2681526588322 -66.7443111167443 20 -66.7443111167443 -67.2681526588322 20 -66.3193920339161 -67.875 20 -66.0063063616599 -68.5464143908659 20 -65.8145670496981 -69.2619952449155 20 -65.8145670496981 -70.7380047550844 20 -66.0063063616599 -71.4535856091341 20 -66.3193920339161 -72.125 20 -66.7443111167443 -72.7318473411678 20 -67.2681526588322 -73.2556888832557 20 -67.875 -73.6806079660839 20 -68.5464143908659 -73.9936936383401 20 -69.2619952449155 -74.1854329503019 20 -70 -74.25 20 -70.7380047550844 -74.1854329503019 20 -71.4535856091341 -73.9936936383401 20 -72.125 -73.6806079660839 20 -72.7318473411678 -73.2556888832557 20 -73.2556888832557 -72.7318473411678 20 -73.6806079660839 -72.125 20 -73.9936936383401 -71.4535856091341 20 -74.1854329503019 -70.7380047550845 20 -62.4999999999992 -79.9999999999994 19.9999999999989 -57.5 -70 20 -61.0500454066391 -78.7263000622703 20 -59.8134393929251 -77.2445830106632 20 -58.8196601125008 -75.590169943749 20 -58.0923972272242 -73.802498679261 20 -57.6489871941671 -71.9241836373255 20 -79.9999999999995 -62.4999999999993 19.9999999999991 -57.6729458674531 -67.9278666999303 20 -58.1869978261213 -65.91307210243 20 -59.0279313700993 -64.0113682714039 20 -60.1724767423898 -62.2753778978432 20 -61.5889628402327 -60.7531381595152 20 -63.2381935969198 -59.4867714679427 20 -65.0745325894357 -58.5113198848837 20 -67.0471658593808 -57.8537754615686 20 -69.101508003229 -57.5323333325061 20 -71.1807126235221 -57.5558882317517 20 -73.2272453447933 -57.9237883637082 20 -75.1844758667621 -58.6258534391823 20 -76.9982450005603 -59.6426563776163 20 -78.6183633259951 -60.9460608804155 20 -80 -70 20 -70 -80 20 -71.7364817766693 -79.8480775301221 20 -73.4202014332567 -79.3969262078591 20 -75 -78.6602540378444 20 -76.4278760968654 -77.6604444311898 20 -77.6604444311898 -76.4278760968654 20 -78.6602540378444 -75 20 -79.3969262078591 -73.4202014332567 20 -79.8480775301221 -71.7364817766693 20 -74.25 -70 -65.75 -70 -74.1854329503019 -69.2619952449155 -73.9936936383401 -68.5464143908659 -73.6806079660839 -67.875 -73.2556888832557 -67.2681526588322 -72.7318473411678 -66.7443111167443 -72.125 -66.3193920339161 -71.4535856091341 -66.0063063616599 -70.7380047550845 -65.8145670496981 -70 -65.75 -69.2619952449155 -65.8145670496981 -68.5464143908659 -66.0063063616599 -67.875 -66.3193920339161 -67.2681526588322 -66.7443111167443 -66.7443111167443 -67.2681526588322 -66.3193920339161 -67.875 -66.0063063616599 -68.5464143908659 -65.8145670496981 -69.2619952449155 -65.8145670496981 -70.7380047550844 -66.0063063616599 -71.4535856091341 -66.3193920339161 -72.125 -66.7443111167443 -72.7318473411678 -67.2681526588322 -73.2556888832557 -67.875 -73.6806079660839 -68.5464143908659 -73.9936936383401 -69.2619952449155 -74.1854329503019 -70 -74.25 -70.7380047550844 -74.1854329503019 -71.4535856091341 -73.9936936383401 -72.125 -73.6806079660839 -72.7318473411678 -73.2556888832557 -73.2556888832556 -72.7318473411678 -73.6806079660839 -72.125 -73.9936936383401 -71.4535856091341 -74.1854329503019 -70.7380047550845 -62.4999999999992 -79.9999999999994 -57.5 -70 -61.0500454066391 -78.7263000622703 -59.8134393929251 -77.2445830106632 -58.8196601125008 -75.590169943749 -58.0923972272242 -73.802498679261 -57.6489871941671 -71.9241836373255 -79.9999999999995 -62.4999999999993 -57.6729458674531 -67.9278666999303 -58.1869978261213 -65.91307210243 -59.0279313700993 -64.0113682714039 -60.1724767423898 -62.2753778978432 -61.5889628402327 -60.7531381595152 -63.2381935969198 -59.4867714679427 -65.0745325894357 -58.5113198848837 -67.0471658593808 -57.8537754615686 -69.101508003229 -57.5323333325061 -71.1807126235221 -57.5558882317517 -73.2272453447933 -57.9237883637082 -75.1844758667621 -58.6258534391823 -76.9982450005603 -59.6426563776163 -78.6183633259951 -60.9460608804155 -80 -70 -70 -80 -71.7364817766693 -79.8480775301221 -73.4202014332567 -79.3969262078591 -75 -78.6602540378444 -76.4278760968654 -77.6604444311898 -77.6604444311898 -76.4278760968654 -78.6602540378444 -75 -79.3969262078591 -73.4202014332567 -79.8480775301221 -71.7364817766693 45 2 38 58 44 6 52 12 13 52 53 12 7 58 6 23 24 39 46 18 19 46 19 45 51 13 14 51 52 13 47 17 18 47 18 46 50 14 15 50 51 14 48 16 17 40 22 23 48 17 47 40 23 39 49 50 15 49 16 48 57 7 8 49 15 16 57 58 7 33 65 64 32 64 63 32 33 64 34 66 65 34 65 33 31 63 62 31 32 63 35 67 66 35 66 34 30 62 61 41 21 22 41 22 40 30 31 62 36 68 67 36 67 35 29 61 60 29 30 61 1 68 36 56 8 9 1 59 68 56 57 8 28 29 60 3 59 1 42 20 21 42 21 41 55 9 10 27 28 60 55 56 9 4 59 3 43 2 20 26 27 60 43 20 42 54 10 11 54 55 10 5 59 4 5 44 59 25 26 60 38 2 43 53 11 12 25 60 37 53 54 11 6 44 5 24 25 37 45 19 2 39 24 37 
38 36 1 0.0161725331100896
65.75 -70 20 65.75 -70 0 74.25 -70 0 74.1854329503019 -70.7380047550844 0 73.9936936383401 -71.4535856091341 0 73.6806079660839 -72.125 0 73.2556888832557 -72.7318473411678 0 72.7318473411678 -73.2556888832557 0 72.125 -73.6806079660839 0 71.4535856091341 -73.9936936383401 0 70.7380047550845 -74.1854329503019 0 70 -74.25 0 69.2619952449156 -74.1854329503019 0 68.5464143908659 -73.9936936383401 0 67.875 -73.6806079660839 0 67.2681526588322 -73.2556888832557 0 66.7443111167443 -72.7318473411678 0 66.3193920339161 -72.125 0 66.0063063616599 -71.4535856091341 0 65.8145670496981 -70.7380047550845 0 74.25 -70 20 74.1854329503019 -70.7380047550844 20 73.9936936383401 -71.4535856091341 20 73.6806079660839 -72.125 20 73.2556888832557 -72.7318473411678 20 72.7318473411678 -73.2556888832557 20 72.125 -73.6806079660839 20 71.4535856091341 -73.9936936383401 20 70.7380047550845 -74.1854329503019 20 70 -74.25 20 69.2619952449156 -74.1854329503019 20 68.5464143908659 -73.9936936383401 20 67.875 -73.6806079660839 20 67.2681526588322 -73.2556888832557 20 66.7443111167443 -72.7318473411678 20 66.3193920339161 -72.125 20 66.0063063616599 -71.4535856091341 20 65.8145670496981 -70.7380047550845 20 6.28318530717959 -20 6.28318530717959 0 3.14159265358979 0 3.31612557878923 0 3.49065850398866 0 3.66519142918809 0 3.83972435438752 0 4.01425727958696 0 4.18879020478639 0 4.36332312998582 0 4.53785605518526 0 4.71238898038469 0 4.88692190558412 0 5.06145483078355 0 5.23598775598299 0 5.41052068118242 0 5.58505360638185 0 5.75958653158128 0 5.93411945678072 0 6.10865238198015 0 3.14159265358979 -20 3.31612557878923 -20 3.49065850398866 -20 3.66519142918809 -20 3.83972435438752 -20 4.01425727958696 -20 4.18879020478639 -20 4.36332312998582 -20 4.53785605518526 -20 4.71238898038469 -20 4.88692190558412 -20 5.06145483078355 -20 5.23598775598299 -20 5.41052068118242 -20 5.58505360638185 -20 5.75958653158128 -20 5.93411945678072 -20 6.10865238198015 -20 3 21 22 4 22 23 4 3 22 5 4 23 6 23 24 6 5 23 7 24 25 7 6 24 8 25 26 8 7 25 9 26 27 9 8 26 10 27 28 10 9 27 11 28 29 11 10 28 12 29 30 12 11 29 13 30 31 13 12 30 14 31 32 14 13 31 15 32 33 15 14 32 16 33 34 16 15 33 17 34 35 17 16 34 18 35 36 18 17 35 19 18 36 19 36 37 20 19 37 20 37 38 20 38 1 2 20 1 
38 36 1 0.0161725331100845
65.75 -70 0 74.25 -70 0 65.8145670496981 -69.2619952449155 0 66.0063063616599 -68.5464143908659 0 66.3193920339161 -67.875 0 66.7443111167443 -67.2681526588322 0 67.2681526588322 -66.7443111167443 0 67.875 -66.3193920339161 0 68.5464143908659 -66.0063063616599 0 69.2619952449155 -65.8145670496981 0 70 -65.75 0 70.7380047550845 -65.8145670496981 0 71.4535856091341 -66.0063063616599 0 72.125 -66.3193920339161 0 72.7318473411678 -66.7443111167443 0 73.2556888832557 -67.2681526588322 0 73.6806079660839 -67.875 0 73.9936936383401 -68.5464143908659 0 74.1854329503019 -69.2619952449155 0 65.75 -70 20 74.25 -70 20 65.8145670496981 -69.2619952449155 20 66.0063063616599 -68.5464143908659 20 66.3193920339161 -67.875 20 66.7443111167443 -67.2681526588322 20 67.2681526588322 -66.7443111167443 20 67.875 -66.3193920339161 20 68.5464143908659 -66.0063063616599 20 69.2619952449155 -65.8145670496981 20 70 -65.75 20 70.7380047550845 -65.8145670496981 20 71.4535856091341 -66.0063063616599 20 72.125 -66.3193920339161 20 72.7318473411678 -66.7443111167443 20 73.2556888832557 -67.2681526588322 20 73.6806079660839 -67.875 20 73.9936936383401 -68.5464143908659 20 74.1854329503019 -69.2619952449155 20 0 0 3.14159265358979 0 0.174532925199433 0 0.349065850398866 0 0.523598775598299 0 0.698131700797732 0 0.872664625997165 0 1.0471975511966 0 1.22173047639603 0 1.39626340159546 0 1.5707963267949 0 1.74532925199433 0 1.91986217719376 0 2.0943951023932 0 2.26892802759263 0 2.44346095279206 0 2.61799387799149 0 2.79252680319093 0 2.96705972839036 0 0 -20 3.14159265358979 -20 0.174532925199433 -20 0.349065850398866 -20 0.523598775598299 -20 0.698131700797732 -20 0.872664625997165 -20 1.0471975511966 -20 1.22173047639603 -20 1.39626340159546 -20 1.5707963267949 -20 1.74532925199433 -20 1.91986217719376 -20 2.0943951023932 -20 2.26892802759263 -20 2.44346095279206 -20 2.61799387799149 -20 2.79252680319093 -20 2.96705972839036 -20 3 1 20 3 20 22 4 22 23 4 3 22 5 23 24 5 4 23 6 24 25 6 5 24 7 25 26 7 6 25 8 26 27 8 7 26 9 27 28 9 8 27 10 28 29 10 9 28 11 29 30 11 10 29 12 30 31 12 11 30 13 31 32 13 12 31 14 32 33 14 13 32 15 33 34 15 14 33 16 34 35 16 15 34 17 16 35 17 35 36 18 17 36 18 36 37 19 18 37 19 37 38 2 19 38 2 38 21 
67 67 1 5.59559849904844e-13
65.75 -70 20 74.25 -70 20 65.8145670496981 -69.2619952449155 20 66.0063063616599 -68.5464143908659 20 66.3193920339161 -67.875 20 66.7443111167443 -67.2681526588322 20 67.2681526588322 -66.7443111167443 20 67.875 -66.3193920339161 20 68.5464143908659 -66.0063063616599 20 69.2619952449155 -65.8145670496981 20 70 -65.75 20 70.7380047550845 -65.8145670496981 20 71.4535856091341 -66.0063063616599 20 72.125 -66.3193920339161 20 72.7318473411678 -66.7443111167443 20 73.2556888832557 -67.2681526588322 20 73.6806079660839 -67.875 20 73.9936936383401 -68.5464143908659 20 74.1854329503019 -69.2619952449155 20 74.1854329503019 -70.7380047550844 20 73.9936936383401 -71.4535856091341 20 73.6806079660839 -72.125 20 73.2556888832557 -72.7318473411678 20 72.7318473411678 -73.2556888832557 20 72.125 -73.6806079660839 20 71.4535856091341 -73.9936936383401 20 70.7380047550845 -74.1854329503019 20 70 -74.25 20 69.2619952449156 -74.1854329503019 20 68.5464143908659 -73.9936936383401 20 67.875 -73.6806079660839 20 67.2681526588322 -73.2556888832557 20 66.7443111167443 -72.7318473411678 20 66.3193920339161 -72.125 20 66.0063063616599 -71.4535856091341 20 65.8145670496981 -70.7380047550845 20 79.9999999999994 -62.4999999999992 19.9999999999989 62.4999999999993 -79.9999999999995 19.9999999999991 78.5754428378423 -60.9053982970721 20 76.8999548982284 -59.5769187663909 20 75.0225635607643 -58.5534347825174 20 72.9982042120894 -57.8648950765719 20 70.886112751133 -57.5314473898419 20 68.7480922547015 -57.5628489195772 20 66.6467045234545 -57.9581808082425 20 64.6434394264416 -58.7058750307162 20 62.796915612023 -59.784052892674 20 61.1611652351681 -61.1611652351682 20 59.7840528926739 -62.7969156120231 20 58.7058750307162 -64.6434394264417 20 57.9581808082425 -66.6467045234547 20 57.5628489195772 -68.7480922547016 20 57.5314473898419 -70.8861127511331 20 57.8648950765719 -72.9982042120895 20 58.5534347825174 -75.0225635607644 20 59.576918766391 -76.8999548982285 20 60.9053982970722 -78.5754428378424 20 70 -80 20 80 -70 20 79.8480775301221 -71.7364817766693 20 79.3969262078591 -73.4202014332567 20 78.6602540378444 -75 20 77.6604444311898 -76.4278760968654 20 76.4278760968654 -77.6604444311898 20 75 -78.6602540378444 20 73.4202014332567 -79.3969262078591 20 71.7364817766693 -79.8480775301221 20 65.75 -70 74.25 -70 65.8145670496981 -69.2619952449155 66.0063063616599 -68.5464143908659 66.3193920339161 -67.875 66.7443111167443 -67.2681526588322 67.2681526588322 -66.7443111167443 67.875 -66.3193920339161 68.5464143908659 -66.0063063616599 69.2619952449155 -65.8145670496981 70 -65.75 70.7380047550845 -65.8145670496981 71.4535856091341 -66.0063063616599 72.125 -66.3193920339161 72.7318473411678 -66.7443111167443 73.2556888832557 -67.2681526588322 73.6806079660839 -67.875 73.9936936383401 -68.5464143908659 74.1854329503019 -69.2619952449155 74.1854329503019 -70.7380047550844 73.9936936383401 -71.4535856091341 73.6806079660839 -72.125 73.2556888832557 -72.7318473411678 72.7318473411678 -73.2556888832557 72.125 -73.6806079660839 71.4535856091341 -73.9936936383401 70.7380047550845 -74.1854329503019 70 -74.25 69.2619952449156 -74.1854329503019 68.5464143908659 -73.9936936383401 67.875 -73.6806079660839 67.2681526588322 -73.2556888832557 66.7443111167444 -72.7318473411678 66.3193920339161 -72.125 66.0063063616599 -71.4535856091341 65.8145670496981 -70.7380047550845 79.9999999999994 -62.4999999999992 62.4999999999993 -79.9999999999995 78.5754428378423 -60.9053982970721 76.8999548982284 -59.5769187663909 75.0225635607643 -58.5534347825174 72.9982042120894 -57.8648950765719 70.886112751133 -57.5314473898419 68.7480922547015 -57.5628489195772 66.6467045234545 -57.9581808082425 64.6434394264416 -58.7058750307162 62.796915612023 -59.784052892674 61.1611652351681 -61.1611652351682 59.7840528926739 -62.7969156120231 58.7058750307162 -64.6434394264417 57.9581808082424 -66.6467045234547 57.5628489195772 -68.7480922547016 57.5314473898419 -70.8861127511331 57.8648950765719 -72.9982042120895 58.5534347825174 -75.0225635607644 59.576918766391 -76.8999548982285 60.9053982970722 -78.5754428378424 70 -80 80 -70 79.8480775301221 -71.7364817766693 79.3969262078591 -73.4202014332567 78.6602540378444 -75 77.6604444311898 -76.4278760968654 76.4278760968654 -77.6604444311898 75 -78.6602540378444 73.4202014332567 -79.3969262078591 71.7364817766693 -79.8480775301221 6 49 5 41 42 13 48 49 6 40 14 15 40 41 14 7 48 6 37 16 17 23 24 64 37 17 59 63 23 64 39 15 16 39 16 37 39 40 15 22 23 63 47 7 8 47 48 7 33 56 57 32 57 38 32 33 57 62 22 63 34 55 56 34 56 33 31 38 58 31 32 38 35 54 55 35 55 34 30 31 58 36 53 54 46 8 9 36 54 35 29 30 58 46 47 8 61 20 21 61 21 22 61 22 62 1 52 53 1 53 36 28 29 58 3 52 1 60 2 20 60 20 61 3 51 52 45 9 10 27 67 66 27 58 67 27 28 58 45 46 9 59 17 18 4 51 3 59 18 19 59 19 2 59 2 60 4 50 51 26 27 66 44 10 11 26 66 65 44 45 10 5 50 4 43 11 12 5 49 50 25 26 65 43 44 11 42 12 13 24 25 65 42 43 12 24 65 64 41 13 14 
52 64 1 0.480181731240825
-59.9999999999965 0 40 59.9999999999965 7.34788079488369e-15 40 -59.0884651807325 10.4188906600158 40 -56.3815572471545 20.5212085995401 40 -51.9615242270663 30 40 -45.9626665871387 38.5672565811924 40 -38.5672565811924 45.9626665871387 40 -30 51.9615242270663 40 -20.5212085995401 56.3815572471545 40 -10.4188906600158 59.0884651807325 40 -3.67381906146713e-15 60 40 10.4188906600158 59.0884651807325 40 20.5212085995401 56.3815572471545 40 30 51.9615242270663 40 38.5672565811923 45.9626665871387 40 45.9626665871387 38.5672565811924 40 51.9615242270663 30 40 56.3815572471545 20.5212085995402 40 59.0884651807325 10.4188906600159 40 -42.5000000000025 0 67.2000000000016 42.5000000000025 6.27631484563012e-15 67.2000000000016 -41.8543295030213 7.38004755084497 67.2000000000016 -39.9369363834034 14.5358560913418 67.2000000000016 -36.8060796608408 21.2500000000012 67.2000000000016 -32.5568888325585 27.3184734116795 67.2000000000016 -27.3184734116795 32.5568888325585 67.2000000000016 -21.2500000000012 36.8060796608408 67.2000000000016 -14.5358560913418 39.9369363834034 67.2000000000016 -7.38004755084497 41.8543295030213 67.2000000000016 -2.6022885018727e-15 42.5000000000025 67.2000000000016 7.38004755084497 41.8543295030213 67.2000000000016 14.5358560913418 39.9369363834034 67.2000000000016 21.2500000000012 36.8060796608408 67.2000000000016 27.3184734116795 32.5568888325585 67.2000000000016 32.5568888325584 27.3184734116795 67.2000000000016 36.8060796608408 21.2500000000013 67.2000000000016 39.9369363834034 14.5358560913418 67.2000000000016 41.8543295030213 7.38004755084502 67.2000000000016 -49.174014897743 14.4387935381233 53.6 -43.114243557598 27.7078418945994 53.6 -33.5616126146959 38.7321656856557 53.6 -21.2900194163467 46.6186397619191 53.6 -7.29363546150586 50.7283488963978 53.6 7.29363546150587 50.7283488963978 53.6 21.2900194163467 46.6186397619191 53.6 33.5616126146959 38.7321656856557 53.6 43.114243557598 27.7078418945994 53.6 49.174014897743 14.4387935381233 53.6 -46.3978800881699 6.67100804406042 60.4000000000008 -55.0588177046257 7.91626287895131 46.7999999999992 46.3978800881699 6.67100804406042 60.4000000000008 55.0588177046257 7.91626287895131 46.7999999999992 0 0 3.14159265358979 0 0.174532925199433 0 0.349065850398866 0 0.523598775598299 0 0.698131700797732 0 0.872664625997165 0 1.0471975511966 0 1.22173047639603 0 1.39626340159546 0 1.5707963267949 0 1.74532925199433 0 1.91986217719376 0 2.0943951023932 0 2.26892802759263 0 2.44346095279206 0 2.61799387799149 0 2.79252680319093 0 2.96705972839036 0 0 -32.3433146105961 3.14159265358979 -32.3433146105961 0.174532925199433 -32.3433146105961 0.349065850398866 -32.3433146105961 0.523598775598299 -32.3433146105961 0.698131700797732 -32.3433146105961 0.872664625997165 -32.3433146105961 1.0471975511966 -32.3433146105961 1.22173047639603 -32.3433146105961 1.39626340159546 -32.3433146105961 1.5707963267949 -32.3433146105961 1.74532925199433 -32.3433146105961 1.91986217719376 -32.3433146105961 2.0943951023932 -32.3433146105961 2.26892802759263 -32.3433146105961 2.44346095279206 -32.3433146105961 2.61799387799149 -32.3433146105961 2.79252680319093 -32.3433146105961 2.96705972839036 -32.3433146105961 0.285599332144527 -16.1716573052981 0.571198664289053 -16.1716573052981 0.85679799643358 -16.1716573052981 1.14239732857811 -16.1716573052981 1.42799666072263 -16.1716573052981 1.71359599286716 -16.1716573052981 1.99919532501169 -16.1716573052981 2.28479465715621 -16.1716573052981 2.57039398930074 -16.1716573052981 2.85599332144527 -16.1716573052981 0.142799666072263 -24.2574859579471 0.142799666072263 -8.08582865264903 2.99879298751753 -24.2574859579471 2.99879298751753 -8.08582865264903 40 5 4 40 6 5 40 23 24 40 24 25 40 4 39 40 39 23 41 6 40 41 7 6 41 8 7 41 40 25 41 25 26 41 26 27 42 9 8 42 27 28 42 8 41 42 41 27 43 10 9 43 11 10 43 28 29 43 29 30 43 9 42 43 42 28 44 12 11 44 13 12 44 30 31 44 31 32 44 11 43 44 43 30 45 14 13 45 32 33 45 44 32 45 13 44 46 45 33 46 15 14 46 16 15 46 33 34 46 34 35 46 14 45 47 46 35 47 17 16 47 18 17 47 35 36 47 36 37 47 16 46 48 18 47 48 47 37 49 20 22 49 22 23 49 23 39 50 20 49 50 3 1 50 4 3 50 1 20 50 39 4 50 49 39 51 37 38 51 38 21 51 48 37 52 51 21 52 19 18 52 2 19 52 21 2 52 48 51 52 18 48 
360 376 1 1.07055105521189e-12
27.5 0 67.2 -27.5 3.36777869765522e-15 67.2 27.0822132078357 -4.77532488584058 67.2 25.8415470716125 -9.40555394145589 67.2 23.8156986040721 -13.75 67.2 21.0662221857719 -17.6766592663798 67.2 17.6766592663798 -21.0662221857719 67.2 13.75 -23.8156986040721 67.2 9.40555394145589 -25.8415470716125 67.2 4.77532488584059 -27.0822132078357 67.2 1.68383373650577e-15 -27.5 67.2 -4.77532488584058 -27.0822132078357 67.2 -9.40555394145589 -25.8415470716125 67.2 -13.75 -23.8156986040721 67.2 -17.6766592663798 -21.0662221857719 67.2 -21.0662221857719 -17.6766592663798 67.2 -23.8156986040721 -13.75 67.2 -25.8415470716125 -9.40555394145592 67.2 -27.0822132078357 -4.77532488584062 67.2 -27.0822132078357 4.77532488584058 67.2 -25.8415470716125 9.40555394145588 67.2 -23.8156986040721 13.75 67.2 -21.0662221857719 17.6766592663798 67.2 -17.6766592663799 21.0662221857719 67.2 -13.75 23.815698604072 67.2 -9.40555394145593 25.8415470716125 67.2 -4.77532488584063 27.0822132078357 67.2 -5.39013142930242e-14 27.5 67.2 4.77532488584053 27.0822132078357 67.2 9.40555394145583 25.8415470716125 67.2 13.7499999999999 23.8156986040721 67.2 17.6766592663798 21.0662221857719 67.2 21.0662221857718 17.6766592663799 67.2 23.815698604072 13.7500000000001 67.2 25.8415470716124 9.40555394145598 67.2 27.0822132078357 4.77532488584068 67.2 -24.07031021678 -21.92031021678 67.2 -19.77031021678 -21.92031021678 67.2 -24.0376468857562 -21.5469666347961 67.2 -23.9406493514697 -21.1849669086298 67.2 -23.7822648349165 -20.84531021678 67.2 -23.5673057694858 -20.5383168559539 67.2 -23.3023035776061 -20.2733146640742 67.2 -22.99531021678 -20.0583555986435 67.2 -22.6556535249302 -19.8999710820903 67.2 -22.2936537987639 -19.8029735478038 67.2 -21.92031021678 -19.77031021678 67.2 -21.5469666347961 -19.8029735478038 67.2 -21.1849669086298 -19.8999710820903 67.2 -20.84531021678 -20.0583555986435 67.2 -20.5383168559539 -20.2733146640742 67.2 -20.2733146640742 -20.5383168559539 67.2 -20.0583555986435 -20.84531021678 67.2 -19.8999710820903 -21.1849669086298 67.2 -19.8029735478038 -21.5469666347961 67.2 -19.8029735478038 -22.2936537987639 67.2 -19.8999710820903 -22.6556535249302 67.2 -20.0583555986435 -22.99531021678 67.2 -20.2733146640742 -23.3023035776061 67.2 -20.5383168559539 -23.5673057694858 67.2 -20.84531021678 -23.7822648349165 67.2 -21.1849669086298 -23.9406493514697 67.2 -21.5469666347961 -24.0376468857562 67.2 -21.92031021678 -24.07031021678 67.2 -22.2936537987639 -24.0376468857562 67.2 -22.6556535249302 -23.9406493514697 67.2 -22.99531021678 -23.7822648349165 67.2 -23.3023035776061 -23.5673057694858 67.2 -23.5673057694858 -23.3023035776061 67.2 -23.7822648349165 -22.99531021678 67.2 -23.9406493514697 -22.6556535249302 67.2 -24.0376468857562 -22.2936537987639 67.2 -2.15 -31 67.2 2.15 -31 67.2 -2.11733666897625 -30.6266564180161 67.2 -2.0203391346897 -30.2646566918498 67.2 -1.86195461813654 -29.925 67.2 -1.6469955527058 -29.6180066391739 67.2 -1.38199336082606 -29.3530044472942 67.2 -1.075 -29.1380453818635 67.2 -0.735343308150188 -28.9796608653103 67.2 -0.3733435819839 -28.8826633310238 67.2 -1.31645183035906e-16 -28.85 67.2 0.3733435819839 -28.8826633310238 67.2 0.735343308150188 -28.9796608653103 67.2 1.075 -29.1380453818635 67.2 1.38199336082606 -29.3530044472942 67.2 1.6469955527058 -29.6180066391739 67.2 1.86195461813654 -29.925 67.2 2.0203391346897 -30.2646566918498 67.2 2.11733666897625 -30.6266564180161 67.2 2.11733666897625 -31.3733435819839 67.2 2.0203391346897 -31.7353433081502 67.2 1.86195461813654 -32.075 67.2 1.6469955527058 -32.3819933608261 67.2 1.38199336082606 -32.6469955527058 67.2 1.075 -32.8619546181365 67.2 0.735343308150191 -33.0203391346897 67.2 0.373343581983904 -33.1173366689763 67.2 4.21410275381825e-15 -33.15 67.2 -0.373343581983896 -33.1173366689763 67.2 -0.735343308150183 -33.0203391346897 67.2 -1.075 -32.8619546181365 67.2 -1.38199336082606 -32.6469955527058 67.2 -1.6469955527058 -32.3819933608261 67.2 -1.86195461813654 -32.075 67.2 -2.0203391346897 -31.7353433081502 67.2 -2.11733666897625 -31.3733435819839 67.2 19.77031021678 -21.92031021678 67.2 24.07031021678 -21.92031021678 67.2 19.8029735478038 -21.5469666347961 67.2 19.8999710820903 -21.1849669086298 67.2 20.0583555986435 -20.84531021678 67.2 20.2733146640742 -20.5383168559539 67.2 20.5383168559539 -20.2733146640742 67.2 20.84531021678 -20.0583555986435 67.2 21.1849669086298 -19.8999710820903 67.2 21.5469666347961 -19.8029735478038 67.2 21.92031021678 -19.77031021678 67.2 22.2936537987639 -19.8029735478038 67.2 22.6556535249302 -19.8999710820903 67.2 22.99531021678 -20.0583555986435 67.2 23.3023035776061 -20.2733146640742 67.2 23.5673057694858 -20.5383168559539 67.2 23.7822648349165 -20.84531021678 67.2 23.9406493514697 -21.1849669086298 67.2 24.0376468857562 -21.5469666347961 67.2 24.0376468857562 -22.2936537987639 67.2 23.9406493514697 -22.6556535249302 67.2 23.7822648349165 -22.99531021678 67.2 23.5673057694858 -23.3023035776061 67.2 23.3023035776061 -23.5673057694858 67.2 22.99531021678 -23.7822648349165 67.2 22.6556535249302 -23.9406493514697 67.2 22.2936537987639 -24.0376468857562 67.2 21.92031021678 -24.07031021678 67.2 21.5469666347961 -24.0376468857562 67.2 21.1849669086298 -23.9406493514697 67.2 20.84531021678 -23.7822648349165 67.2 20.5383168559539 -23.5673057694858 67.2 20.2733146640742 -23.3023035776061 67.2 20.0583555986435 -22.99531021678 67.2 19.8999710820903 -22.6556535249302 67.2 19.8029735478038 -22.2936537987639 67.2 28.85 0 67.2 33.15 2.63299061816681e-16 67.2 28.8826633310238 0.3733435819839 67.2 28.9796608653103 0.735343308150187 67.2 29.1380453818635 1.075 67.2 29.3530044472942 1.38199336082606 67.2 29.6180066391739 1.6469955527058 67.2 29.925 1.86195461813654 67.2 30.2646566918498 2.0203391346897 67.2 30.6266564180161 2.11733666897625 67.2 31 2.15 67.2 31.3733435819839 2.11733666897625 67.2 31.7353433081502 2.0203391346897 67.2 32.075 1.86195461813654 67.2 32.3819933608261 1.6469955527058 67.2 32.6469955527058 1.38199336082606 67.2 32.8619546181365 1.075 67.2 33.0203391346897 0.73534330815019 67.2 33.1173366689762 0.373343581983903 67.2 33.1173366689763 -0.373343581983899 67.2 33.0203391346897 -0.735343308150186 67.2 32.8619546181365 -1.075 67.2 32.6469955527058 -1.38199336082606 67.2 32.3819933608261 -1.6469955527058 67.2 32.075 -1.86195461813654 67.2 31.7353433081502 -2.0203391346897 67.2 31.3733435819839 -2.11733666897625 67.2 31 -2.15 67.2 30.6266564180161 -2.11733666897625 67.2 30.2646566918498 -2.0203391346897 67.2 29.925 -1.86195461813654 67.2 29.6180066391739 -1.64699555270581 67.2 29.3530044472942 -1.38199336082606 67.2 29.1380453818635 -1.07500000000001 67.2 28.9796608653103 -0.735343308150194 67.2 28.8826633310238 -0.373343581983908 67.2 19.77031021678 21.92031021678 67.2 24.07031021678 21.92031021678 67.2 19.8029735478038 22.2936537987639 67.2 19.8999710820903 22.6556535249302 67.2 20.0583555986435 22.99531021678 67.2 20.2733146640742 23.3023035776061 67.2 20.5383168559539 23.5673057694858 67.2 20.84531021678 23.7822648349165 67.2 21.1849669086298 23.9406493514697 67.2 21.5469666347961 24.0376468857562 67.2 21.92031021678 24.07031021678 67.2 22.2936537987639 24.0376468857562 67.2 22.6556535249302 23.9406493514697 67.2 22.99531021678 23.7822648349165 67.2 23.3023035776061 23.5673057694858 67.2 23.5673057694858 23.3023035776061 67.2 23.7822648349165 22.99531021678 67.2 23.9406493514697 22.6556535249302 67.2 24.0376468857562 22.2936537987639 67.2 24.0376468857562 21.5469666347961 67.2 23.9406493514697 21.1849669086298 67.2 23.7822648349165 20.84531021678 67.2 23.5673057694858 20.5383168559539 67.2 23.3023035776061 20.2733146640742 67.2 22.99531021678 20.0583555986435 67.2 22.6556535249302 19.8999710820903 67.2 22.2936537987639 19.8029735478038 67.2 21.92031021678 19.77031021678 67.2 21.5469666347961 19.8029735478038 67.2 21.1849669086298 19.8999710820903 67.2 20.84531021678 20.0583555986435 67.2 20.5383168559539 20.2733146640742 67.2 20.2733146640742 20.5383168559539 67.2 20.0583555986435 20.84531021678 67.2 19.8999710820903 21.1849669086298 67.2 19.8029735478038 21.5469666347961 67.2 -2.15 31 67.2 2.15 31 67.2 -2.11733666897625 31.3733435819839 67.2 -2.0203391346897 31.7353433081502 67.2 -1.86195461813654 32.075 67.2 -1.6469955527058 32.3819933608261 67.2 -1.38199336082606 32.6469955527058 67.2 -1.075 32.8619546181365 67.2 -0.735343308150188 33.0203391346897 67.2 -0.3733435819839 33.1173366689763 67.2 -1.31645183035906e-16 33.15 67.2 0.3733435819839 33.1173366689763 67.2 0.735343308150188 33.0203391346897 67.2 1.075 32.8619546181365 67.2 1.38199336082606 32.6469955527058 67.2 1.6469955527058 32.3819933608261 67.2 1.86195461813654 32.075 67.2 2.0203391346897 31.7353433081502 67.2 2.11733666897625 31.3733435819839 67.2 2.11733666897625 30.6266564180161 67.2 2.0203391346897 30.2646566918498 67.2 1.86195461813654 29.925 67.2 1.6469955527058 29.6180066391739 67.2 1.38199336082606 29.3530044472942 67.2 1.075 29.1380453818635 67.2 0.735343308150191 28.9796608653103 67.2 0.373343581983904 28.8826633310238 67.2 4.21410275381825e-15 28.85 67.2 -0.373343581983896 28.8826633310238 67.2 -0.735343308150183 28.9796608653103 67.2 -1.075 29.1380453818635 67.2 -1.38199336082606 29.3530044472942 67.2 -1.6469955527058 29.6180066391739 67.2 -1.86195461813654 29.925 67.2 -2.0203391346897 30.2646566918498 67.2 -2.11733666897625 30.6266564180161 67.2 -24.07031021678 21.92031021678 67.2 -19.77031021678 21.92031021678 67.2 -24.0376468857562 22.2936537987639 67.2 -23.9406493514697 22.6556535249302 67.2 -23.7822648349165 22.99531021678 67.2 -23.5673057694858 23.3023035776061 67.2 -23.3023035776061 23.5673057694858 67.2 -22.99531021678 23.7822648349165 67.2 -22.6556535249302 23.9406493514697 67.2 -22.2936537987639 24.0376468857562 67.2 -21.92031021678 24.07031021678 67.2 -21.5469666347961 24.0376468857562 67.2 -21.1849669086298 23.9406493514697 67.2 -20.84531021678 23.7822648349165 67.2 -20.5383168559539 23.5673057694858 67.2 -20.2733146640742 23.3023035776061 67.2 -20.0583555986435 22.99531021678 67.2 -19.8999710820903 22.6556535249302 67.2 -19.8029735478038 22.2936537987639 67.2 -19.8029735478038 21.5469666347961 67.2 -19.8999710820903 21.1849669086298 67.2 -20.0583555986435 20.84531021678 67.2 -20.2733146640742 20.5383168559539 67.2 -20.5383168559539 20.2733146640742 67.2 -20.84531021678 20.0583555986435 67.2 -21.1849669086298 19.8999710820903 67.2 -21.5469666347961 19.8029735478038 67.2 -21.92031021678 19.77031021678 67.2 -22.2936537987639 19.8029735478038 67.2 -22.6556535249302 19.8999710820903 67.2 -22.99531021678 20.0583555986435 67.2 -23.3023035776061 20.2733146640742 67.2 -23.5673057694858 20.5383168559539 67.2 -23.7822648349165 20.84531021678 67.2 -23.9406493514697 21.1849669086298 67.2 -24.0376468857562 21.5469666347961 67.2 -33.15 0 67.2 -28.85 2.63299061816681e-16 67.2 -33.1173366689762 0.3733435819839 67.2 -33.0203391346897 0.735343308150187 67.2 -32.8619546181365 1.075 67.2 -32.6469955527058 1.38199336082606 67.2 -32.3819933608261 1.6469955527058 67.2 -32.075 1.86195461813654 67.2 -31.7353433081502 2.0203391346897 67.2 -31.3733435819839 2.11733666897625 67.2 -31 2.15 67.2 -30.6266564180161 2.11733666897625 67.2 -30.2646566918498 2.0203391346897 67.2 -29.925 1.86195461813654 67.2 -29.6180066391739 1.6469955527058 67.2 -29.3530044472942 1.38199336082606 67.2 -29.1380453818635 1.075 67.2 -28.9796608653103 0.73534330815019 67.2 -28.8826633310238 0.373343581983903 67.2 -28.8826633310238 -0.373343581983899 67.2 -28.9796608653103 -0.735343308150186 67.2 -29.1380453818635 -1.075 67.2 -29.3530044472942 -1.38199336082606 67.2 -29.6180066391739 -1.6469955527058 67.2 -29.925 -1.86195461813654 67.2 -30.2646566918498 -2.0203391346897 67.2 -30.6266564180161 -2.11733666897625 67.2 -31 -2.15 67.2 -31.3733435819839 -2.11733666897625 67.2 -31.7353433081502 -2.0203391346897 67.2 -32.075 -1.86195461813654 67.2 -32.3819933608261 -1.64699555270581 67.2 -32.6469955527058 -1.38199336082606 67.2 -32.8619546181365 -1.07500000000001 67.2 -33.0203391346897 -0.735343308150194 67.2 -33.1173366689762 -0.373343581983908 67.2 -42.5000000000025 0 67.2000000000016 42.5000000000025 6.27631484563012e-15 67.2000000000016 -41.8543295030213 7.38004755084497 67.2000000000016 -39.9369363834034 14.5358560913418 67.2000000000016 -36.8060796608408 21.2500000000012 67.2000000000016 -32.5568888325585 27.3184734116795 67.2000000000016 -27.3184734116795 32.5568888325585 67.2000000000016 -21.2500000000012 36.8060796608408 67.2000000000016 -14.5358560913418 39.9369363834034 67.2000000000016 -7.38004755084497 41.8543295030213 67.2000000000016 -2.6022885018727e-15 42.5000000000025 67.2000000000016 7.38004755084497 41.8543295030213 67.2000000000016 14.5358560913418 39.9369363834034 67.2000000000016 21.2500000000012 36.8060796608408 67.2000000000016 27.3184734116795 32.5568888325585 67.2000000000016 32.5568888325584 27.3184734116795 67.2000000000016 36.8060796608408 21.2500000000013 67.2000000000016 39.9369363834034 14.5358560913418 67.2000000000016 41.8543295030213 7.38004755084502 67.2000000000016 41.8543295030213 -7.38004755084496 67.2000000000016 39.9369363834034 -14.5358560913417 67.2000000000016 36.8060796608408 -21.2500000000012 67.2000000000016 32.5568888325585 -27.3184734116795 67.2000000000016 27.3184734116796 -32.5568888325584 67.2000000000016 21.2500000000013 -36.8060796608408 67.2000000000016 14.5358560913418 -39.9369363834034 67.2000000000016 7.38004755084504 -41.8543295030213 67.2000000000016 8.33020311801331e-14 -42.5000000000025 67.2000000000016 -7.38004755084488 -41.8543295030213 67.2000000000016 -14.5358560913417 -39.9369363834035 67.2000000000016 -21.2500000000011 -36.8060796608408 67.2000000000016 -27.3184734116794 -32.5568888325585 67.2000000000016 -32.5568888325584 -27.3184734116796 67.2000000000016 -36.8060796608407 -21.2500000000014 67.2000000000016 -39.9369363834034 -14.5358560913419 67.2000000000016 -41.8543295030213 -7.38004755084512 67.2000000000016 27.5 0 -27.5 0 27.0822132078357 -4.77532488584058 25.8415470716125 -9.40555394145589 23.8156986040721 -13.75 21.0662221857719 -17.6766592663798 17.6766592663798 -21.0662221857719 13.75 -23.8156986040721 9.40555394145589 -25.8415470716125 4.77532488584059 -27.0822132078357 0 -27.5 -4.77532488584058 -27.0822132078357 -9.40555394145589 -25.8415470716125 -13.75 -23.8156986040721 -17.6766592663798 -21.0662221857719 -21.0662221857719 -17.6766592663798 -23.8156986040721 -13.75 -25.8415470716125 -9.40555394145592 -27.0822132078357 -4.77532488584062 -27.0822132078357 4.77532488584058 -25.8415470716125 9.40555394145588 -23.8156986040721 13.75 -21.0662221857719 17.6766592663798 -17.6766592663799 21.0662221857719 -13.75 23.815698604072 -9.40555394145593 25.8415470716125 -4.77532488584063 27.0822132078357 -5.6843418860808e-14 27.5 4.77532488584053 27.0822132078357 9.40555394145583 25.8415470716125 13.7499999999999 23.8156986040721 17.6766592663798 21.0662221857719 21.0662221857718 17.6766592663799 23.815698604072 13.7500000000001 25.8415470716125 9.40555394145598 27.0822132078357 4.77532488584068 -24.07031021678 -21.92031021678 -19.77031021678 -21.92031021678 -24.0376468857562 -21.5469666347961 -23.9406493514697 -21.1849669086298 -23.7822648349165 -20.84531021678 -23.5673057694858 -20.5383168559539 -23.3023035776061 -20.2733146640742 -22.99531021678 -20.0583555986435 -22.6556535249302 -19.8999710820903 -22.2936537987639 -19.8029735478038 -21.92031021678 -19.77031021678 -21.5469666347961 -19.8029735478038 -21.1849669086298 -19.8999710820903 -20.84531021678 -20.0583555986435 -20.5383168559539 -20.2733146640742 -20.2733146640742 -20.5383168559539 -20.0583555986435 -20.84531021678 -19.8999710820903 -21.1849669086298 -19.8029735478038 -21.5469666347961 -19.8029735478038 -22.2936537987639 -19.8999710820903 -22.6556535249302 -20.0583555986435 -22.99531021678 -20.2733146640742 -23.3023035776061 -20.5383168559539 -23.5673057694858 -20.84531021678 -23.7822648349165 -21.1849669086298 -23.9406493514697 -21.5469666347961 -24.0376468857562 -21.92031021678 -24.07031021678 -22.2936537987639 -24.0376468857562 -22.6556535249302 -23.9406493514697 -22.99531021678 -23.7822648349165 -23.3023035776061 -23.5673057694858 -23.5673057694858 -23.3023035776061 -23.7822648349165 -22.99531021678 -23.9406493514697 -22.6556535249302 -24.0376468857562 -22.2936537987639 -2.15 -31 2.15 -31 -2.11733666897625 -30.6266564180161 -2.02033913468971 -30.2646566918498 -1.86195461813654 -29.925 -1.6469955527058 -29.6180066391739 -1.38199336082606 -29.3530044472942 -1.075 -29.1380453818635 -0.735343308150185 -28.9796608653103 -0.373343581983903 -28.8826633310238 0 -28.85 0.373343581983903 -28.8826633310238 0.735343308150185 -28.9796608653103 1.075 -29.1380453818635 1.38199336082606 -29.3530044472942 1.6469955527058 -29.6180066391739 1.86195461813654 -29.925 2.0203391346897 -30.2646566918498 2.11733666897625 -30.6266564180161 2.11733666897625 -31.3733435819839 2.02033913468971 -31.7353433081502 1.86195461813654 -32.075 1.6469955527058 -32.3819933608261 1.38199336082606 -32.6469955527058 1.075 -32.8619546181365 0.735343308150192 -33.0203391346897 0.373343581983903 -33.1173366689763 7.105427357601e-15 -33.15 -0.373343581983896 -33.1173366689763 -0.735343308150185 -33.0203391346897 -1.075 -32.8619546181365 -1.38199336082606 -32.6469955527058 -1.6469955527058 -32.3819933608261 -1.86195461813654 -32.075 -2.0203391346897 -31.7353433081502 -2.11733666897624 -31.3733435819839 19.77031021678 -21.92031021678 24.07031021678 -21.92031021678 19.8029735478038 -21.5469666347961 19.8999710820903 -21.1849669086298 20.0583555986435 -20.84531021678 20.2733146640742 -20.5383168559539 20.5383168559539 -20.2733146640742 20.84531021678 -20.0583555986435 21.1849669086298 -19.8999710820903 21.5469666347961 -19.8029735478038 21.92031021678 -19.77031021678 22.2936537987639 -19.8029735478038 22.6556535249302 -19.8999710820903 22.99531021678 -20.0583555986435 23.3023035776061 -20.2733146640742 23.5673057694858 -20.5383168559539 23.7822648349165 -20.84531021678 23.9406493514697 -21.1849669086298 24.0376468857562 -21.5469666347961 24.0376468857562 -22.2936537987639 23.9406493514697 -22.6556535249302 23.7822648349165 -22.99531021678 23.5673057694858 -23.3023035776061 23.3023035776061 -23.5673057694858 22.99531021678 -23.7822648349165 22.6556535249302 -23.9406493514697 22.2936537987639 -24.0376468857562 21.92031021678 -24.07031021678 21.5469666347961 -24.0376468857562 21.1849669086298 -23.9406493514697 20.84531021678 -23.7822648349165 20.5383168559539 -23.5673057694858 20.2733146640742 -23.3023035776061 20.0583555986435 -22.99531021678 19.8999710820903 -22.6556535249302 19.8029735478038 -22.2936537987639 28.85 0 33.15 0 28.8826633310237 0.373343581983903 28.9796608653103 0.735343308150185 29.1380453818635 1.075 29.3530044472942 1.38199336082606 29.6180066391739 1.6469955527058 29.925 1.86195461813654 30.2646566918498 2.0203391346897 30.6266564180161 2.11733666897624 31 2.15 31.3733435819839 2.11733666897624 31.7353433081502 2.0203391346897 32.075 1.86195461813654 32.3819933608261 1.6469955527058 32.6469955527058 1.38199336082606 32.8619546181365 1.075 33.0203391346897 0.735343308150192 33.1173366689762 0.373343581983903 33.1173366689762 -0.373343581983896 33.0203391346897 -0.735343308150185 32.8619546181365 -1.075 32.6469955527058 -1.38199336082606 32.3819933608261 -1.6469955527058 32.075 -1.86195461813654 31.7353433081502 -2.0203391346897 31.3733435819839 -2.11733666897624 31 -2.15 30.6266564180161 -2.11733666897625 30.2646566918498 -2.02033913468971 29.925 -1.86195461813654 29.6180066391739 -1.6469955527058 29.3530044472942 -1.38199336082607 29.1380453818635 -1.075 28.9796608653103 -0.735343308150192 28.8826633310238 -0.37334358198391 19.77031021678 21.92031021678 24.07031021678 21.92031021678 19.8029735478038 22.2936537987639 19.8999710820903 22.6556535249302 20.0583555986435 22.99531021678 20.2733146640742 23.3023035776061 20.5383168559539 23.5673057694858 20.84531021678 23.7822648349165 21.1849669086298 23.9406493514697 21.5469666347961 24.0376468857562 21.92031021678 24.07031021678 22.2936537987639 24.0376468857562 22.6556535249302 23.9406493514697 22.99531021678 23.7822648349165 23.3023035776061 23.5673057694858 23.5673057694858 23.3023035776061 23.7822648349165 22.99531021678 23.9406493514697 22.6556535249302 24.0376468857562 22.2936537987639 24.0376468857562 21.5469666347961 23.9406493514697 21.1849669086298 23.7822648349165 20.84531021678 23.5673057694858 20.5383168559539 23.3023035776061 20.2733146640742 22.99531021678 20.0583555986435 22.6556535249302 19.8999710820903 22.2936537987639 19.8029735478038 21.92031021678 19.77031021678 21.5469666347961 19.8029735478038 21.1849669086298 19.8999710820903 20.84531021678 20.0583555986435 20.5383168559539 20.2733146640742 20.2733146640742 20.5383168559539 20.0583555986435 20.84531021678 19.8999710820903 21.1849669086298 19.8029735478038 21.5469666347961 -2.15 31 2.15 31 -2.11733666897625 31.3733435819839 -2.02033913468971 31.7353433081502 -1.86195461813654 32.075 -1.6469955527058 32.3819933608261 -1.38199336082606 32.6469955527058 -1.075 32.8619546181365 -0.735343308150185 33.0203391346897 -0.373343581983903 33.1173366689763 0 33.15 0.373343581983903 33.1173366689763 0.735343308150185 33.0203391346897 1.075 32.8619546181365 1.38199336082606 32.6469955527058 1.6469955527058 32.3819933608261 1.86195461813654 32.075 2.0203391346897 31.7353433081502 2.11733666897625 31.3733435819839 2.11733666897625 30.6266564180161 2.02033913468971 30.2646566918498 1.86195461813654 29.925 1.6469955527058 29.6180066391739 1.38199336082606 29.3530044472942 1.075 29.1380453818635 0.735343308150192 28.9796608653103 0.373343581983903 28.8826633310237 7.105427357601e-15 28.85 -0.373343581983896 28.8826633310237 -0.735343308150185 28.9796608653103 -1.075 29.1380453818634 -1.38199336082606 29.3530044472942 -1.6469955527058 29.6180066391739 -1.86195461813654 29.925 -2.0203391346897 30.2646566918498 -2.11733666897624 30.6266564180161 -24.07031021678 21.92031021678 -19.77031021678 21.92031021678 -24.0376468857562 22.2936537987639 -23.9406493514697 22.6556535249302 -23.7822648349165 22.99531021678 -23.5673057694858 23.3023035776061 -23.3023035776061 23.5673057694858 -22.99531021678 23.7822648349165 -22.6556535249302 23.9406493514697 -22.2936537987639 24.0376468857562 -21.92031021678 24.07031021678 -21.5469666347961 24.0376468857562 -21.1849669086298 23.9406493514697 -20.84531021678 23.7822648349165 -20.5383168559539 23.5673057694858 -20.2733146640742 23.3023035776061 -20.0583555986435 22.99531021678 -19.8999710820903 22.6556535249302 -19.8029735478038 22.2936537987639 -19.8029735478038 21.5469666347961 -19.8999710820903 21.1849669086298 -20.0583555986435 20.84531021678 -20.2733146640742 20.5383168559539 -20.5383168559539 20.2733146640742 -20.84531021678 20.0583555986435 -21.1849669086298 19.8999710820903 -21.5469666347961 19.8029735478038 -21.92031021678 19.77031021678 -22.2936537987639 19.8029735478038 -22.6556535249302 19.8999710820903 -22.99531021678 20.0583555986435 -23.3023035776061 20.2733146640742 -23.5673057694858 20.5383168559539 -23.7822648349165 20.84531021678 -23.9406493514697 21.1849669086298 -24.0376468857562 21.5469666347961 -33.15 0 -28.85 0 -33.1173366689762 0.373343581983903 -33.0203391346897 0.735343308150185 -32.8619546181365 1.075 -32.6469955527058 1.38199336082606 -32.3819933608261 1.6469955527058 -32.075 1.86195461813654 -31.7353433081502 2.0203391346897 -31.3733435819839 2.11733666897624 -31 2.15 -30.6266564180161 2.11733666897624 -30.2646566918498 2.0203391346897 -29.925 1.86195461813654 -29.6180066391739 1.6469955527058 -29.3530044472942 1.38199336082606 -29.1380453818635 1.075 -28.9796608653103 0.735343308150192 -28.8826633310238 0.373343581983903 -28.8826633310238 -0.373343581983896 -28.9796608653103 -0.735343308150185 -29.1380453818635 -1.075 -29.3530044472942 -1.38199336082606 -29.6180066391739 -1.6469955527058 -29.925 -1.86195461813654 -30.2646566918498 -2.0203391346897 -30.6266564180161 -2.11733666897624 -31 -2.15 -31.3733435819839 -2.11733666897625 -31.7353433081502 -2.02033913468971 -32.075 -1.86195461813654 -32.3819933608261 -1.6469955527058 -32.6469955527058 -1.38199336082607 -32.8619546181365 -1.075 -33.0203391346897 -0.735343308150192 -33.1173366689762 -0.37334358198391 -42.5000000000025 0 42.5000000000025 7.105427357601e-15 -41.8543295030213 7.38004755084497 -39.9369363834034 14.5358560913418 -36.8060796608408 21.2500000000012 -32.5568888325585 27.3184734116795 -27.3184734116795 32.5568888325585 -21.2500000000012 36.8060796608408 -14.5358560913418 39.9369363834034 -7.38004755084497 41.8543295030213 0 42.5000000000025 7.38004755084496 41.8543295030213 14.5358560913418 39.9369363834034 21.2500000000012 36.8060796608408 27.3184734116795 32.5568888325585 32.5568888325584 27.3184734116795 36.8060796608408 21.2500000000013 39.9369363834034 14.5358560913418 41.8543295030213 7.38004755084502 41.8543295030213 -7.38004755084496 39.9369363834034 -14.5358560913417 36.8060796608408 -21.2500000000012 32.5568888325585 -27.3184734116795 27.3184734116795 -32.5568888325584 21.2500000000013 -36.8060796608408 14.5358560913418 -39.9369363834034 7.38004755084504 -41.8543295030213 8.5265128291212e-14 -42.5000000000025 -7.38004755084488 -41.8543295030213 -14.5358560913417 -39.9369363834035 -21.2500000000011 -36.8060796608408 -27.3184734116794 -32.5568888325585 -32.5568888325584 -27.3184734116796 -36.8060796608407 -21.2500000000014 -39.9369363834034 -14.5358560913419 -41.8543295030213 -7.38004755084512 8 9 350 8 350 349 155 36 154 218 236 29 156 36 155 235 218 29 284 285 22 68 357 356 141 8 140 142 7 8 142 8 141 69 357 68 286 329 22 286 22 285 70 357 69 139 140 8 139 8 349 283 22 23 283 284 22 67 68 356 287 329 286 71 357 70 282 283 23 66 67 356 143 7 142 72 357 71 138 139 349 288 329 287 65 66 356 281 282 23 37 358 357 37 357 72 144 7 143 64 356 355 334 220 221 137 138 349 64 65 356 334 221 222 334 222 223 334 223 224 136 349 348 39 358 37 136 137 349 253 330 329 334 333 220 253 329 288 63 64 355 280 281 23 344 166 167 344 167 168 344 170 345 40 358 39 344 168 169 109 7 144 344 169 170 30 234 235 62 63 355 135 136 348 30 235 29 255 330 253 61 62 355 35 36 156 279 280 23 41 358 40 35 156 157 111 7 109 134 135 348 256 330 255 112 7 111 278 279 23 257 330 256 213 32 33 213 33 212 214 32 213 133 134 348 113 7 112 211 212 33 210 211 33 277 278 23 215 32 214 276 277 23 209 210 33 258 330 257 216 32 215 114 7 113 132 133 348 181 32 216 259 330 258 275 276 23 208 209 33 115 7 114 183 32 181 207 208 33 326 166 344 326 161 162 326 162 163 326 163 146 326 146 164 326 164 165 326 165 166 335 224 225 335 225 226 335 226 227 335 227 228 335 228 229 15 52 53 335 229 230 15 53 54 15 54 55 15 55 38 15 38 56 15 56 57 15 57 58 335 334 224 16 52 15 16 44 45 16 45 46 184 32 183 16 46 47 16 47 48 16 48 49 16 49 50 16 50 51 16 51 52 17 44 16 206 207 33 17 41 42 185 32 184 17 42 43 17 43 44 17 359 358 185 31 32 17 358 41 14 61 355 205 206 33 14 15 58 205 33 34 14 58 59 14 59 60 14 60 61 18 359 17 186 31 185 204 205 34 13 355 354 13 14 355 187 31 186 203 204 34 188 31 187 105 353 104 202 203 34 320 321 360 103 353 352 103 104 353 319 320 360 106 353 105 322 325 360 322 360 321 107 354 353 107 13 354 107 353 106 102 103 352 323 325 322 318 360 359 318 359 18 318 319 360 324 325 323 108 13 107 317 318 18 336 230 231 336 231 232 101 102 352 336 232 233 336 233 234 336 335 230 24 275 23 289 325 324 343 157 158 343 158 159 343 159 160 343 161 326 343 160 161 24 269 270 24 270 271 24 271 254 24 254 272 24 272 273 100 101 352 24 273 274 24 274 275 337 234 30 6 115 116 6 116 117 337 30 31 6 117 118 337 336 234 6 118 119 6 119 120 6 120 121 6 121 122 99 100 352 6 7 115 342 35 157 331 330 259 342 157 343 331 259 260 331 260 261 331 261 262 331 262 263 291 325 289 338 31 188 347 132 348 338 188 189 338 189 190 347 110 128 338 190 191 347 128 129 347 129 130 347 130 131 292 325 291 347 131 132 338 337 31 341 35 342 341 202 34 25 269 24 341 34 35 25 266 267 25 267 268 25 268 269 98 99 352 341 182 200 5 122 123 341 200 201 5 123 124 341 201 202 5 124 125 339 338 191 5 6 122 339 191 192 19 314 315 339 192 193 339 193 194 332 266 25 19 315 316 339 194 195 332 331 263 19 316 317 332 263 264 332 264 265 332 265 266 340 182 341 340 339 195 19 317 18 340 195 196 346 125 126 340 196 197 346 126 127 12 108 73 340 197 198 346 127 110 340 198 199 346 110 347 340 199 182 346 5 125 12 73 75 12 75 76 26 332 25 12 13 108 293 325 292 293 327 325 4 5 346 77 12 76 97 352 351 97 98 352 313 314 19 294 327 293 333 332 26 345 4 346 312 313 19 78 12 77 96 97 351 295 327 294 177 3 176 79 12 78 249 27 248 247 27 28 311 312 19 247 248 27 178 1 3 178 3 177 95 96 351 250 27 249 296 327 295 80 12 79 175 176 3 174 175 3 310 311 19 179 1 178 94 95 351 246 247 28 93 94 351 251 27 250 297 327 296 173 174 3 180 1 179 245 246 28 252 27 251 145 1 180 172 173 3 217 27 252 244 245 28 147 1 145 219 26 27 219 27 217 243 244 28 171 3 4 171 172 3 148 1 147 220 333 26 220 26 219 242 243 28 170 4 345 170 171 4 149 1 148 241 242 28 2 305 306 2 306 307 2 307 290 2 290 308 2 308 309 2 309 310 2 310 19 11 12 80 11 80 81 11 81 82 11 82 83 11 83 84 11 84 85 11 85 86 328 327 297 29 238 239 350 93 351 29 239 240 29 240 241 29 241 28 20 304 305 36 149 150 36 150 151 20 305 2 36 151 152 20 298 299 20 299 300 20 300 301 36 1 149 20 301 302 20 302 303 20 303 304 153 36 152 10 11 86 10 86 87 10 87 88 10 88 89 10 89 90 10 90 91 237 238 29 10 91 74 10 74 92 21 328 297 21 298 20 21 297 298 9 10 92 154 36 153 9 93 350 9 92 93 236 237 29 22 328 21 22 329 328 
39 37 1 0.0427296337134057
-2.13162820116892e-14 60 32 -2.13162820728e-14 80 32 -1.98467059138232e-14 80 8 -2.08377813200319 80 31.8176930361465 -4.10424171990805 80 31.2763114494309 -6.00000000000002 80 30.3923048454133 -7.71345131623849 80 29.1925333174277 -9.19253331742776 80 27.7134513162385 -10.3923048454133 80 26 -11.2763114494309 80 24.104241719908 -11.8176930361465 80 22.0837781320032 -12 80 20 -11.8176930361465 80 17.9162218679968 -11.2763114494309 80 15.895758280092 -10.3923048454133 80 14 -9.19253331742776 80 12.2865486837615 -7.7134513162385 80 10.8074666825723 -6.00000000000003 80 9.60769515458674 -4.10424171990806 80 8.7236885505691 -2.0837781320032 80 8.18230696385351 -1.98467059749369e-14 60 8 -2.01626960570733 59.9661103855473 31.8293918371514 -3.96145565384671 59.8690827103552 31.3273629767318 -5.80423097690097 59.718597799783 30.5029019161647 -7.47012322278028 59.5331611311637 29.3913427722795 -8.93583399607946 59.3308723957675 28.0095629523882 -10.1424188147375 59.1365487510142 26.4133825591054 -11.0734104509133 58.9693104994644 24.6238048413688 -11.688985604889 58.8503906082173 22.7145098536394 -11.9790186572776 58.7920344775974 20.7094206855046 -11.9277644750916 58.8024801249679 18.6840116262982 -11.5408322522034 58.8796167766683 16.7122547514262 -10.8262341538278 59.0152022781636 14.8236395393236 -9.81363769668415 59.1919961805116 13.0940533647223 -8.52087823317878 59.3918734856253 11.5504649442814 -6.99794016933437 59.5905145419154 10.2516693041012 -5.26767735121563 59.768315998163 9.21798911652153 -3.39830876584181 59.903684277553 8.49124687106382 -1.71050374788185 59.9756137673895 8.12244647037405 6.28318530717959 -20 6.28318530717959 0 3.14159265358979 0 6.10865238198015 0 5.93411945678072 0 5.75958653158129 0 5.58505360638185 0 5.41052068118242 0 5.23598775598299 0 5.06145483078356 0 4.88692190558412 0 4.71238898038469 0 4.53785605518526 0 4.36332312998582 0 4.18879020478639 0 4.01425727958696 0 3.83972435438753 0 3.66519142918809 0 3.49065850398866 0 3.31612557878923 0 3.14159265358979 -20 6.1143617974581 -20.0338896658117 5.94675604896269 -20.130917218974 5.77832280339976 -20.281403257595 5.61124065097244 -20.4668371874014 5.44317959166247 -20.6691273440378 5.2762437767112 -20.8634513156743 5.10793995839919 -21.0306899448708 4.94057248336428 -21.1496093759892 4.7715416461808 -21.2079655485137 4.60250353121387 -21.19751987454 4.43486193583291 -21.1203838484877 4.2663891985626 -20.9847978734961 4.09917822244999 -20.8080041122866 3.93119472070044 -20.608126495538 3.7642052598289 -20.4094855675975 3.59604792644438 -20.2316841407694 3.42871386910745 -20.0963157043695 3.28462074685956 -20.0243862369109 3 21 39 20 39 38 20 3 39 19 38 37 19 20 38 18 37 36 18 19 37 17 36 35 17 18 36 16 35 34 16 17 35 15 34 33 15 16 34 14 33 32 14 15 33 13 32 31 13 14 32 12 31 30 12 13 31 11 30 29 11 12 30 10 29 28 10 11 29 9 28 27 9 10 28 8 27 26 8 9 27 7 8 26 7 26 25 6 7 25 6 25 24 5 6 24 5 24 23 4 5 23 4 23 22 2 4 22 2 22 1 
39 37 1 0.0427296325994246
-1.98467059138232e-14 80 8 -2.13162820728e-14 80 32 2.08377813200314 80 8.1823069638535 4.104241719908 80 8.7236885505691 5.99999999999997 80 9.60769515458673 7.71345131623844 80 10.8074666825723 9.19253331742771 80 12.2865486837615 10.3923048454132 80 14 11.2763114494309 80 15.895758280092 11.8176930361465 80 17.9162218679968 12 80 20 11.8176930361465 80 22.0837781320031 11.2763114494309 80 24.104241719908 10.3923048454133 80 26 9.19253331742774 80 27.7134513162384 7.71345131623848 80 29.1925333174277 6.00000000000001 80 30.3923048454132 4.10424171990804 80 31.2763114494309 2.08377813200319 80 31.8176930361465 -2.13162820116892e-14 60 32 -1.98467059749369e-14 60 8 2.01626957184647 59.966110386625 8.1706081577476 3.96145558816713 59.8690827146239 8.67263700758503 5.80423088846208 59.7185978084505 9.49709803407373 7.4701231165087 59.5331611444402 10.6086571447453 8.93583389102597 59.3308724131224 11.9904369162177 10.142418707891 59.1365487694939 13.5866172688505 11.0734103711864 58.9693105144416 15.3761949616686 11.6889855252407 58.8503906205533 17.2854898884023 11.9790186433575 58.7920344806943 19.2905773191687 11.9277626368757 58.8024804972979 21.3160050169968 11.5408204449232 58.8796190902787 23.2877866828416 10.826204445549 59.0152077322074 25.176422664323 9.81358266443847 59.1920053040739 26.9060248191189 8.5207931051134 59.3918856986845 28.4496208988271 6.99782008121404 59.5905286403848 29.748416858077 5.2675216496665 59.768329720778 30.7820869555016 3.39811610984105 59.9036952026757 31.5088099962766 1.7104046017666 59.9756165950946 31.8775678291683 3.14159265358979 0 0 0 2.96705972839036 0 2.79252680319093 0 2.61799387799149 0 2.44346095279206 0 2.26892802759263 0 2.0943951023932 0 1.91986217719376 0 1.74532925199433 0 1.5707963267949 0 1.39626340159547 0 1.22173047639603 0 1.0471975511966 0 0.872664625997167 0 0.698131700797735 0 0.523598775598302 0 0.349065850398869 0 0.174532925199436 0 0 -20 3.14159265358979 -20 2.97276914673312 -20.0338896647249 2.80516340098453 -20.130917214697 2.63673015880822 -20.281403248485 2.46964800851488 -20.4668371742487 2.3015869520915 -20.6691273266569 2.13465114000454 -20.863451297202 1.96634732130047 -21.0306899311599 1.79897985281126 -21.1496093635287 1.62994915880624 -21.2079655453395 1.46090948224686 -21.1975195022228 1.29326569192834 -21.120381534795 1.12479080033413 -20.9847924193174 0.957577601074143 -20.807994988373 0.789591992398619 -20.6081142824514 0.62260028996722 -20.4094714694957 0.454440832669733 -20.2316704190306 0.287104476548116 -20.0963047795676 0.143019745708405 -20.0243834091255 2 20 39 19 39 38 19 2 39 18 38 37 18 19 38 17 37 36 17 18 37 16 36 35 16 17 36 15 35 34 15 16 35 14 34 33 14 15 34 13 33 32 13 14 33 12 32 31 12 13 32 11 31 30 11 12 31 10 30 29 10 11 30 9 29 28 9 10 29 8 28 27 8 9 28 7 27 26 7 8 27 6 7 26 6 26 25 5 6 25 5 25 24 4 5 24 4 24 23 3 4 23 3 23 22 1 3 22 1 22 21 
61 61 1 2.98444139332506e-13
-2.13162820728e-14 80 32 -1.98467059138232e-14 80 8 -2.08377813200319 80 31.8176930361465 -4.10424171990805 80 31.2763114494309 -6.00000000000002 80 30.3923048454133 -7.71345131623849 80 29.1925333174277 -9.19253331742776 80 27.7134513162385 -10.3923048454133 80 26 -11.2763114494309 80 24.104241719908 -11.8176930361465 80 22.0837781320032 -12 80 20 -11.8176930361465 80 17.9162218679968 -11.2763114494309 80 15.895758280092 -10.3923048454133 80 14 -9.19253331742776 80 12.2865486837615 -7.7134513162385 80 10.8074666825723 -6.00000000000003 80 9.60769515458674 -4.10424171990806 80 8.7236885505691 -2.0837781320032 80 8.18230696385351 2.08377813200314 80 8.1823069638535 4.104241719908 80 8.7236885505691 5.99999999999997 80 9.60769515458673 7.71345131623844 80 10.8074666825723 9.19253331742771 80 12.2865486837615 10.3923048454132 80 14 11.2763114494309 80 15.895758280092 11.8176930361465 80 17.9162218679968 12 80 20 11.8176930361465 80 22.0837781320031 11.2763114494309 80 24.104241719908 10.3923048454133 80 26 9.19253331742774 80 27.7134513162384 7.71345131623848 80 29.1925333174277 6.00000000000001 80 30.3923048454132 4.10424171990804 80 31.2763114494309 2.08377813200319 80 31.8176930361465 -20 80.0000000000004 20.0000000000002 -2.13162820728e-14 80 40 -19.6961550602442 80 23.4729635533388 -18.7938524157181 80 26.8404028665135 -17.3205080756887 80 30.0000000000001 -15.3208888623795 80 32.8557521937309 -12.8557521937307 80 35.3208888623796 -9.99999999999995 80 37.3205080756888 -6.84040286651334 80 38.7938524157182 -3.47296355333859 80 39.6961550602442 20 80.0000000000001 20.0000000000001 3.47296355333858 80 39.6961550602442 6.84040286651334 80 38.7938524157182 9.99999999999995 80 37.3205080756888 12.8557521937307 80 35.3208888623796 15.3208888623795 80 32.8557521937308 17.3205080756887 80 30 18.7938524157181 80 26.8404028665134 19.6961550602441 80 23.4729635533387 62.4999999999992 79.9999999999994 19.9999999999989 70 80 20 70 80 0 -70 80 0 -70 80 20 -62.4999999999993 79.9999999999995 19.9999999999991 32 -80 8 -80 31.8176930361465 -82.0837781320032 31.2763114494309 -84.104241719908 30.3923048454133 -86 29.1925333174277 -87.7134513162385 27.7134513162385 -89.1925333174277 26 -90.3923048454133 24.104241719908 -91.2763114494309 22.0837781320032 -91.8176930361465 20 -92 17.9162218679968 -91.8176930361465 15.895758280092 -91.2763114494309 14 -90.3923048454133 12.2865486837615 -89.1925333174278 10.8074666825723 -87.7134513162385 9.60769515458674 -86 8.7236885505691 -84.104241719908 8.18230696385351 -82.0837781320032 8.1823069638535 -77.9162218679969 8.7236885505691 -75.895758280092 9.60769515458673 -74 10.8074666825723 -72.2865486837616 12.2865486837615 -70.8074666825723 14 -69.6076951545868 15.895758280092 -68.7236885505691 17.9162218679968 -68.1823069638535 20 -68 22.0837781320031 -68.1823069638535 24.104241719908 -68.7236885505691 26 -69.6076951545867 27.7134513162384 -70.8074666825723 29.1925333174277 -72.2865486837615 30.3923048454132 -74 31.2763114494309 -75.895758280092 31.8176930361465 -77.9162218679968 20.0000000000002 -100 40 -80 23.4729635533388 -99.6961550602441 26.8404028665135 -98.7938524157181 30.0000000000001 -97.3205080756887 32.8557521937309 -95.3208888623795 35.3208888623796 -92.8557521937307 37.3205080756888 -89.9999999999999 38.7938524157182 -86.8404028665133 39.6961550602442 -83.4729635533386 20.0000000000001 -60 39.6961550602442 -76.5270364466614 38.7938524157182 -73.1595971334867 37.3205080756888 -70 35.3208888623796 -67.1442478062692 32.8557521937308 -64.6791111376205 30 -62.6794919243113 26.8404028665134 -61.2061475842819 23.4729635533387 -60.3038449397559 19.9999999999989 -17.5000000000008 20 -10 0 -10 0 -150 20 -150 19.9999999999991 -142.499999999999 45 3 4 45 4 44 61 59 60 37 59 61 15 59 37 16 59 15 17 59 16 14 15 37 46 1 3 46 3 45 13 14 37 18 59 17 19 59 18 12 13 37 38 1 46 11 12 37 47 24 25 47 25 26 47 26 27 47 27 28 47 28 29 10 37 39 10 11 37 48 36 1 48 1 38 55 47 29 55 29 30 9 39 40 9 10 39 49 35 36 49 36 48 54 30 31 8 9 40 54 55 30 8 40 41 50 34 35 50 35 49 53 54 31 53 31 32 7 8 41 51 33 34 51 34 50 7 41 42 52 33 51 52 32 33 52 53 32 58 20 21 6 7 42 58 21 22 58 22 23 43 6 42 58 23 24 58 24 47 5 6 43 56 58 47 57 58 56 58 59 2 2 59 19 58 2 20 44 4 5 44 5 43 
21 19 1 0.085480108225455
1.9640044375567e-11 70.3333333333044 40 -20 80.0000000000004 20.0000000000002 -3.09598208847222 70.4370270265517 39.7589050279259 -6.12163259990493 70.7495065233947 39.0404069163004 -8.96059014363067 71.2641264429909 37.8803566546771 -11.570015793472 71.9766261723286 36.313636647603 -13.8667999708075 72.8642639901744 34.4123597503874 -15.8334047377868 73.9134047840576 32.2193854308469 -17.4240822572961 75.0857596792361 29.8184462805536 -18.6443115942517 76.365226010416 27.238070866988 -19.4731911544156 77.705951592749 24.5605937882766 -19.8674598336339 78.8435430567872 22.2986438279432 -2.13162820728e-14 80 40 -19.6961550602442 80 23.4729635533388 -18.7938524157181 80 26.8404028665135 -17.3205080756887 80 30.0000000000001 -15.3208888623795 80 32.8557521937309 -12.8557521937307 80 35.3208888623796 -9.99999999999995 80 37.3205080756888 -6.84040286651334 80 38.7938524157182 -3.47296355333859 80 39.6961550602442 6.28318530717959 -9.66666666669562 4.7123889803847 4.12114786740858e-13 6.12776116492384 -9.56297313906099 5.97211556987991 -9.25049355053827 5.81862452744634 -8.73587197505584 5.66629584805223 -8.02337406580644 5.51707670434865 -7.13573612151074 5.36966364349461 -6.08659533998192 5.22553668016563 -4.91423997959316 5.08269812659196 -3.63477531946634 4.9424413659907 -2.29404877539434 4.8275758947169 -1.15645831660244 6.28318530717959 0 4.88692190558413 0 5.06145483078356 0 5.235987755983 0 5.41052068118243 0 5.58505360638186 0 5.75958653158129 0 5.93411945678072 0 6.10865238198016 0 14 12 11 14 2 12 15 11 10 15 14 11 16 10 9 16 15 10 17 8 7 17 9 8 17 16 9 18 7 6 18 17 7 19 6 5 19 18 6 20 5 4 20 19 5 21 4 3 21 20 4 13 3 1 13 21 3 
187 323 1 0.36234484827842
20 80.0000000000001 20.0000000000001 62.4999999999992 79.9999999999994 19.9999999999989 1.9640044375567e-11 70.3333333333044 40 19.6797783770293 78.2065666071697 23.5646130814613 18.7213670998236 76.4658369462571 27.0364000420443 17.1282721325904 74.8362781859661 30.3258640087034 15.170703464973 73.5214727979629 33.0328097955634 12.9852756987087 72.4883710274383 35.2115684519984 10.4687358139311 71.6433699781636 37.0413069593715 7.62395810281535 70.9922437307836 38.4899141823925 4.57203134371936 70.561882570987 39.47044339704 2.3046666036833 70.3905641658942 39.8667643585365 -20 80.0000000000004 20.0000000000002 -3.09598208847222 70.4370270265517 39.7589050279259 -6.12163259990493 70.7495065233947 39.0404069163004 -8.96059014363067 71.2641264429909 37.8803566546771 -11.570015793472 71.9766261723286 36.313636647603 -13.8667999708075 72.8642639901744 34.4123597503874 -15.8334047377868 73.9134047840576 32.2193854308469 -17.4240822572961 75.0857596792361 29.8184462805536 -18.6443115942517 76.365226010416 27.238070866988 -19.4731911544156 77.705951592749 24.5605937882766 -19.8674598336339 78.8435430567872 22.2986438279432 -62.4999999999993 79.9999999999995 19.9999999999991 -57.5000000000001 70 34.8719700457218 -60.8590113367959 78.5260467433586 22.2565362959045 -59.6049535290446 76.9420919428427 24.6808570533958 -58.6727068853991 75.2860600352167 27.1932480596844 -57.8658858144294 73.0024230039179 30.5891021143318 -57.5932679834227 71.524164204961 32.7281485553315 -58.0477434525198 66.3402782314476 39.6927222732582 -57.6387483900978 68.1427196240173 37.3828870066593 -33.5837350012931 38.3814114300554 80 33.5837350012909 38.381411430051 80 -26.7629197204981 43.4136609589312 80.0000000000001 -18.9951873236146 47.3305423467265 80.0000000000001 -10.524510429188 49.9021901475667 80.0000000000001 -2.54916207604583 50.9360561046678 80.0000000000001 4.70370389728783 50.7823110671562 80.0000000000001 11.8378504958839 49.6069148039037 80.0000000000001 18.6768856631321 47.4570659572821 80.0000000000001 25.0605694311634 44.4179761385309 80.0000000000001 29.5155273163904 41.590996274094 80.0000000000001 58.0477434525192 66.3402782314495 39.6927222732549 57.5214257127066 69.267168925786 35.8770619052347 57.6724342366264 72.0690695247034 31.9458933121228 58.4396316686318 74.7549132193635 27.9913306076931 59.845572055621 77.2896593546459 24.1500362058001 61.0127829100977 78.6879710513216 22.0082677179406 47.9982524716661 78.636825054158 22.2986465601028 56.471473226274 73.0843899455436 30.5891012234584 47.2622792086586 77.5388868775633 24.150039017489 57.0788406537006 71.3474936570488 33.0327612301409 55.6172028130797 72.0196792746303 32.2193737488354 47.0512661415612 77.2240937814394 24.6808572149295 55.1909839760903 71.4884660465026 33.0327612301409 56.0743535540698 70.1264349986568 34.8719700457218 55.5254238747297 69.4591538179896 35.8770564283616 46.0347108231564 75.7075782382848 27.2380735481967 54.2272299715421 70.2873016880872 34.8719700457218 54.8895650202961 68.6862011737926 37.0413095192866 53.7005600154284 69.6308922963269 35.8770564283616 54.4313198457122 68.1291564508712 37.8803532114374 53.0904859612041 68.8705331108189 37.0413095192866 45.0089507656753 74.1773308994995 29.8184450493952 53.7977532183908 67.3589902473994 39.0404092506395 52.650823149972 68.3225641310995 37.8803532114374 44.7025963042972 73.7203057932577 30.5891012234584 53.4053444465974 66.8819765270606 39.7589069522614 52.0429483704417 67.5649459877707 39.0404092506395 51.6664522209395 67.0957040922989 39.7589069522614 44.0545235602898 72.7534991949464 32.2193737488354 43.7311823711661 72.2711329821391 33.0327612301409 43.0000524003408 71.1804201161019 34.8719700457218 42.6005062632241 70.5843699886031 35.8770564283616 42.1376875113836 69.893928634235 37.0413095192866 41.8041473581577 69.3963474229862 37.8803532114374 21.5489841769897 78.8356173210517 22.2986465601028 41.3429970358493 68.7083950618607 39.0404092506395 41.0573768283043 68.2823016891353 39.7589069522614 21.2373949580536 77.8977918429058 24.150039017489 21.1480582931678 77.628905131265 24.6808572149295 20.7176789661083 76.3335435665676 27.2380735481967 20.2834026259323 75.0264527186758 29.8184450493952 20.1537012466346 74.6360757394225 30.5891012234584 18.3002198878407 75.0685036829642 29.8184450493952 18.1835688175592 74.681427311403 30.5891012234584 19.8793264965332 73.8102588768119 32.2193737488354 19.742433441265 73.3982362931993 33.0327612301409 17.9368011391363 73.8625926676061 32.2193737488354 17.8136820058039 73.4540537036254 33.0327612301409 19.4328947283787 72.46658245611 34.8719700457218 19.2637387616465 71.9574545218266 35.8770564283616 17.5352884964422 72.5302769289258 34.8719700457218 19.0677950492275 71.3677004654549 37.0413095192866 17.3831526851605 72.0254536326345 35.8770564283616 18.9265840554983 70.9426816918085 37.8803532114374 14.934582537082 72.6072180208847 34.8719700457218 17.2069244608164 71.4406859019899 37.0413095192866 14.8055259884447 72.1075946035304 35.8770564283616 18.7313467065858 70.3550536579467 39.0404092506395 17.0799218518757 71.0192606297745 37.8803532114374 18.6104235944912 69.9910976269701 39.7589069522614 14.656031886992 71.5288502110083 37.0413095192866 16.9043289180697 70.4366009462809 39.0404092506395 14.5482957909357 71.1117657852091 37.8803532114374 16.7955728622438 70.0757221358867 39.7589069522614 14.3993406053605 70.5351077261214 39.0404092506395 14.3070830291195 70.1779461097212 39.7589069522614 10.3921775419322 71.2319211147193 37.8803532114374 10.2863385257994 70.6630585904285 39.0404092506395 10.2207855807143 70.3107252527021 39.7589069522614 7.32933858905637 70.3781733835968 39.7589069522614 -17.9870138334656 75.074771797613 29.8184450493952 -17.8724094867462 74.6881874144704 30.5891012234584 -15.7250588382183 73.5082225972444 33.0327612301409 -35.3425330741306 78.7484077257492 22.2986465601028 -17.6299715176058 73.8703935398629 32.2193737488354 -6.08276179516584 70.4004398881885 39.7589069522614 -17.5090125944672 73.4623738440515 33.0327612301409 -11.4970199811712 71.6187420451737 37.0413095192866 -15.4800719341356 72.5920902430103 34.8719700457218 -34.8180158693076 77.7403412676463 24.150039017489 -11.4128529437551 71.2060835219935 37.8803532114374 -34.6676299929474 77.4513155572651 24.6808572149295 -15.3461920836626 72.0914444511155 35.8770564283616 -17.2355036914257 72.5397712238802 34.8719700457218 -11.2964841765862 70.6355446854326 39.0404092506395 -15.1911108563989 71.5115157795707 37.0413095192866 -17.0860372079851 72.035589576714 35.8770564283616 -11.224409475946 70.2821730991453 39.7589069522614 -15.0793482795839 71.0935778779668 37.8803532114374 -16.9129010295023 71.4515651075345 37.0413095192866 -33.9431461278966 76.0589343787662 27.2380735481967 -14.9248261093991 70.5157398091002 39.0404092506395 -16.788126769016 71.0306754824638 37.8803532114374 -14.829120539689 70.1578473363574 39.7589069522614 -16.6156147344601 70.4487563810292 39.0404092506395 -33.2121021821281 74.6539454206307 29.8184450493952 -16.5087668787171 70.088336260982 39.7589069522614 -32.9937679112465 74.2343300999009 30.5891012234584 -32.5318960997356 73.3466614460492 32.2193737488354 -32.3014556404855 72.9037793147789 33.0327612301409 -31.7803901780085 71.9023467395098 34.8719700457218 -31.4956395850563 71.3550862892509 35.8770564283616 -31.1657955400932 70.7211610050564 37.0413095192866 -30.9280864307277 70.2643092988903 37.8803532114374 -30.5994314506921 69.6326692714213 39.0404092506395 -30.3958741743172 69.2414537674694 39.7589069522614 -59.5881163515517 76.9425005370708 24.6808572149295 -58.2475537773306 75.2721467521667 27.2380735481967 -56.8948526323031 73.5866681919782 29.8184450493952 -56.4908536389048 73.0832815834775 30.5891012234584 -55.6362202999612 72.0184002718093 32.2193737488354 -55.2098203894049 71.4871019063494 33.0327612301409 -56.9857455002374 71.9250912811822 32.2193737488354 -56.5466193214796 71.3875817655906 33.0327612301409 -54.2456569464181 70.285745037801 34.8719700457218 -55.553679600023 70.1721804196687 34.8719700457218 -53.7187632413772 69.629230443569 35.8770564283616 -55.0110603039629 69.5079908334295 35.8770564283616 -53.1084300050722 68.8687493955975 37.0413095192866 -52.6685804087744 68.3206925931081 37.8803532114374 -54.38251115282 68.7386193723335 37.0413095192866 -53.9295338710038 68.1841555049965 37.8803532114374 -52.0604473814969 67.5629530266215 39.0404092506395 -56.2775093301877 68.5413233977106 37.0413095192866 -51.6837912824693 67.0936359259381 39.7589069522614 -53.3032505959993 67.4175575747088 39.0404092506395 -55.8046819568243 67.9771454915078 37.8803532114374 -52.9153528751577 66.9427539166385 39.7589069522614 -55.1509540817428 67.1971169978815 39.0404092506395 -54.7460581458056 66.7139949236621 39.7589069522614 36.3147179808335 55.445173511534 59.8794534761311 28.6985694081539 57.4294194802445 59.8794534761309 19.7718004237235 59.1624243462986 59.8794534761309 3.00609708486281 60.6302830664137 60 -19.1450710779479 59.2600125288138 59.8794534761303 -30.1486523417322 57.087383400986 59.8794534761302 -38.3313566581774 54.8423474068044 59.8794534761302 35.8395682917985 47.3909321216451 69.9397267380661 8.13167669850118 55.4151089094197 70.0000000000001 -10.0100454101444 55.229844665603 69.939726738065 -36.6579415558022 46.9798889833518 69.9397267380644 32.844943064547 52.7746584426949 64.9095901070985 13.9494437045091 51.8676923890475 75.0000000000003 -33.9666638922028 52.3844317882805 64.9095901070973 0.35445405227538 2.70882954230281e-15 0.0515693987898534 -2.0663278549648e-14 0.500001249550891 0.333333333333333 0.352772407849514 0.05941021845695 0.356003770043977 0.117276109445338 0.364650772204661 0.172097712520185 0.377364966725706 0.217212687169016 0.393063174894018 0.253525936598044 0.412416291755146 0.284021825321444 0.435408732401078 0.308165932081379 0.460931948401493 0.324507381270813 0.480238877088404 0.331112776802877 0.645542263550467 7.20761854320077e-15 0.526523908180788 0.329315115871024 0.552114843272982 0.317340154177325 0.575514489259175 0.29800588685729 0.596188903936574 0.271893951372444 0.613415415947694 0.240205879276866 0.62711257560728 0.203656229147257 0.637105125110267 0.163640750823254 0.643635209551301 0.120634559136611 0.64683018263097 0.0760098994428398 0.647162103112616 0.0383107760017135 0.948426589640384 -1.6688605406383e-14 0.971790049205438 0.247866167428697 0.945249330705303 0.0376089500268393 0.945371968629594 0.078014286915492 0.948254099901874 0.119887467661407 0.955925772001959 0.176485020390973 0.96293865674192 0.212135810663396 0.999999999999995 0.328212037887663 0.984832424847568 0.289714782366606 0.999999999999892 0.999999999999976 2.45807768589973e-14 1.00000000000002 0.880510245197664 0.999999999999981 0.761020490395429 0.999999999999986 0.641530735593194 0.999999999999991 0.533989956271182 0.999999999999996 0.437203254881372 1 0.340416553491561 1 0.243629852101751 1.00000000000001 0.14684315071194 1.00000000000001 0.0734215753559823 1.00000000000001 2.69516135367851e-14 0.328212037887575 0.0233629041339466 0.264617607139361 0.0398227358971 0.199098269268047 0.0503176328350009 0.133188824629826 0.0548982654655275 0.0691673169581497 0.0545800608651063 0.0334710811707663 0.14684315071194 0.0383107760017135 0.0548982654655275 0.176485020390973 0.14684315071194 0.0691673169581497 0.0398227358971 0.217212687169016 0.0548982654655275 0.203656229147257 0.14684315071194 0.078014286915492 0.0548982654655275 0.217212687169016 0.0398227358971 0.247866167428697 0.0398227358971 0.264617607139361 0.14684315071194 0.120634559136611 0.0548982654655275 0.247866167428697 0.0398227358971 0.284021825321444 0.0548982654655275 0.264617607139361 0.0398227358971 0.29800588685729 0.0548982654655275 0.284021825321444 0.14684315071194 0.163640750823254 0.0398227358971 0.317340154177325 0.0548982654655275 0.29800588685729 0.14684315071194 0.176485020390973 0.0398227358971 0.329315115871024 0.0548982654655275 0.317340154177325 0.0548982654655275 0.329315115871024 0.14684315071194 0.203656229147257 0.14684315071194 0.217212687169016 0.14684315071194 0.247866167428697 0.14684315071194 0.264617607139361 0.14684315071194 0.284021825321444 0.14684315071194 0.29800588685729 0.340416553491561 0.0383107760017135 0.14684315071194 0.317340154177325 0.14684315071194 0.329315115871024 0.340416553491561 0.0691673169581497 0.340416553491561 0.078014286915492 0.340416553491561 0.120634559136611 0.340416553491561 0.163640750823254 0.340416553491561 0.176485020390973 0.356003770043977 0.163640750823254 0.356003770043977 0.176485020390973 0.340416553491561 0.203656229147257 0.340416553491561 0.217212687169016 0.356003770043977 0.203656229147257 0.356003770043977 0.217212687169016 0.340416553491561 0.247866167428697 0.340416553491561 0.264617607139361 0.356003770043977 0.247866167428697 0.340416553491561 0.284021825321444 0.356003770043977 0.264617607139361 0.340416553491561 0.29800588685729 0.377364966725706 0.247866167428697 0.356003770043977 0.284021825321444 0.377364966725706 0.264617607139361 0.340416553491561 0.317340154177325 0.356003770043977 0.29800588685729 0.340416553491561 0.329315115871024 0.377364966725706 0.284021825321444 0.356003770043977 0.317340154177325 0.377364966725706 0.29800588685729 0.356003770043977 0.329315115871024 0.377364966725706 0.317340154177325 0.377364966725706 0.329315115871024 0.412416291755146 0.29800588685729 0.412416291755146 0.317340154177325 0.412416291755146 0.329315115871024 0.437203254881372 0.329315115871024 0.641530735593194 0.163640750823254 0.641530735593194 0.176485020390973 0.62711257560728 0.217212687169016 0.761020490395429 0.0383107760017135 0.641530735593194 0.203656229147257 0.552114843272982 0.329315115871024 0.641530735593194 0.217212687169016 0.596188903936574 0.284021825321444 0.62711257560728 0.247866167428697 0.761020490395429 0.0691673169581497 0.596188903936574 0.29800588685729 0.761020490395429 0.078014286915492 0.62711257560728 0.264617607139361 0.641530735593194 0.247866167428697 0.596188903936574 0.317340154177325 0.62711257560728 0.284021825321444 0.641530735593194 0.264617607139361 0.596188903936574 0.329315115871024 0.62711257560728 0.29800588685729 0.641530735593194 0.284021825321444 0.761020490395429 0.120634559136611 0.62711257560728 0.317340154177325 0.641530735593194 0.29800588685729 0.62711257560728 0.329315115871024 0.641530735593194 0.317340154177325 0.761020490395429 0.163640750823254 0.641530735593194 0.329315115871024 0.761020490395429 0.176485020390973 0.761020490395429 0.203656229147257 0.761020490395429 0.217212687169016 0.761020490395429 0.247866167428697 0.761020490395429 0.264617607139361 0.761020490395429 0.284021825321444 0.761020490395429 0.29800588685729 0.761020490395429 0.317340154177325 0.761020490395429 0.329315115871024 0.945249330705303 0.078014286915492 0.945249330705303 0.120634559136611 0.945249330705303 0.163640750823254 0.945249330705303 0.176485020390973 0.945249330705303 0.203656229147257 0.945249330705303 0.217212687169016 0.955925772001959 0.203656229147257 0.955925772001959 0.217212687169016 0.945249330705303 0.247866167428697 0.955925772001959 0.247866167428697 0.945249330705303 0.264617607139361 0.955925772001959 0.264617607139361 0.945249330705303 0.284021825321444 0.945249330705303 0.29800588685729 0.955925772001959 0.284021825321444 0.955925772001959 0.29800588685729 0.945249330705303 0.317340154177325 0.971790049205438 0.284021825321444 0.945249330705303 0.329315115871024 0.955925772001959 0.317340154177325 0.971790049205438 0.29800588685729 0.955925772001959 0.329315115871024 0.971790049205438 0.317340154177325 0.971790049205438 0.329315115871024 0.110132363033961 0.664657557935519 0.195236501406845 0.664657557935516 0.292023202796656 0.664657557935516 0.468602252216132 0.666666666666667 0.701275612994311 0.664657557935505 0.820765367796546 0.664657557935503 0.912879787951483 0.664657557935503 0.0550661815169929 0.832328778967768 0.404509402853846 0.833333333333335 0.617632784632747 0.83232877896775 0.956439893975688 0.832328778967739 0.125151341461919 0.748493168451642 0.324069627477798 0.916666666666671 0.888602630886117 0.748493168451621 122 18 116 123 23 117 123 22 23 123 117 26 124 16 121 125 22 123 126 17 18 126 18 122 127 122 116 127 116 120 128 16 124 129 17 126 129 121 17 130 126 122 130 122 127 130 129 126 131 119 16 131 16 128 132 121 129 132 124 121 133 129 130 134 21 22 134 22 125 135 128 124 135 124 132 136 132 129 136 129 133 137 131 128 137 128 135 138 135 132 138 132 136 139 114 21 139 21 134 140 135 138 140 137 135 141 114 139 141 115 114 141 118 115 142 118 141 143 120 118 143 118 142 144 127 120 144 120 143 145 130 127 145 127 144 146 133 130 146 130 145 147 133 146 147 136 133 148 138 136 148 140 138 148 136 147 149 140 148 150 125 123 150 26 27 150 27 28 150 123 26 150 134 125 151 134 150 151 150 28 152 151 28 152 28 29 152 139 134 152 134 151 153 139 152 153 141 139 153 152 29 154 141 153 154 142 141 154 143 142 155 144 143 155 143 154 156 29 30 156 154 153 156 153 29 157 155 154 157 154 156 157 30 25 157 156 30 158 144 155 159 155 157 159 157 25 159 158 155 160 144 158 160 145 144 161 160 158 161 159 25 161 158 159 162 145 160 50 2 1 162 146 145 50 48 49 163 146 162 50 49 2 163 147 146 51 46 47 164 160 161 164 162 160 165 163 162 52 48 50 165 162 164 53 45 46 166 147 163 166 148 147 54 53 46 167 164 161 167 161 25 167 25 32 54 46 51 55 48 52 168 148 166 168 149 148 56 53 54 169 166 163 169 163 165 170 164 167 57 45 53 170 165 164 170 167 32 171 166 169 171 168 166 58 45 57 172 32 31 172 169 165 172 170 32 59 48 55 172 165 170 59 47 48 173 171 169 173 172 31 173 169 172 60 53 56 174 44 69 60 57 53 174 69 71 174 71 80 61 45 58 175 174 80 62 58 57 62 57 60 176 103 107 176 80 103 63 44 45 176 107 109 63 45 61 176 175 80 177 12 3 177 3 14 64 58 62 177 119 131 64 61 58 177 14 119 65 47 59 177 113 12 177 176 109 177 109 112 177 112 113 65 51 47 178 131 137 178 137 140 66 44 63 178 177 131 178 140 149 67 61 64 179 36 178 67 63 61 179 178 149 179 149 168 180 179 168 180 168 171 180 173 31 68 51 65 180 171 173 181 42 43 181 43 34 181 34 44 181 44 174 69 44 66 182 38 39 182 176 177 183 178 36 183 36 37 183 37 38 183 38 182 183 182 177 70 63 67 183 177 178 70 66 63 184 31 33 184 33 35 184 180 31 185 42 181 185 41 42 185 174 175 71 69 66 71 66 70 185 181 174 186 39 40 186 40 41 186 182 39 186 175 176 186 176 182 186 41 185 72 51 68 186 185 175 72 56 54 187 35 36 187 36 179 187 179 180 187 184 35 187 180 184 72 54 51 73 56 72 74 56 73 74 60 56 75 64 62 75 62 60 75 60 74 76 64 75 77 64 76 77 67 64 78 1 4 78 50 1 79 70 67 79 67 77 80 71 70 80 70 79 81 52 50 81 78 4 81 50 78 82 4 5 82 55 52 82 81 4 82 52 81 83 55 82 83 59 55 83 82 5 84 59 83 84 65 59 85 68 65 85 65 84 86 5 6 86 84 83 86 83 5 87 84 86 87 85 84 87 86 6 88 72 68 88 68 85 89 72 88 89 73 72 90 6 7 90 87 6 90 85 87 90 88 85 91 88 90 91 90 7 91 89 88 92 73 89 92 75 74 92 74 73 93 75 92 93 76 75 94 92 89 94 89 91 95 76 93 96 93 92 96 92 94 97 77 76 97 76 95 98 7 8 98 91 7 98 94 91 99 95 93 99 93 96 100 98 8 100 96 94 100 94 98 101 77 97 101 79 77 102 97 95 102 95 99 103 79 101 103 80 79 104 8 9 104 100 8 104 99 96 104 96 100 105 97 102 105 101 97 106 99 104 106 102 99 107 103 101 107 101 105 108 105 102 108 102 106 109 107 105 109 105 108 110 9 10 110 104 9 110 106 104 111 110 10 111 108 106 111 106 110 112 109 108 112 108 111 113 10 11 113 11 12 113 112 111 113 111 10 114 20 21 115 19 20 115 20 114 116 18 19 117 23 13 117 13 24 117 24 26 118 19 115 119 14 15 119 15 16 120 116 19 120 19 118 121 16 17 
20 18 1 0.0835564040206751
1.9640044375567e-11 70.3333333333044 40 -2.13162820728e-14 80 40 20 80.0000000000001 20.0000000000001 19.6797783770293 78.2065666071697 23.5646130814613 18.7213670998236 76.4658369462571 27.0364000420443 17.1282721325904 74.8362781859661 30.3258640087034 15.170703464973 73.5214727979629 33.0328097955634 12.9852756987087 72.4883710274383 35.2115684519984 10.4687358139311 71.6433699781636 37.0413069593715 7.62395810281535 70.9922437307836 38.4899141823925 4.57203134371936 70.561882570987 39.47044339704 2.3046666036833 70.3905641658942 39.8667643585365 3.47296355333858 80 39.6961550602442 6.84040286651334 80 38.7938524157182 9.99999999999995 80 37.3205080756888 12.8557521937307 80 35.3208888623796 15.3208888623795 80 32.8557521937308 17.3205080756887 80 30 18.7938524157181 80 26.8404028665134 19.6961550602441 80 23.4729635533387 0 -9.66666666669562 0 0 1.57079632679489 1.4210854715202e-13 1.39160837622223 -1.7934334520174 1.2112729243925 -3.53424643496471 1.02828021318998 -5.16372175872488 0.861058755006367 -6.47850723338399 0.706606228020611 -7.51162900891033 0.550878640002279 -8.35663146258443 0.391086809111399 -9.00777509432955 0.230640496013372 -9.43811670789885 0.115489198493546 -9.60943664173393 0.174532925199433 0 0.349065850398865 0 0.523598775598297 0 0.69813170079773 0 0.872664625997163 0 1.04719755119659 0 1.22173047639603 0 1.39626340159546 0 2 1 12 13 12 11 13 2 12 14 11 10 14 13 11 15 9 8 15 10 9 15 14 10 16 8 7 16 15 8 17 7 6 17 16 7 18 17 6 5 18 6 19 18 5 4 19 5 20 19 4 3 20 4 
13 11 1 0.0404711496480653
-62.4999999999993 79.9999999999995 19.9999999999991 -57.5000000000001 70 34.8719700457218 -60.8590113367959 78.5260467433586 22.2565362959045 -59.6049535290446 76.9420919428427 24.6808570533958 -58.6727068853991 75.2860600352167 27.1932480596844 -57.8658858144294 73.0024230039179 30.5891021143318 -57.5932679834227 71.524164204961 32.7281485553315 -57.5 70 20 -57.6489871941671 71.9241836373255 20 -58.0923972272242 73.8024986792611 20 -58.8196601125009 75.5901699437491 20 -59.8134393929252 77.2445830106633 20 -61.0500454066392 78.7263000622704 20 0.927295218001543 -60.0000000000009 0 -45.1280299542782 0.750604886872931 -57.7434636112117 0.588805463892063 -55.31914348967 0.436626428710027 -52.8067519403156 0.242564527761489 -49.4108978429871 0.122237272979298 -47.2718511693505 0 -60 0.154549203000257 -60 0.309098406000514 -60 0.463647609000772 -60 0.618196812001029 -60 0.772746015001286 -60 7 2 8 7 8 9 6 9 10 6 7 9 5 10 11 5 6 10 4 11 12 4 5 11 3 12 13 3 4 12 1 3 13 
38 36 1 0.0647618841468884
-57.5000000000001 70 34.8719700457218 -58.0477434525198 66.3402782314476 39.6927222732582 -57.6387483900978 68.1427196240173 37.3828870066593 -66.3402782314495 58.0477434525192 39.6927222732549 -58.5799055308806 64.9175186725513 41.2635590473287 -59.09021982289 63.898631840333 42.1431886853345 -59.6372431094292 63.0097877248765 42.7269099909025 -60.1919336359426 62.2506813163734 43.073553683822 -60.7174621534565 61.6284031438528 43.2377595087583 -61.2373779933769 61.0856031201401 43.276776499382 -61.7829348029222 60.5803478832149 43.2081355337339 -62.3483994639071 60.115550776545 43.0373927892543 -62.9156532833893 59.701346585764 42.7779013051507 -63.4758696247312 59.3376552883728 42.4434331831186 -64.0273311729439 59.0192099830399 42.0440149094796 -64.7328559882333 58.6637732521266 41.4388375294517 -65.5579776245104 58.3158679929381 40.6049479974924 -79.9999999999994 62.4999999999992 19.9999999999989 -69.2671689257865 57.5214257127065 35.877061905234 -72.0690695247045 57.6724342366265 31.9458933121214 -74.754913219365 58.4396316686325 27.9913306076909 -77.2896593546478 59.8455720556223 24.1500362057972 -78.6879710513225 61.0127829100986 22.0082677179392 -57.5 70 20 -78.618363325995 60.9460608804154 20 -76.9982450005602 59.6426563776162 20 -75.184475866762 58.6258534391822 20 -73.2272453447931 57.9237883637081 20 -71.180712623522 57.5558882317517 20 -69.1015080032289 57.5323333325061 20 -67.0471658593807 57.8537754615686 20 -65.0745325894356 58.5113198848837 20 -63.2381935969197 59.4867714679428 20 -61.5889628402326 60.7531381595153 20 -60.1724767423897 62.2753778978432 20 -59.0279313700993 64.0113682714039 20 -58.1869978261212 65.91307210243 20 -57.6729458674531 67.9278666999303 20 6.28318530717959 -45.1280299542782 5.98605471747197 -40.3072777267418 6.13405069172535 -42.6171129471404 5.00951957009215 -40.3072777267451 5.86445774668527 -38.736440997631 5.77326344204975 -37.8568157811718 5.68974398074384 -37.2730905440746 5.61451231290066 -36.9264459094886 5.54934084049329 -36.7622404714609 5.48920232631158 -36.7232176705009 5.42970686303108 -36.7918599046982 5.37113957501895 -36.9626076989658 5.31494145172634 -37.2220985197736 5.26150176100215 -37.5565667828418 5.21055168724836 -37.9559893927299 5.14734187913198 -38.5611625407163 5.07568945987836 -39.3950520958724 3.78509376238316 -60.0000000000011 4.77104875116038 -44.1229380949315 4.54609818585055 -48.0541040701014 4.32216944875619 -52.0086694141949 4.08976368506786 -55.8499626926101 3.9439192083174 -57.9917356200169 6.28318530717959 -60 3.95163319870292 -60 4.11817263502268 -60 4.28471207134244 -60 4.45125150766221 -60 4.61779094398197 -60 4.78433038030173 -60 4.95086981662149 -60 5.11740925294125 -60 5.28394868926102 -60 5.45048812558078 -60 5.61702756190054 -60 5.7835669982203 -60 5.95010643454006 -60 6.11664587085983 -60 23 18 25 22 25 26 22 23 25 27 22 26 21 22 27 28 21 27 20 28 29 20 21 28 19 29 30 19 30 31 19 20 29 4 31 32 4 19 31 17 4 32 16 32 33 16 17 32 15 16 33 14 15 33 13 14 33 12 33 34 12 13 33 11 12 34 10 11 34 9 34 35 9 10 34 8 9 35 7 35 36 7 8 35 6 7 36 5 6 36 5 36 37 2 5 37 3 2 37 3 37 38 1 3 38 1 38 24 
39 37 1 0.0544447742521309
-79.9999999999995 -62.4999999999993 19.9999999999991 -66.3402782314476 -58.0477434525198 39.6927222732582 -78.4566966470781 -60.7948692714388 22.3628624531593 -76.7946498805691 -59.5079509128462 24.9057397146063 -75.0580144830336 -58.5690331406821 27.5364500359676 -72.6589810064659 -57.7860243622058 31.0907669446243 -69.8204767942905 -57.5012700103757 35.11983568161 -68.102709337779 -57.6448182758621 37.4356042262519 -58.0477434525192 -66.3402782314495 39.6927222732549 -64.9175186725513 -58.5799055308806 41.2635590473287 -63.898631840333 -59.09021982289 42.1431886853345 -63.0097877248765 -59.6372431094292 42.7269099909025 -62.2506813163734 -60.1919336359426 43.073553683822 -61.6284031438528 -60.7174621534565 43.2377595087583 -61.0856031201401 -61.2373779933769 43.276776499382 -60.5803478832149 -61.7829348029222 43.2081355337339 -60.115550776545 -62.3483994639071 43.0373927892543 -59.701346585764 -62.9156532833893 42.7779013051507 -59.3376552883728 -63.4758696247312 42.4434331831186 -59.0192099830399 -64.0273311729439 42.0440149094796 -58.6637732521266 -64.7328559882333 41.4388375294517 -58.3158679929381 -65.5579776245104 40.6049479974924 -57.5 -70.0000000000003 34.8719168418887 -57.638183955525 -68.1464791517687 37.3779065763613 -57.5 -70 20 -57.6729458674531 -67.9278666999303 20 -58.1869978261213 -65.91307210243 20 -59.0279313700993 -64.0113682714039 20 -60.1724767423898 -62.2753778978432 20 -61.5889628402327 -60.7531381595152 20 -63.2381935969198 -59.4867714679427 20 -65.0745325894357 -58.5113198848837 20 -67.0471658593808 -57.8537754615686 20 -69.101508003229 -57.5323333325061 20 -71.1807126235221 -57.5558882317517 20 -73.2272453447933 -57.9237883637082 20 -75.1844758667621 -58.6258534391823 20 -76.9982450005603 -59.6426563776163 20 -78.6183633259951 -60.9460608804155 20 2.49809154479644 -60.0000000000009 1.27366573708728 -40.3072777267418 2.31384395966778 -57.637138443772 2.14548530524596 -55.0943049059584 1.98738202975955 -52.4635502266466 1.78515164098981 -48.9092330681637 1.55643382474035 -44.8801610021584 1.41842426995747 -42.5643956677716 0.297130589707463 -40.3072777267451 1.15206876630058 -38.736440997631 1.06087446166506 -37.8568157811718 0.97735500035915 -37.2730905440746 0.902123332515969 -36.9264459094886 0.836951860108601 -36.7622404714609 0.776813345926889 -36.7232176705009 0.717317882646391 -36.7918599046982 0.658750594634257 -36.9626076989658 0.60255247134165 -37.2220985197736 0.549112780617462 -37.5565667828418 0.498162706863672 -37.9559893927299 0.434952898747293 -38.5611625407163 0.363300479493669 -39.3950520958724 0 -45.1280831581113 0.148830480800297 -42.6220933796718 0 -60 0.166539436319763 -60 0.333078872639525 -60 0.499618308959288 -60 0.666157745279051 -60 0.832697181598813 -60 0.999236617918576 -60 1.16577605423834 -60 1.3323154905581 -60 1.49885492687786 -60 1.66539436319763 -60 1.83193379951739 -60 1.99847323583715 -60 2.16501267215691 -60 2.33155210847668 -60 23 25 26 24 26 27 24 23 26 9 24 27 22 27 28 22 9 27 21 22 28 20 21 28 19 28 29 19 20 28 18 19 29 17 18 29 16 29 30 16 17 29 15 16 30 14 15 30 13 30 31 13 14 30 12 13 31 11 12 31 10 31 32 10 11 31 2 32 33 2 10 32 8 33 34 8 2 33 7 34 35 7 8 34 6 7 35 6 35 36 5 6 36 5 36 37 4 5 37 4 37 38 3 4 38 3 38 39 1 3 39 
78 128 1 0.363241939535494
-38.381411430051 33.5837350012909 80 -66.3402782314495 58.0477434525192 39.6927222732549 -79.9999999999994 62.4999999999992 19.9999999999989 -69.2671689257865 57.5214257127065 35.877061905234 -72.0690695247045 57.6724342366265 31.9458933121214 -74.754913219365 58.4396316686325 27.9913306076909 -77.2896593546478 59.8455720556223 24.1500362057972 -78.6879710513225 61.0127829100986 22.0082677179392 -79.9999999999995 -62.4999999999993 19.9999999999991 -66.3402782314476 -58.0477434525198 39.6927222732582 -78.4566966470781 -60.7948692714388 22.3628624531593 -76.7946498805691 -59.5079509128462 24.9057397146063 -75.0580144830336 -58.5690331406821 27.5364500359676 -72.6589810064659 -57.7860243622058 31.0907669446243 -69.8204767942905 -57.5012700103757 35.11983568161 -68.102709337779 -57.6448182758621 37.4356042262519 -38.3814114300554 -33.5837350012931 80 -43.4136609589225 -26.7629197205124 80 -47.3305423467137 -18.9951873236465 80 -49.9021901475559 -10.524510429239 80 -50.9360561046644 -2.54916207611392 80 -50.7823110671639 4.70370389720591 80 -49.606914803926 11.8378504957907 80 -47.457065957322 18.6768856630309 80 -44.4179761385902 25.0605694310584 80 -41.5909962741285 29.5155273163421 80 -74.7809623008763 57.8327177470608 27.9913294777873 -78.598743353028 47.972725429531 22.362861627712 -72.1982840825556 55.7605063482399 31.9458961560813 -77.090757151968 46.9618875257043 24.9056954028786 -69.4591538179901 55.5254238747294 35.8770564283609 -75.2608720639511 45.7352733794248 27.9913294777873 -69.6308922963273 53.7005600154286 35.8770564283609 -66.9259168206639 53.4414913243697 39.6927222732545 -72.9156806321408 44.1632375150801 31.9458961560813 -67.1389284814073 51.7011333016803 39.6927222732545 -70.5843699886192 42.6005062630238 35.8770564283609 -78.8030890873739 21.5381767855028 22.362861627712 -68.3215514362828 41.083686838167 39.6927222732545 -77.5150130279056 21.1102180419524 24.9056954028786 -75.951980705862 20.5909060465517 27.9913294777873 -73.9487893397463 19.9253527557875 31.9458961560813 -71.9574545218328 19.2637387614914 35.8770564283609 -78.855432036995 -4.58053660333761 22.362861627712 -70.0246235701063 18.6215624711122 39.6927222732545 -77.6236857340517 -4.49091647465452 24.9056954028786 -76.1290074734737 -4.38216578651956 27.9913294777873 -74.2134190723354 -4.24279026852244 31.9458961560813 -72.3091687123837 -4.10423969045635 35.8770564283609 -70.4608637450614 -3.96975962047681 39.6927222732545 -78.7134432018827 -35.3243403308698 22.362861627712 -77.3288931962634 -34.6039311821983 24.9056954028786 -75.6487933338671 -33.7297415128908 27.9913294777873 -73.4955675233066 -32.609374919566 31.9458961560813 -71.3550862892479 -31.4956395851127 35.8770564283609 -69.2774907269338 -30.4146249274579 39.6927222732545 -76.7958458850278 -59.4620656866519 24.9056954028786 -74.78046451573 -57.8447604719729 27.9913294777873 -72.197539964861 -55.7720126492132 31.9458961560813 -69.6299033040846 -53.7115330674649 35.8770564283609 -69.4909106405748 -55.1914992991568 35.8770564283609 -67.13770180884 -51.7115887712182 39.6927222732545 -66.9653056261555 -53.1231258490305 39.6927222732545 -66.562549669673 -56.3269980620554 39.6927222732545 -55.4655493337946 36.3294887979923 59.8463611366277 -57.4481487568407 28.7096942050592 59.8463611366275 -59.1797155594088 19.7791474415791 59.8463611366275 -60.2896757350523 10.6389541269162 59.8463611366273 -60.7332864672091 1.38156726472793 59.8463611366273 -60.459210770924 -8.404982278356 59.846361136627 -59.2772227623184 -19.1521683639325 59.846361136627 -57.1063965022452 -30.1604367255128 59.8463611366267 -54.8640224859944 -38.3445692681647 59.8463611366267 -47.4017362491189 35.8482345208796 69.9231805683144 -65.2342769888772 -12.4923824250226 49.7695417049408 -46.9913675565196 -36.6658289022315 69.9231805683126 -52.7897045093413 32.8555190637338 64.8847708524709 -52.3999083176701 -33.9770919838656 64.8847708524697 4.47905751092433e-14 1.00000000000002 2.69516135367851e-14 0.328212037887575 0.0515693987898552 -2.8803672465797e-14 0.0233629041339503 0.264617607139349 0.0398227358971053 0.199098269268022 0.0503176328350052 0.133188824629789 0.0548982654655288 0.0691673169581023 0.0545800608651053 0.0334710811707434 0.948426589640384 -1.6688605406383e-14 0.999999999999995 0.328212037887663 0.945189575304275 0.0393810271285342 0.945524731682913 0.0817615900479765 0.948837717501188 0.125607493733522 0.957415799793841 0.18484607144233 0.972941105069548 0.251997294664578 0.985141445302226 0.290593393911968 0.999999999999892 0.999999999999976 0.880510245197897 0.999999999999981 0.761020490395895 0.999999999999986 0.641530735593893 0.999999999999991 0.533989956272091 0.999999999999995 0.437203254882469 0.999999999999999 0.340416553492848 1 0.243629852103226 1.00000000000001 0.146843150713604 1.00000000000001 0.0734215753568145 1.00000000000001 0.0548982654655288 0.133188824629789 0.146843150713604 0.0393810271285342 0.0548982654655288 0.199098269268022 0.146843150713604 0.0817615900479765 0.0398227358971053 0.264617607139349 0.146843150713604 0.133188824629789 0.0548982654655288 0.264617607139349 0.0398227358971053 0.328212037887575 0.146843150713604 0.199098269268022 0.0548982654655288 0.328212037887575 0.146843150713604 0.264617607139349 0.340416553492848 0.0393810271285342 0.146843150713604 0.328212037887575 0.340416553492848 0.0817615900479765 0.340416553492848 0.133188824629789 0.340416553492848 0.199098269268022 0.340416553492848 0.264617607139349 0.533989956272091 0.0393810271285342 0.340416553492848 0.328212037887575 0.533989956272091 0.0817615900479765 0.533989956272091 0.133188824629789 0.533989956272091 0.199098269268022 0.533989956272091 0.264617607139349 0.533989956272091 0.328212037887575 0.761020490395895 0.0393810271285342 0.761020490395895 0.0817615900479765 0.761020490395895 0.133188824629789 0.761020490395895 0.199098269268022 0.761020490395895 0.264617607139349 0.761020490395895 0.328212037887575 0.945189575304275 0.0817615900479765 0.945189575304275 0.133188824629789 0.945189575304275 0.199098269268022 0.945189575304275 0.264617607139349 0.957415799793841 0.264617607139349 0.945189575304275 0.328212037887575 0.957415799793841 0.328212037887575 0.985141445302226 0.328212037887575 0.110132363035209 0.664106018943795 0.195236501408415 0.664106018943792 0.292023202798037 0.664106018943792 0.388809904187658 0.664106018943788 0.48559660557728 0.664106018943788 0.587760345932992 0.664106018943783 0.701275612994894 0.664106018943783 0.820765367796896 0.664106018943778 0.912849910251086 0.664106018943778 0.0550661815176271 0.832053009471906 0.617632784633492 0.496159028415679 0.956424955125489 0.832053009471877 0.125151341463021 0.748079514207849 0.888595161461192 0.748079514207828 73 62 63 73 64 10 73 72 62 73 63 64 32 27 30 74 1 2 49 43 42 74 25 26 74 26 1 74 2 65 50 43 49 75 70 69 33 5 29 75 50 56 75 69 50 75 56 71 75 71 70 33 31 5 76 10 17 50 45 43 76 17 18 34 2 4 51 9 11 76 73 10 77 24 25 77 25 74 77 66 24 77 65 66 77 74 65 51 44 9 34 4 31 78 18 19 78 19 72 78 72 73 78 76 18 78 73 76 35 27 32 35 29 27 52 44 51 52 46 44 53 47 46 36 31 33 36 34 31 53 46 52 37 29 35 37 33 29 54 47 53 54 48 47 55 49 48 38 28 3 55 48 54 39 36 33 56 49 55 39 33 37 56 50 49 57 51 11 57 11 12 57 12 13 57 52 51 40 32 30 58 57 13 58 13 14 58 53 52 40 30 28 58 52 57 40 28 38 59 14 15 59 58 14 59 53 58 59 54 53 41 35 32 60 55 54 41 32 40 60 54 59 61 59 15 61 15 16 61 60 59 42 35 41 62 56 55 62 55 60 63 61 16 63 60 61 43 37 35 63 62 60 64 16 10 43 39 37 64 63 16 43 35 42 44 3 9 65 34 36 65 36 39 44 40 38 65 2 34 44 38 3 66 65 39 67 39 45 27 6 7 45 39 43 67 23 24 67 24 66 67 66 39 46 40 44 28 7 8 68 22 23 28 8 3 68 67 45 68 23 67 69 68 45 69 45 50 69 21 22 69 22 68 70 21 69 47 40 46 29 5 6 70 20 21 29 6 27 47 41 40 71 19 20 48 41 47 71 20 70 30 27 7 30 7 28 72 19 71 48 42 41 31 4 5 72 56 62 72 71 56 49 42 48 
26 33 1 0.507849651180551
-66.3402782314476 -58.0477434525198 39.6927222732582 -38.3814114300554 -33.5837350012931 80 -58.0477434525192 -66.3402782314495 39.6927222732549 -64.9175186725513 -58.5799055308806 41.2635590473287 -63.898631840333 -59.09021982289 42.1431886853345 -63.0097877248765 -59.6372431094292 42.7269099909025 -62.2506813163734 -60.1919336359426 43.073553683822 -61.6284031438528 -60.7174621534565 43.2377595087583 -61.0856031201401 -61.2373779933769 43.276776499382 -60.5803478832149 -61.7829348029222 43.2081355337339 -60.115550776545 -62.3483994639071 43.0373927892543 -59.701346585764 -62.9156532833893 42.7779013051507 -59.3376552883728 -63.4758696247312 42.4434331831186 -59.0192099830399 -64.0273311729439 42.0440149094796 -58.6637732521266 -64.7328559882333 41.4388375294517 -58.3158679929381 -65.5579776245104 40.6049479974924 -33.5837350012917 -38.3814114300503 80 -63.6881117411452 -58.8969347693305 42.443445087346 -63.2463194901979 -58.4913273274562 43.0735482116038 -60.0914497690052 -62.3232949490727 43.0735482116038 -58.2819010156643 -64.3086214673856 42.0439947975806 -58.9279613834955 -63.0345637256706 43.0735482116038 -58.0298930272306 -64.0286971874513 42.443445087346 -57.6323691677707 -63.5871374543345 43.0735482116038 -50.0683614717293 -46.8004916311651 61.6383898743979 -46.7323006451752 -50.1117185198487 61.6383898743995 4.69284229643751e-14 0.328212037887669 -2.94019868309505e-13 0.999999999999763 1.0000000000001 0.328212037887614 0.127811359676106 0.354392561054627 0.221560558935265 0.369053075832652 0.306450113027721 0.378781891520464 0.382436110299387 0.384559136860091 0.448098163398128 0.387296318350324 0.508642018979401 0.387946329146587 0.568545069668513 0.386802316114027 0.627570585872879 0.383956798647958 0.684330245562292 0.3796315557776 0.738508004090671 0.374057418122467 0.79045993629455 0.367399913293047 0.855412459937296 0.357312511513741 0.929911345235154 0.343415433260293 1.0000000000005 0.999999999999814 0.221560558935265 0.374057418122467 0.221560558935265 0.384559136860091 0.627570585872879 0.384559136860091 0.855412459937296 0.367399913293047 0.738508004090671 0.384559136860091 0.855412459937296 0.374057418122467 0.855412459937296 0.384559136860091 0.254321009489553 0.693973164573175 0.754321009489948 0.6939731645732 18 4 5 18 5 6 19 1 4 19 6 7 19 7 8 19 4 18 19 18 6 20 10 11 20 11 12 21 14 15 21 15 16 22 12 13 22 20 12 22 10 20 23 13 14 23 14 21 23 21 16 24 16 3 24 13 23 24 23 16 24 10 22 24 22 13 25 2 1 25 8 9 25 17 2 25 19 8 25 1 19 26 9 10 26 3 17 26 10 24 26 17 25 26 24 3 26 25 9 
82 136 1 0.363914210828607
-33.5837350012917 -38.3814114300503 80 -58.0477434525192 -66.3402782314495 39.6927222732549 -57.5 -70.0000000000003 34.8719168418887 -57.638183955525 -68.1464791517687 37.3779065763613 -62.4999999999992 -79.9999999999994 19.9999999999989 -58.0250970991889 -73.5858081949548 29.7310359882405 -59.3906727659621 -76.6110766762534 25.185436202509 -60.7094593597305 -78.3627499507091 22.5068796228965 62.4999999999993 -79.9999999999995 19.9999999999991 58.0477434525198 -66.3402782314476 39.6927222732582 60.7948692714388 -78.4566966470781 22.3628624531593 59.5079509128462 -76.7946498805691 24.9057397146063 58.5690331406821 -75.0580144830336 27.5364500359676 57.7860243622058 -72.6589810064659 31.0907669446243 57.5012700103757 -69.8204767942905 35.11983568161 57.6448182758622 -68.102709337779 37.4356042262519 33.5837350012931 -38.3814114300554 80 26.7629197204959 -43.4136609589326 80.0000000000001 18.9951873236098 -47.3305423467284 80.0000000000001 10.5245104291802 -49.9021901475683 80.0000000000001 2.54916207603549 -50.9360561046683 80.0000000000001 -4.70370389730027 -50.7823110671551 80.0000000000001 -11.837850495898 -49.6069148039003 80.0000000000001 -18.6768856631474 -47.457065957276 80.0000000000001 -25.0605694311794 -44.4179761385219 80.0000000000001 -29.515527316398 -41.5909962740886 80.0000000000001 -58.1109975066143 -78.3952203805323 22.506880362092 -56.7787546536243 -76.6805374534992 25.1854443872402 -57.3536746611488 -73.6217569421238 29.7310273869987 -54.5179087648404 -73.7706822139303 29.7310273869987 -54.634877496805 -70.2521392056906 34.8719168418887 -56.0878080041632 -68.3149518189907 37.3779064841448 -51.9609740901467 -70.4797415101414 34.8719168418887 -53.3095664600621 -68.6095776956718 37.3779064841448 -54.7833475730041 -66.7584505194481 39.6927222732545 -34.6496316542114 -78.6403126287249 22.506880362092 -50.7145649099974 -68.8755320850331 37.3779064841448 -52.0853591203334 -67.0923218962613 39.6927222732545 -33.9054726476386 -77.1875070887313 25.1854443872402 -49.5632402591486 -67.3937026138881 39.6927222732545 -32.642618186205 -74.7220636262834 29.7310273869987 -31.2143756078187 -71.9337365187597 34.8719168418887 -30.5181612387934 -70.5745322580982 37.3779064841448 -8.45499189737133 -78.7792458231426 22.506880362092 -29.8750588145656 -69.3190172989973 39.6927222732545 -8.28022202667653 -77.4748883152508 25.1854443872402 -7.9836336510986 -75.261364480161 29.7310273869987 -7.64820295881285 -72.757949331309 34.8719168418887 -7.48469315220472 -71.5376289007029 37.3779064841448 19.0743172544653 -78.742473192317 22.506880362092 -7.33365698045502 -70.4104027729854 39.6927222732545 18.6759877651556 -77.3988246805423 25.1854443872402 18.0000137216348 -75.1186231339559 29.7310273869987 17.2355116033587 -72.5397979125281 34.8719168418887 16.862845665549 -71.2827179167815 37.3779064841448 16.5186092080796 -70.1215364923808 39.6927222732545 51.6976598342455 -78.4713737522859 22.506880362092 50.5359678219536 -76.8380595594984 25.1854443872402 48.5645505205742 -74.0662888800244 29.7310273869987 46.3349490775055 -70.9315168038708 34.8719168418887 45.2481024974113 -69.4034336924547 37.3779064841448 44.244167931394 -67.9919231044885 39.6927222732545 54.685181951002 -70.2478219050476 34.8719168418887 53.3583553892053 -68.6045329090691 37.3779064841448 56.2248551827515 -68.3002135449156 37.3779064841448 52.1327481389327 -67.0866051212523 39.6927222732545 54.9163641747446 -66.7417490405665 39.6927222732545 -36.3294887981203 -55.4655493337575 59.8463611366276 -28.7096942052247 -57.4481487568026 59.8463611366276 -19.7791474417289 -59.1797155593852 59.8463611366274 -10.6389541270478 -60.2896757350411 59.8463611366274 -1.38156726483953 -60.7332864672079 59.8463611366271 8.40498227826697 -60.4592107709299 59.8463611366271 19.1521683638693 -59.2772227623281 59.8463611366268 30.1604367254761 -57.1063965022539 59.8463611366268 38.5037065646667 -54.8151614066248 59.8463611366267 -35.8482345209315 -47.4017362490932 69.9231805683143 1.32743036655144 -65.6071015130225 49.7695417049408 24.4431421461294 -64.1760013122936 49.7695417049407 36.7304012466357 -46.9584837982489 69.9231805683126 -32.855519063838 -52.7897045093057 64.884770852471 34.0141610330228 -52.386788332073 64.8847708524697 4.46471075400275e-14 1.00000000000002 2.69516135367851e-14 0.328212037887575 0.028206692570103 0.247865280698145 0.0151952993472395 0.289631774735746 0.0515693987898554 -2.90882338578087e-14 0.0464060749011673 0.162183789783311 0.0542562247895211 0.0864240731206697 0.0548778634345193 0.0417813393681994 0.948426589640384 -1.6688605406383e-14 0.999999999999995 0.328212037887663 0.945189575304275 0.0393810271285342 0.945524731682913 0.0817615900479765 0.948837717501188 0.125607493733522 0.957415799793841 0.18484607144233 0.972941105069548 0.251997294664578 0.985141445302227 0.290593393911968 0.999999999999892 0.999999999999976 0.880510245197627 0.999999999999981 0.761020490395354 0.999999999999986 0.641530735593082 0.999999999999991 0.533989956271037 0.999999999999996 0.437203254881196 1 0.340416553491355 1 0.243629852101515 1.00000000000001 0.146843150711674 1.00000000000001 0.0734215753558413 1.00000000000001 0.0734215753558413 0.0417813393681994 0.0734215753558413 0.0864240731206697 0.0515693987898554 0.162183789783311 0.0734215753558413 0.162183789783311 0.0515693987898554 0.247865280698145 0.028206692570103 0.289631774735746 0.0734215753558413 0.247865280698145 0.0515693987898554 0.289631774735746 0.028206692570103 0.328212037887575 0.243629852101515 0.0417813393681994 0.0734215753558413 0.289631774735746 0.0515693987898554 0.328212037887575 0.243629852101515 0.0864240731206697 0.0734215753558413 0.328212037887575 0.243629852101515 0.162183789783311 0.243629852101515 0.247865280698145 0.243629852101515 0.289631774735746 0.437203254881196 0.0417813393681994 0.243629852101515 0.328212037887575 0.437203254881196 0.0864240731206697 0.437203254881196 0.162183789783311 0.437203254881196 0.247865280698145 0.437203254881196 0.289631774735746 0.641530735593082 0.0417813393681994 0.437203254881196 0.328212037887575 0.641530735593082 0.0864240731206697 0.641530735593082 0.162183789783311 0.641530735593082 0.247865280698145 0.641530735593082 0.289631774735746 0.641530735593082 0.328212037887575 0.880510245197627 0.0417813393681994 0.880510245197627 0.0864240731206697 0.880510245197627 0.162183789783311 0.880510245197627 0.247865280698145 0.880510245197627 0.289631774735746 0.880510245197627 0.328212037887575 0.948837717501188 0.247865280698145 0.948837717501188 0.289631774735746 0.972941105069548 0.289631774735746 0.948837717501188 0.328212037887575 0.972941105069548 0.328212037887575 0.110132363033758 0.664106018943794 0.195236501406594 0.664106018943794 0.292023202796435 0.66410601894379 0.388809904186276 0.66410601894379 0.485596605576116 0.664106018943786 0.587760345932059 0.664106018943786 0.701275612994218 0.664106018943781 0.82076536779649 0.664106018943781 0.914673981349407 0.664106018943778 0.0550661815169012 0.832053009471906 0.512481800406628 0.496159028415681 0.731148051694786 0.496159028415678 0.95733699067465 0.832053009471877 0.125151341461748 0.74807951420785 0.88905117923557 0.748079514207829 71 23 70 71 22 23 71 45 51 32 4 3 71 70 45 49 43 42 72 21 22 72 22 71 50 44 9 33 29 30 50 46 44 73 20 21 33 31 29 73 21 72 51 43 49 74 19 20 34 32 3 34 3 31 74 20 73 51 45 43 35 2 4 35 4 32 52 46 50 75 19 74 76 67 10 76 66 67 76 62 66 76 75 62 77 1 2 77 25 26 36 27 5 77 26 1 53 46 52 77 2 68 78 51 56 78 71 51 53 47 46 37 34 31 78 72 71 37 31 33 78 73 72 54 48 47 79 73 78 79 56 62 79 75 74 79 78 56 79 74 73 79 62 75 38 35 32 80 10 17 54 47 53 38 32 34 80 17 18 80 76 10 81 77 68 81 25 77 81 24 25 81 69 24 55 48 54 81 68 69 39 27 36 82 80 18 55 49 48 39 28 27 82 76 80 82 18 19 82 19 75 82 75 76 56 51 49 56 49 55 40 34 37 57 50 9 57 9 11 40 38 34 57 11 12 58 50 57 41 30 28 58 12 13 41 28 39 58 52 50 58 57 12 59 58 13 59 13 14 59 53 52 42 33 30 42 30 41 59 52 58 60 59 14 60 54 53 60 53 59 43 37 33 43 33 42 61 54 60 44 5 9 61 55 54 44 36 5 62 56 55 62 55 61 63 14 15 63 60 14 45 40 37 64 63 15 45 37 43 64 60 63 64 61 60 65 15 16 65 64 15 46 39 36 27 8 5 46 36 44 66 62 61 66 61 64 67 16 10 28 7 8 67 65 16 67 64 65 67 66 64 28 8 27 47 41 39 47 39 46 29 6 7 48 41 47 68 38 40 68 35 38 68 2 35 69 40 45 30 29 7 48 42 41 69 68 40 30 7 28 70 23 24 49 42 48 31 3 6 70 69 45 70 24 69 31 6 29 
11 9 1 0.0880368309252875
-57.5 -70.0000000000003 34.8719168418887 -62.4999999999992 -79.9999999999994 19.9999999999989 -58.0250970991889 -73.5858081949548 29.7310359882405 -59.3906727659621 -76.6110766762534 25.185436202509 -60.7094593597305 -78.3627499507091 22.5068796228965 -57.5 -70 20 -61.0500454066391 -78.7263000622703 20 -59.8134393929251 -77.2445830106632 20 -58.8196601125008 -75.590169943749 20 -58.0923972272242 -73.802498679261 20 -57.6489871941671 -71.9241836373255 20 6.28318530717959 -45.1280831581113 5.35589008917806 -60.0000000000011 5.99223902649828 -50.268964205156 5.72592596116888 -54.8145638081614 5.5502950681611 -57.4931205321213 6.28318530717959 -60 5.51043929217831 -60 5.66498849517857 -60 5.81953769817882 -60 5.97408690117908 -60 6.12863610417933 -60 5 2 7 8 5 7 4 8 9 4 5 8 3 9 10 3 10 11 3 4 9 1 11 6 1 3 11 
38 36 1 0.104645802477
27.5 0 67.2 27.5 0 72.2 -27.5 3.36777869765522e-15 72.2 27.0822132078357 -4.77532488584058 72.2 25.8415470716125 -9.40555394145589 72.2 23.8156986040721 -13.75 72.2 21.0662221857719 -17.6766592663798 72.2 17.6766592663798 -21.0662221857719 72.2 13.75 -23.8156986040721 72.2 9.40555394145589 -25.8415470716125 72.2 4.77532488584059 -27.0822132078357 72.2 1.68383373650577e-15 -27.5 72.2 -4.77532488584058 -27.0822132078357 72.2 -9.40555394145589 -25.8415470716125 72.2 -13.75 -23.8156986040721 72.2 -17.6766592663798 -21.0662221857719 72.2 -21.0662221857719 -17.6766592663798 72.2 -23.8156986040721 -13.75 72.2 -25.8415470716125 -9.40555394145592 72.2 -27.0822132078357 -4.77532488584062 72.2 -27.5 3.36777869765522e-15 67.2 27.0822132078357 -4.77532488584058 67.2 25.8415470716125 -9.40555394145589 67.2 23.8156986040721 -13.75 67.2 21.0662221857719 -17.6766592663798 67.2 17.6766592663798 -21.0662221857719 67.2 13.75 -23.8156986040721 67.2 9.40555394145589 -25.8415470716125 67.2 4.77532488584059 -27.0822132078357 67.2 1.68383373650577e-15 -27.5 67.2 -4.77532488584058 -27.0822132078357 67.2 -9.40555394145589 -25.8415470716125 67.2 -13.75 -23.8156986040721 67.2 -17.6766592663798 -21.0662221857719 67.2 -21.0662221857719 -17.6766592663798 67.2 -23.8156986040721 -13.75 67.2 -25.8415470716125 -9.40555394145592 67.2 -27.0822132078357 -4.77532488584062 67.2 6.28318530717959 -5 6.28318530717959 0 3.14159265358979 0 6.10865238198015 0 5.93411945678072 0 5.75958653158129 0 5.58505360638185 0 5.41052068118242 0 5.23598775598299 0 5.06145483078356 0 4.88692190558412 0 4.71238898038469 0 4.53785605518526 0 4.36332312998582 0 4.18879020478639 0 4.01425727958696 0 3.83972435438753 0 3.66519142918809 0 3.49065850398866 0 3.31612557878923 0 3.14159265358979 -5 6.10865238198015 -5 5.93411945678072 -5 5.75958653158129 -5 5.58505360638185 -5 5.41052068118242 -5 5.23598775598299 -5 5.06145483078356 -5 4.88692190558412 -5 4.71238898038469 -5 4.53785605518526 -5 4.36332312998582 -5 4.18879020478639 -5 4.01425727958696 -5 3.83972435438753 -5 3.66519142918809 -5 3.49065850398866 -5 3.31612557878923 -5 20 3 21 20 21 38 19 38 37 19 20 38 18 37 36 18 19 37 17 36 35 17 18 36 16 35 34 16 17 35 15 34 33 15 16 34 14 33 32 14 15 33 13 32 31 13 14 32 12 31 30 12 13 31 11 30 29 11 12 30 10 29 28 10 11 29 9 28 27 9 10 28 8 27 26 8 9 27 7 26 25 7 8 26 6 25 24 6 7 25 5 24 23 5 6 24 4 5 23 4 23 22 2 4 22 2 22 1 
38 36 1 0.104645802477003
-27.5 3.36777869765522e-15 72.2 27.5 0 72.2 -27.0822132078357 4.77532488584058 72.2 -25.8415470716125 9.40555394145588 72.2 -23.8156986040721 13.75 72.2 -21.0662221857719 17.6766592663798 72.2 -17.6766592663799 21.0662221857719 72.2 -13.75 23.815698604072 72.2 -9.40555394145593 25.8415470716125 72.2 -4.77532488584063 27.0822132078357 72.2 -5.39013142930242e-14 27.5 72.2 4.77532488584053 27.0822132078357 72.2 9.40555394145583 25.8415470716125 72.2 13.7499999999999 23.8156986040721 72.2 17.6766592663798 21.0662221857719 72.2 21.0662221857718 17.6766592663799 72.2 23.815698604072 13.7500000000001 72.2 25.8415470716124 9.40555394145598 72.2 27.0822132078357 4.77532488584068 72.2 27.5 0 67.2 -27.5 3.36777869765522e-15 67.2 -27.0822132078357 4.77532488584058 67.2 -25.8415470716125 9.40555394145588 67.2 -23.8156986040721 13.75 67.2 -21.0662221857719 17.6766592663798 67.2 -17.6766592663799 21.0662221857719 67.2 -13.75 23.815698604072 67.2 -9.40555394145593 25.8415470716125 67.2 -4.77532488584063 27.0822132078357 67.2 -5.39013142930242e-14 27.5 67.2 4.77532488584053 27.0822132078357 67.2 9.40555394145583 25.8415470716125 67.2 13.7499999999999 23.8156986040721 67.2 17.6766592663798 21.0662221857719 67.2 21.0662221857718 17.6766592663799 67.2 23.815698604072 13.7500000000001 67.2 25.8415470716124 9.40555394145598 67.2 27.0822132078357 4.77532488584068 67.2 3.14159265358979 0 0 0 2.96705972839036 0 2.79252680319093 0 2.61799387799149 0 2.44346095279206 0 2.26892802759263 0 2.0943951023932 0 1.91986217719376 0 1.74532925199433 0 1.5707963267949 0 1.39626340159547 0 1.22173047639603 0 1.0471975511966 0 0.872664625997167 0 0.698131700797735 0 0.523598775598302 0 0.349065850398869 0 0.174532925199436 0 0 -5 3.14159265358979 -5 2.96705972839036 -5 2.79252680319093 -5 2.61799387799149 -5 2.44346095279206 -5 2.26892802759263 -5 2.0943951023932 -5 1.91986217719376 -5 1.74532925199433 -5 1.5707963267949 -5 1.39626340159547 -5 1.22173047639603 -5 1.0471975511966 -5 0.872664625997167 -5 0.698131700797735 -5 0.523598775598302 -5 0.349065850398869 -5 0.174532925199436 -5 19 2 20 19 20 38 18 38 37 18 19 38 17 37 36 17 18 37 16 36 35 16 17 36 15 35 34 15 16 35 14 34 33 14 15 34 13 33 32 13 14 33 12 32 31 12 13 32 11 31 30 11 12 31 10 30 29 10 11 30 9 29 28 9 10 29 8 28 27 8 9 28 7 27 26 7 8 27 6 26 25 6 7 26 5 6 25 5 25 24 4 5 24 4 24 23 3 4 23 3 23 22 1 3 22 1 22 21 
360 376 1 3.99680288865056e-15
-24.07031021678 -21.92031021678 72.2 -19.77031021678 -21.92031021678 72.2 -24.0376468857562 -21.5469666347961 72.2 -23.9406493514697 -21.1849669086298 72.2 -23.7822648349165 -20.84531021678 72.2 -23.5673057694858 -20.5383168559539 72.2 -23.3023035776061 -20.2733146640742 72.2 -22.99531021678 -20.0583555986435 72.2 -22.6556535249302 -19.8999710820903 72.2 -22.2936537987639 -19.8029735478038 72.2 -21.92031021678 -19.77031021678 72.2 -21.5469666347961 -19.8029735478038 72.2 -21.1849669086298 -19.8999710820903 72.2 -20.84531021678 -20.0583555986435 72.2 -20.5383168559539 -20.2733146640742 72.2 -20.2733146640742 -20.5383168559539 72.2 -20.0583555986435 -20.84531021678 72.2 -19.8999710820903 -21.1849669086298 72.2 -19.8029735478038 -21.5469666347961 72.2 -19.8029735478038 -22.2936537987639 72.2 -19.8999710820903 -22.6556535249302 72.2 -20.0583555986435 -22.99531021678 72.2 -20.2733146640742 -23.3023035776061 72.2 -20.5383168559539 -23.5673057694858 72.2 -20.84531021678 -23.7822648349165 72.2 -21.1849669086298 -23.9406493514697 72.2 -21.5469666347961 -24.0376468857562 72.2 -21.92031021678 -24.07031021678 72.2 -22.2936537987639 -24.0376468857562 72.2 -22.6556535249302 -23.9406493514697 72.2 -22.99531021678 -23.7822648349165 72.2 -23.3023035776061 -23.5673057694858 72.2 -23.5673057694858 -23.3023035776061 72.2 -23.7822648349165 -22.99531021678 72.2 -23.9406493514697 -22.6556535249302 72.2 -24.0376468857562 -22.2936537987639 72.2 -2.15 -31 72.2 2.15 -31 72.2 -2.11733666897625 -30.6266564180161 72.2 -2.0203391346897 -30.2646566918498 72.2 -1.86195461813654 -29.925 72.2 -1.6469955527058 -29.6180066391739 72.2 -1.38199336082606 -29.3530044472942 72.2 -1.075 -29.1380453818635 72.2 -0.735343308150188 -28.9796608653103 72.2 -0.3733435819839 -28.8826633310238 72.2 -1.31645183035906e-16 -28.85 72.2 0.3733435819839 -28.8826633310238 72.2 0.735343308150188 -28.9796608653103 72.2 1.075 -29.1380453818635 72.2 1.38199336082606 -29.3530044472942 72.2 1.6469955527058 -29.6180066391739 72.2 1.86195461813654 -29.925 72.2 2.0203391346897 -30.2646566918498 72.2 2.11733666897625 -30.6266564180161 72.2 2.11733666897625 -31.3733435819839 72.2 2.0203391346897 -31.7353433081502 72.2 1.86195461813654 -32.075 72.2 1.6469955527058 -32.3819933608261 72.2 1.38199336082606 -32.6469955527058 72.2 1.075 -32.8619546181365 72.2 0.735343308150191 -33.0203391346897 72.2 0.373343581983904 -33.1173366689763 72.2 4.21410275381825e-15 -33.15 72.2 -0.373343581983896 -33.1173366689763 72.2 -0.735343308150183 -33.0203391346897 72.2 -1.075 -32.8619546181365 72.2 -1.38199336082606 -32.6469955527058 72.2 -1.6469955527058 -32.3819933608261 72.2 -1.86195461813654 -32.075 72.2 -2.0203391346897 -31.7353433081502 72.2 -2.11733666897625 -31.3733435819839 72.2 19.77031021678 -21.92031021678 72.2 24.07031021678 -21.92031021678 72.2 19.8029735478038 -21.5469666347961 72.2 19.8999710820903 -21.1849669086298 72.2 20.0583555986435 -20.84531021678 72.2 20.2733146640742 -20.5383168559539 72.2 20.5383168559539 -20.2733146640742 72.2 20.84531021678 -20.0583555986435 72.2 21.1849669086298 -19.8999710820903 72.2 21.5469666347961 -19.8029735478038 72.2 21.92031021678 -19.77031021678 72.2 22.2936537987639 -19.8029735478038 72.2 22.6556535249302 -19.8999710820903 72.2 22.99531021678 -20.0583555986435 72.2 23.3023035776061 -20.2733146640742 72.2 23.5673057694858 -20.5383168559539 72.2 23.7822648349165 -20.84531021678 72.2 23.9406493514697 -21.1849669086298 72.2 24.0376468857562 -21.5469666347961 72.2 24.0376468857562 -22.2936537987639 72.2 23.9406493514697 -22.6556535249302 72.2 23.7822648349165 -22.99531021678 72.2 23.5673057694858 -23.3023035776061 72.2 23.3023035776061 -23.5673057694858 72.2 22.99531021678 -23.7822648349165 72.2 22.6556535249302 -23.9406493514697 72.2 22.2936537987639 -24.0376468857562 72.2 21.92031021678 -24.07031021678 72.2 21.5469666347961 -24.0376468857562 72.2 21.1849669086298 -23.9406493514697 72.2 20.84531021678 -23.7822648349165 72.2 20.5383168559539 -23.5673057694858 72.2 20.2733146640742 -23.3023035776061 72.2 20.0583555986435 -22.99531021678 72.2 19.8999710820903 -22.6556535249302 72.2 19.8029735478038 -22.2936537987639 72.2 28.85 0 72.2 33.15 2.63299061816681e-16 72.2 28.8826633310238 0.3733435819839 72.2 28.9796608653103 0.735343308150187 72.2 29.1380453818635 1.075 72.2 29.3530044472942 1.38199336082606 72.2 29.6180066391739 1.6469955527058 72.2 29.925 1.86195461813654 72.2 30.2646566918498 2.0203391346897 72.2 30.6266564180161 2.11733666897625 72.2 31 2.15 72.2 31.3733435819839 2.11733666897625 72.2 31.7353433081502 2.0203391346897 72.2 32.075 1.86195461813654 72.2 32.3819933608261 1.6469955527058 72.2 32.6469955527058 1.38199336082606 72.2 32.8619546181365 1.075 72.2 33.0203391346897 0.73534330815019 72.2 33.1173366689762 0.373343581983903 72.2 33.1173366689763 -0.373343581983899 72.2 33.0203391346897 -0.735343308150186 72.2 32.8619546181365 -1.075 72.2 32.6469955527058 -1.38199336082606 72.2 32.3819933608261 -1.6469955527058 72.2 32.075 -1.86195461813654 72.2 31.7353433081502 -2.0203391346897 72.2 31.3733435819839 -2.11733666897625 72.2 31 -2.15 72.2 30.6266564180161 -2.11733666897625 72.2 30.2646566918498 -2.0203391346897 72.2 29.925 -1.86195461813654 72.2 29.6180066391739 -1.64699555270581 72.2 29.3530044472942 -1.38199336082606 72.2 29.1380453818635 -1.07500000000001 72.2 28.9796608653103 -0.735343308150194 72.2 28.8826633310238 -0.373343581983908 72.2 19.77031021678 21.92031021678 72.2 24.07031021678 21.92031021678 72.2 19.8029735478038 22.2936537987639 72.2 19.8999710820903 22.6556535249302 72.2 20.0583555986435 22.99531021678 72.2 20.2733146640742 23.3023035776061 72.2 20.5383168559539 23.5673057694858 72.2 20.84531021678 23.7822648349165 72.2 21.1849669086298 23.9406493514697 72.2 21.5469666347961 24.0376468857562 72.2 21.92031021678 24.07031021678 72.2 22.2936537987639 24.0376468857562 72.2 22.6556535249302 23.9406493514697 72.2 22.99531021678 23.7822648349165 72.2 23.3023035776061 23.5673057694858 72.2 23.5673057694858 23.3023035776061 72.2 23.7822648349165 22.99531021678 72.2 23.9406493514697 22.6556535249302 72.2 24.0376468857562 22.2936537987639 72.2 24.0376468857562 21.5469666347961 72.2 23.9406493514697 21.1849669086298 72.2 23.7822648349165 20.84531021678 72.2 23.5673057694858 20.5383168559539 72.2 23.3023035776061 20.2733146640742 72.2 22.99531021678 20.0583555986435 72.2 22.6556535249302 19.8999710820903 72.2 22.2936537987639 19.8029735478038 72.2 21.92031021678 19.77031021678 72.2 21.5469666347961 19.8029735478038 72.2 21.1849669086298 19.8999710820903 72.2 20.84531021678 20.0583555986435 72.2 20.5383168559539 20.2733146640742 72.2 20.2733146640742 20.5383168559539 72.2 20.0583555986435 20.84531021678 72.2 19.8999710820903 21.1849669086298 72.2 19.8029735478038 21.5469666347961 72.2 -2.15 31 72.2 2.15 31 72.2 -2.11733666897625 31.3733435819839 72.2 -2.0203391346897 31.7353433081502 72.2 -1.86195461813654 32.075 72.2 -1.6469955527058 32.3819933608261 72.2 -1.38199336082606 32.6469955527058 72.2 -1.075 32.8619546181365 72.2 -0.735343308150188 33.0203391346897 72.2 -0.3733435819839 33.1173366689763 72.2 -1.31645183035906e-16 33.15 72.2 0.3733435819839 33.1173366689763 72.2 0.735343308150188 33.0203391346897 72.2 1.075 32.8619546181365 72.2 1.38199336082606 32.6469955527058 72.2 1.6469955527058 32.3819933608261 72.2 1.86195461813654 32.075 72.2 2.0203391346897 31.7353433081502 72.2 2.11733666897625 31.3733435819839 72.2 2.11733666897625 30.6266564180161 72.2 2.0203391346897 30.2646566918498 72.2 1.86195461813654 29.925 72.2 1.6469955527058 29.6180066391739 72.2 1.38199336082606 29.3530044472942 72.2 1.075 29.1380453818635 72.2 0.735343308150191 28.9796608653103 72.2 0.373343581983904 28.8826633310238 72.2 4.21410275381825e-15 28.85 72.2 -0.373343581983896 28.8826633310238 72.2 -0.735343308150183 28.9796608653103 72.2 -1.075 29.1380453818635 72.2 -1.38199336082606 29.3530044472942 72.2 -1.6469955527058 29.6180066391739 72.2 -1.86195461813654 29.925 72.2 -2.0203391346897 30.2646566918498 72.2 -2.11733666897625 30.6266564180161 72.2 -24.07031021678 21.92031021678 72.2 -19.77031021678 21.92031021678 72.2 -24.0376468857562 22.2936537987639 72.2 -23.9406493514697 22.6556535249302 72.2 -23.7822648349165 22.99531021678 72.2 -23.5673057694858 23.3023035776061 72.2 -23.3023035776061 23.5673057694858 72.2 -22.99531021678 23.7822648349165 72.2 -22.6556535249302 23.9406493514697 72.2 -22.2936537987639 24.0376468857562 72.2 -21.92031021678 24.07031021678 72.2 -21.5469666347961 24.0376468857562 72.2 -21.1849669086298 23.9406493514697 72.2 -20.84531021678 23.7822648349165 72.2 -20.5383168559539 23.5673057694858 72.2 -20.2733146640742 23.3023035776061 72.2 -20.0583555986435 22.99531021678 72.2 -19.8999710820903 22.6556535249302 72.2 -19.8029735478038 22.2936537987639 72.2 -19.8029735478038 21.5469666347961 72.2 -19.8999710820903 21.1849669086298 72.2 -20.0583555986435 20.84531021678 72.2 -20.2733146640742 20.5383168559539 72.2 -20.5383168559539 20.2733146640742 72.2 -20.84531021678 20.0583555986435 72.2 -21.1849669086298 19.8999710820903 72.2 -21.5469666347961 19.8029735478038 72.2 -21.92031021678 19.77031021678 72.2 -22.2936537987639 19.8029735478038 72.2 -22.6556535249302 19.8999710820903 72.2 -22.99531021678 20.0583555986435 72.2 -23.3023035776061 20.2733146640742 72.2 -23.5673057694858 20.5383168559539 72.2 -23.7822648349165 20.84531021678 72.2 -23.9406493514697 21.1849669086298 72.2 -24.0376468857562 21.5469666347961 72.2 -33.15 0 72.2 -28.85 2.63299061816681e-16 72.2 -33.1173366689762 0.3733435819839 72.2 -33.0203391346897 0.735343308150187 72.2 -32.8619546181365 1.075 72.2 -32.6469955527058 1.38199336082606 72.2 -32.3819933608261 1.6469955527058 72.2 -32.075 1.86195461813654 72.2 -31.7353433081502 2.0203391346897 72.2 -31.3733435819839 2.11733666897625 72.2 -31 2.15 72.2 -30.6266564180161 2.11733666897625 72.2 -30.2646566918498 2.0203391346897 72.2 -29.925 1.86195461813654 72.2 -29.6180066391739 1.6469955527058 72.2 -29.3530044472942 1.38199336082606 72.2 -29.1380453818635 1.075 72.2 -28.9796608653103 0.73534330815019 72.2 -28.8826633310238 0.373343581983903 72.2 -28.8826633310238 -0.373343581983899 72.2 -28.9796608653103 -0.735343308150186 72.2 -29.1380453818635 -1.075 72.2 -29.3530044472942 -1.38199336082606 72.2 -29.6180066391739 -1.6469955527058 72.2 -29.925 -1.86195461813654 72.2 -30.2646566918498 -2.0203391346897 72.2 -30.6266564180161 -2.11733666897625 72.2 -31 -2.15 72.2 -31.3733435819839 -2.11733666897625 72.2 -31.7353433081502 -2.0203391346897 72.2 -32.075 -1.86195461813654 72.2 -32.3819933608261 -1.64699555270581 72.2 -32.6469955527058 -1.38199336082606 72.2 -32.8619546181365 -1.07500000000001 72.2 -33.0203391346897 -0.735343308150194 72.2 -33.1173366689762 -0.373343581983908 72.2 27.5 0 72.2 -27.5 3.36777869765522e-15 72.2 27.0822132078357 -4.77532488584058 72.2 25.8415470716125 -9.40555394145589 72.2 23.8156986040721 -13.75 72.2 21.0662221857719 -17.6766592663798 72.2 17.6766592663798 -21.0662221857719 72.2 13.75 -23.8156986040721 72.2 9.40555394145589 -25.8415470716125 72.2 4.77532488584059 -27.0822132078357 72.2 1.68383373650577e-15 -27.5 72.2 -4.77532488584058 -27.0822132078357 72.2 -9.40555394145589 -25.8415470716125 72.2 -13.75 -23.8156986040721 72.2 -17.6766592663798 -21.0662221857719 72.2 -21.0662221857719 -17.6766592663798 72.2 -23.8156986040721 -13.75 72.2 -25.8415470716125 -9.40555394145592 72.2 -27.0822132078357 -4.77532488584062 72.2 -27.0822132078357 4.77532488584058 72.2 -25.8415470716125 9.40555394145588 72.2 -23.8156986040721 13.75 72.2 -21.0662221857719 17.6766592663798 72.2 -17.6766592663799 21.0662221857719 72.2 -13.75 23.815698604072 72.2 -9.40555394145593 25.8415470716125 72.2 -4.77532488584063 27.0822132078357 72.2 -5.39013142930242e-14 27.5 72.2 4.77532488584053 27.0822132078357 72.2 9.40555394145583 25.8415470716125 72.2 13.7499999999999 23.8156986040721 72.2 17.6766592663798 21.0662221857719 72.2 21.0662221857718 17.6766592663799 72.2 23.815698604072 13.7500000000001 72.2 25.8415470716124 9.40555394145598 72.2 27.0822132078357 4.77532488584068 72.2 34.5 0 72.2 -34.5 4.22503145705837e-15 72.2 33.9758674789212 5.9908621295091 72.2 32.4193954171138 11.7996949447356 72.2 29.8778764305631 17.25 72.2 26.4285332876047 22.1761725341856 72.2 22.1761725341856 26.4285332876047 72.2 17.25 29.8778764305631 72.2 11.7996949447356 32.4193954171138 72.2 5.9908621295091 33.9758674789212 72.2 2.1124459603436e-15 34.5 72.2 -5.9908621295091 33.9758674789212 72.2 -11.7996949447356 32.4193954171138 72.2 -17.25 29.8778764305631 72.2 -22.1761725341856 26.4285332876048 72.2 -26.4285332876047 22.1761725341856 72.2 -29.8778764305631 17.25 72.2 -32.4193954171138 11.7996949447356 72.2 -33.9758674789212 5.99086212950914 72.2 -33.9758674789212 -5.99086212950909 72.2 -32.4193954171138 -11.7996949447356 72.2 -29.8778764305631 -17.25 72.2 -26.4285332876048 -22.1761725341856 72.2 -22.1761725341856 -26.4285332876047 72.2 -17.25 -29.8778764305631 72.2 -11.7996949447356 -32.4193954171138 72.2 -5.99086212950916 -33.9758674789212 72.2 -6.76216488403394e-14 -34.5 72.2 5.99086212950902 -33.9758674789212 72.2 11.7996949447355 -32.4193954171139 72.2 17.2499999999999 -29.8778764305632 72.2 22.1761725341855 -26.4285332876048 72.2 26.4285332876047 -22.1761725341857 72.2 29.8778764305631 -17.2500000000001 72.2 32.4193954171138 -11.7996949447357 72.2 33.9758674789212 -5.99086212950922 72.2 -24.07031021678 -21.92031021678 -19.77031021678 -21.92031021678 -24.0376468857562 -21.5469666347961 -23.9406493514697 -21.1849669086298 -23.7822648349165 -20.84531021678 -23.5673057694858 -20.5383168559539 -23.3023035776061 -20.2733146640742 -22.99531021678 -20.0583555986435 -22.6556535249302 -19.8999710820903 -22.2936537987639 -19.8029735478038 -21.92031021678 -19.77031021678 -21.5469666347961 -19.8029735478038 -21.1849669086298 -19.8999710820903 -20.84531021678 -20.0583555986435 -20.5383168559539 -20.2733146640742 -20.2733146640742 -20.5383168559539 -20.0583555986435 -20.84531021678 -19.8999710820903 -21.1849669086298 -19.8029735478038 -21.5469666347961 -19.8029735478038 -22.2936537987639 -19.8999710820903 -22.6556535249302 -20.0583555986435 -22.99531021678 -20.2733146640742 -23.3023035776061 -20.5383168559539 -23.5673057694858 -20.84531021678 -23.7822648349165 -21.1849669086298 -23.9406493514697 -21.5469666347961 -24.0376468857562 -21.92031021678 -24.07031021678 -22.2936537987639 -24.0376468857562 -22.6556535249302 -23.9406493514697 -22.99531021678 -23.7822648349165 -23.3023035776061 -23.5673057694858 -23.5673057694858 -23.3023035776061 -23.7822648349165 -22.99531021678 -23.9406493514697 -22.6556535249302 -24.0376468857562 -22.2936537987639 -2.15 -31 2.15 -31 -2.11733666897625 -30.6266564180161 -2.02033913468971 -30.2646566918498 -1.86195461813654 -29.925 -1.6469955527058 -29.6180066391739 -1.38199336082606 -29.3530044472942 -1.075 -29.1380453818635 -0.735343308150185 -28.9796608653103 -0.373343581983903 -28.8826633310238 0 -28.85 0.373343581983903 -28.8826633310238 0.735343308150185 -28.9796608653103 1.075 -29.1380453818635 1.38199336082606 -29.3530044472942 1.6469955527058 -29.6180066391739 1.86195461813654 -29.925 2.0203391346897 -30.2646566918498 2.11733666897625 -30.6266564180161 2.11733666897625 -31.3733435819839 2.02033913468971 -31.7353433081502 1.86195461813654 -32.075 1.6469955527058 -32.3819933608261 1.38199336082606 -32.6469955527058 1.075 -32.8619546181365 0.735343308150192 -33.0203391346897 0.373343581983903 -33.1173366689763 7.105427357601e-15 -33.15 -0.373343581983896 -33.1173366689763 -0.735343308150185 -33.0203391346897 -1.075 -32.8619546181365 -1.38199336082606 -32.6469955527058 -1.6469955527058 -32.3819933608261 -1.86195461813654 -32.075 -2.0203391346897 -31.7353433081502 -2.11733666897624 -31.3733435819839 19.77031021678 -21.92031021678 24.07031021678 -21.92031021678 19.8029735478038 -21.5469666347961 19.8999710820903 -21.1849669086298 20.0583555986435 -20.84531021678 20.2733146640742 -20.5383168559539 20.5383168559539 -20.2733146640742 20.84531021678 -20.0583555986435 21.1849669086298 -19.8999710820903 21.5469666347961 -19.8029735478038 21.92031021678 -19.77031021678 22.2936537987639 -19.8029735478038 22.6556535249302 -19.8999710820903 22.99531021678 -20.0583555986435 23.3023035776061 -20.2733146640742 23.5673057694858 -20.5383168559539 23.7822648349165 -20.84531021678 23.9406493514697 -21.1849669086298 24.0376468857562 -21.5469666347961 24.0376468857562 -22.2936537987639 23.9406493514697 -22.6556535249302 23.7822648349165 -22.99531021678 23.5673057694858 -23.3023035776061 23.3023035776061 -23.5673057694858 22.99531021678 -23.7822648349165 22.6556535249302 -23.9406493514697 22.2936537987639 -24.0376468857562 21.92031021678 -24.07031021678 21.5469666347961 -24.0376468857562 21.1849669086298 -23.9406493514697 20.84531021678 -23.7822648349165 20.5383168559539 -23.5673057694858 20.2733146640742 -23.3023035776061 20.0583555986435 -22.99531021678 19.8999710820903 -22.6556535249302 19.8029735478038 -22.2936537987639 28.85 0 33.15 0 28.8826633310237 0.373343581983903 28.9796608653103 0.735343308150185 29.1380453818635 1.075 29.3530044472942 1.38199336082606 29.6180066391739 1.6469955527058 29.925 1.86195461813654 30.2646566918498 2.0203391346897 30.6266564180161 2.11733666897624 31 2.15 31.3733435819839 2.11733666897624 31.7353433081502 2.0203391346897 32.075 1.86195461813654 32.3819933608261 1.6469955527058 32.6469955527058 1.38199336082606 32.8619546181365 1.075 33.0203391346897 0.735343308150192 33.1173366689762 0.373343581983903 33.1173366689762 -0.373343581983896 33.0203391346897 -0.735343308150185 32.8619546181365 -1.075 32.6469955527058 -1.38199336082606 32.3819933608261 -1.6469955527058 32.075 -1.86195461813654 31.7353433081502 -2.0203391346897 31.3733435819839 -2.11733666897624 31 -2.15 30.6266564180161 -2.11733666897625 30.2646566918498 -2.02033913468971 29.925 -1.86195461813654 29.6180066391739 -1.6469955527058 29.3530044472942 -1.38199336082607 29.1380453818635 -1.075 28.9796608653103 -0.735343308150192 28.8826633310238 -0.37334358198391 19.77031021678 21.92031021678 24.07031021678 21.92031021678 19.8029735478038 22.2936537987639 19.8999710820903 22.6556535249302 20.0583555986435 22.99531021678 20.2733146640742 23.3023035776061 20.5383168559539 23.5673057694858 20.84531021678 23.7822648349165 21.1849669086298 23.9406493514697 21.5469666347961 24.0376468857562 21.92031021678 24.07031021678 22.2936537987639 24.0376468857562 22.6556535249302 23.9406493514697 22.99531021678 23.7822648349165 23.3023035776061 23.5673057694858 23.5673057694858 23.3023035776061 23.7822648349165 22.99531021678 23.9406493514697 22.6556535249302 24.0376468857562 22.2936537987639 24.0376468857562 21.5469666347961 23.9406493514697 21.1849669086298 23.7822648349165 20.84531021678 23.5673057694858 20.5383168559539 23.3023035776061 20.2733146640742 22.99531021678 20.0583555986435 22.6556535249302 19.8999710820903 22.2936537987639 19.8029735478038 21.92031021678 19.77031021678 21.5469666347961 19.8029735478038 21.1849669086298 19.8999710820903 20.84531021678 20.0583555986435 20.5383168559539 20.2733146640742 20.2733146640742 20.5383168559539 20.0583555986435 20.84531021678 19.8999710820903 21.1849669086298 19.8029735478038 21.5469666347961 -2.15 31 2.15 31 -2.11733666897625 31.3733435819839 -2.02033913468971 31.7353433081502 -1.86195461813654 32.075 -1.6469955527058 32.3819933608261 -1.38199336082606 32.6469955527058 -1.075 32.8619546181365 -0.735343308150185 33.0203391346897 -0.373343581983903 33.1173366689763 0 33.15 0.373343581983903 33.1173366689763 0.735343308150185 33.0203391346897 1.075 32.8619546181365 1.38199336082606 32.6469955527058 1.6469955527058 32.3819933608261 1.86195461813654 32.075 2.0203391346897 31.7353433081502 2.11733666897625 31.3733435819839 2.11733666897625 30.6266564180161 2.02033913468971 30.2646566918498 1.86195461813654 29.925 1.6469955527058 29.6180066391739 1.38199336082606 29.3530044472942 1.075 29.1380453818635 0.735343308150192 28.9796608653103 0.373343581983903 28.8826633310237 7.105427357601e-15 28.85 -0.373343581983896 28.8826633310237 -0.735343308150185 28.9796608653103 -1.075 29.1380453818634 -1.38199336082606 29.3530044472942 -1.6469955527058 29.6180066391739 -1.86195461813654 29.925 -2.0203391346897 30.2646566918498 -2.11733666897624 30.6266564180161 -24.07031021678 21.92031021678 -19.77031021678 21.92031021678 -24.0376468857562 22.2936537987639 -23.9406493514697 22.6556535249302 -23.7822648349165 22.99531021678 -23.5673057694858 23.3023035776061 -23.3023035776061 23.5673057694858 -22.99531021678 23.7822648349165 -22.6556535249302 23.9406493514697 -22.2936537987639 24.0376468857562 -21.92031021678 24.07031021678 -21.5469666347961 24.0376468857562 -21.1849669086298 23.9406493514697 -20.84531021678 23.7822648349165 -20.5383168559539 23.5673057694858 -20.2733146640742 23.3023035776061 -20.0583555986435 22.99531021678 -19.8999710820903 22.6556535249302 -19.8029735478038 22.2936537987639 -19.8029735478038 21.5469666347961 -19.8999710820903 21.1849669086298 -20.0583555986435 20.84531021678 -20.2733146640742 20.5383168559539 -20.5383168559539 20.2733146640742 -20.84531021678 20.0583555986435 -21.1849669086298 19.8999710820903 -21.5469666347961 19.8029735478038 -21.92031021678 19.77031021678 -22.2936537987639 19.8029735478038 -22.6556535249302 19.8999710820903 -22.99531021678 20.0583555986435 -23.3023035776061 20.2733146640742 -23.5673057694858 20.5383168559539 -23.7822648349165 20.84531021678 -23.9406493514697 21.1849669086298 -24.0376468857562 21.5469666347961 -33.15 0 -28.85 0 -33.1173366689762 0.373343581983903 -33.0203391346897 0.735343308150185 -32.8619546181365 1.075 -32.6469955527058 1.38199336082606 -32.3819933608261 1.6469955527058 -32.075 1.86195461813654 -31.7353433081502 2.0203391346897 -31.3733435819839 2.11733666897624 -31 2.15 -30.6266564180161 2.11733666897624 -30.2646566918498 2.0203391346897 -29.925 1.86195461813654 -29.6180066391739 1.6469955527058 -29.3530044472942 1.38199336082606 -29.1380453818635 1.075 -28.9796608653103 0.735343308150192 -28.8826633310238 0.373343581983903 -28.8826633310238 -0.373343581983896 -28.9796608653103 -0.735343308150185 -29.1380453818635 -1.075 -29.3530044472942 -1.38199336082606 -29.6180066391739 -1.6469955527058 -29.925 -1.86195461813654 -30.2646566918498 -2.0203391346897 -30.6266564180161 -2.11733666897624 -31 -2.15 -31.3733435819839 -2.11733666897625 -31.7353433081502 -2.02033913468971 -32.075 -1.86195461813654 -32.3819933608261 -1.6469955527058 -32.6469955527058 -1.38199336082607 -32.8619546181365 -1.075 -33.0203391346897 -0.735343308150192 -33.1173366689762 -0.37334358198391 27.5 0 -27.5 0 27.0822132078357 -4.77532488584058 25.8415470716125 -9.40555394145589 23.8156986040721 -13.75 21.0662221857719 -17.6766592663798 17.6766592663798 -21.0662221857719 13.75 -23.8156986040721 9.40555394145589 -25.8415470716125 4.77532488584059 -27.0822132078357 0 -27.5 -4.77532488584058 -27.0822132078357 -9.40555394145589 -25.8415470716125 -13.75 -23.8156986040721 -17.6766592663798 -21.0662221857719 -21.0662221857719 -17.6766592663798 -23.8156986040721 -13.75 -25.8415470716125 -9.40555394145592 -27.0822132078357 -4.77532488584062 -27.0822132078357 4.77532488584058 -25.8415470716125 9.40555394145588 -23.8156986040721 13.75 -21.0662221857719 17.6766592663798 -17.6766592663799 21.0662221857719 -13.75 23.815698604072 -9.40555394145593 25.8415470716125 -4.77532488584063 27.0822132078357 -5.6843418860808e-14 27.5 4.77532488584053 27.0822132078357 9.40555394145583 25.8415470716125 13.7499999999999 23.8156986040721 17.6766592663798 21.0662221857719 21.0662221857718 17.6766592663799 23.815698604072 13.7500000000001 25.8415470716125 9.40555394145598 27.0822132078357 4.77532488584068 34.5 0 -34.5 7.105427357601e-15 33.9758674789212 5.9908621295091 32.4193954171138 11.7996949447356 29.8778764305631 17.25 26.4285332876047 22.1761725341856 22.1761725341856 26.4285332876047 17.25 29.8778764305631 11.7996949447356 32.4193954171138 5.9908621295091 33.9758674789212 0 34.5 -5.9908621295091 33.9758674789212 -11.7996949447356 32.4193954171138 -17.25 29.8778764305631 -22.1761725341856 26.4285332876048 -26.4285332876047 22.1761725341856 -29.8778764305631 17.25 -32.4193954171138 11.7996949447356 -33.9758674789212 5.99086212950914 -33.9758674789212 -5.99086212950909 -32.4193954171138 -11.7996949447356 -29.8778764305631 -17.25 -26.4285332876048 -22.1761725341856 -22.1761725341856 -26.4285332876047 -17.25 -29.8778764305631 -11.7996949447356 -32.4193954171138 -5.99086212950916 -33.9758674789212 -7.105427357601e-14 -34.5 5.99086212950903 -33.9758674789212 11.7996949447355 -32.4193954171139 17.2499999999999 -29.8778764305632 22.1761725341855 -26.4285332876048 26.4285332876047 -22.1761725341857 29.8778764305631 -17.2500000000001 32.4193954171138 -11.7996949447357 33.9758674789212 -5.99086212950922 251 340 250 325 124 125 325 125 126 325 126 127 325 127 110 102 103 356 325 110 128 325 128 129 325 129 130 325 130 131 107 295 106 325 131 360 335 336 187 246 247 311 335 187 188 335 188 189 335 189 190 335 190 191 252 340 251 335 191 192 33 347 348 335 192 193 335 193 194 33 348 32 335 194 195 101 102 356 34 347 33 108 295 107 31 32 348 245 246 311 35 347 34 100 101 356 30 31 348 217 340 252 36 347 35 73 295 108 29 30 348 1 347 36 244 245 311 75 295 73 28 29 348 327 118 119 327 119 120 327 120 121 327 121 122 3 347 1 327 122 123 327 123 124 327 324 118 99 100 356 327 124 325 27 28 348 334 317 318 219 340 217 334 200 317 4 347 3 334 335 195 243 244 311 334 195 196 334 196 197 334 197 198 334 198 199 334 199 182 334 182 200 76 295 75 26 27 348 98 99 356 177 320 321 5 347 4 177 321 176 220 340 219 25 26 348 178 320 177 242 243 311 175 176 321 97 98 356 221 340 220 179 320 178 6 346 347 6 347 5 174 175 321 24 348 349 77 295 76 24 25 348 180 320 179 241 242 311 23 24 349 173 174 321 78 295 77 145 320 180 96 97 356 7 346 6 172 173 321 222 340 221 147 320 145 240 241 311 171 172 321 223 340 222 148 320 147 170 171 321 149 320 148 149 319 320 169 170 321 169 321 322 150 319 149 168 169 322 328 323 324 328 324 327 333 318 319 333 334 318 303 15 16 303 16 17 303 17 18 303 18 19 303 19 2 303 2 20 303 20 21 303 21 22 304 8 9 304 9 10 304 10 11 304 11 12 304 12 13 304 13 14 304 14 15 304 15 303 305 7 8 305 8 304 305 346 7 302 22 23 302 349 350 302 303 22 302 23 349 306 346 305 306 345 346 301 302 350 301 350 351 68 351 352 285 326 344 69 351 68 284 285 344 329 323 328 329 168 322 329 322 323 70 351 69 286 326 285 283 284 344 329 167 168 67 68 352 332 319 150 332 150 151 71 351 70 282 283 344 332 333 319 287 326 286 330 160 161 330 161 162 330 162 163 330 163 146 330 146 164 66 67 352 330 164 165 330 165 166 312 240 311 330 166 167 330 167 329 312 233 234 331 151 152 331 332 151 312 234 235 288 326 287 331 152 153 312 235 218 331 153 154 312 218 236 331 154 155 312 236 237 331 155 156 312 237 238 312 238 239 331 156 157 312 239 240 331 157 158 72 351 71 331 158 159 331 159 160 331 160 330 65 66 352 294 295 78 281 282 344 294 78 79 294 79 80 294 80 81 294 81 82 294 82 83 294 83 84 294 84 85 253 326 288 294 85 86 357 96 356 37 351 72 357 88 89 280 281 344 357 89 90 357 90 91 357 91 74 357 74 92 357 92 93 357 93 94 357 94 95 357 95 96 64 65 352 339 223 224 339 224 225 339 225 226 339 226 227 339 340 223 339 227 228 339 228 229 339 229 230 39 351 37 339 230 231 63 64 352 313 232 233 255 326 253 313 233 312 293 86 87 279 280 344 293 294 86 358 293 87 358 88 357 358 87 88 338 231 232 338 339 231 256 326 255 338 232 313 62 63 352 314 338 313 359 293 358 359 292 293 307 345 306 307 344 345 337 338 314 307 278 279 307 279 344 300 351 39 315 337 314 300 39 40 300 301 351 41 300 40 257 326 256 277 278 307 61 62 352 276 277 307 258 326 257 141 291 140 42 300 41 212 213 315 60 61 352 360 292 359 360 291 292 336 337 315 139 140 291 275 276 307 142 291 141 142 289 291 211 315 316 211 212 315 214 315 213 43 300 42 44 300 43 143 289 142 274 275 307 210 211 316 215 315 214 138 139 291 137 291 360 137 138 291 144 289 143 209 210 316 216 315 215 216 336 315 136 137 360 181 336 216 208 209 316 109 289 144 135 136 360 183 336 181 207 208 316 111 289 109 134 135 360 184 336 183 206 207 316 112 289 111 113 289 112 133 134 360 185 336 184 205 206 316 132 133 360 186 336 185 131 132 360 187 336 186 353 60 352 353 55 38 353 38 56 353 56 57 353 57 58 353 58 59 353 59 60 343 326 258 343 258 259 343 259 260 343 260 261 343 261 262 343 262 263 343 263 264 317 202 203 317 203 204 317 204 205 317 205 316 290 274 307 324 113 114 324 114 115 324 115 116 290 269 270 290 270 271 290 271 254 324 289 113 290 254 272 290 272 273 290 273 274 299 300 44 299 44 45 299 45 46 299 46 47 299 47 48 299 48 49 201 202 317 299 49 50 117 324 116 308 343 264 308 264 265 308 265 266 308 266 267 308 267 268 308 268 269 308 269 290 298 50 51 200 201 317 298 51 52 298 52 53 298 53 54 298 54 55 298 299 50 118 324 117 298 55 353 354 298 353 309 342 343 309 343 308 297 298 354 355 297 354 310 342 309 310 341 342 296 297 355 248 341 310 104 355 356 249 340 341 249 341 248 105 296 355 105 355 104 247 310 311 247 248 310 103 104 356 106 296 105 106 295 296 250 340 249 
38 36 1 0.00818139910274831
-24.07031021678 -21.92031021678 72.2 -24.07031021678 -21.92031021678 67.2 -19.77031021678 -21.92031021678 67.2 -19.8029735478038 -22.2936537987639 67.2 -19.8999710820903 -22.6556535249302 67.2 -20.0583555986435 -22.99531021678 67.2 -20.2733146640742 -23.3023035776061 67.2 -20.5383168559539 -23.5673057694858 67.2 -20.84531021678 -23.7822648349165 67.2 -21.1849669086298 -23.9406493514697 67.2 -21.5469666347961 -24.0376468857562 67.2 -21.92031021678 -24.07031021678 67.2 -22.2936537987639 -24.0376468857562 67.2 -22.6556535249302 -23.9406493514697 67.2 -22.99531021678 -23.7822648349165 67.2 -23.3023035776061 -23.5673057694858 67.2 -23.5673057694858 -23.3023035776061 67.2 -23.7822648349165 -22.99531021678 67.2 -23.9406493514697 -22.6556535249302 67.2 -24.0376468857562 -22.2936537987639 67.2 -19.77031021678 -21.92031021678 72.2 -19.8029735478038 -22.2936537987639 72.2 -19.8999710820903 -22.6556535249302 72.2 -20.0583555986435 -22.99531021678 72.2 -20.2733146640742 -23.3023035776061 72.2 -20.5383168559539 -23.5673057694858 72.2 -20.84531021678 -23.7822648349165 72.2 -21.1849669086298 -23.9406493514697 72.2 -21.5469666347961 -24.0376468857562 72.2 -21.92031021678 -24.07031021678 72.2 -22.2936537987639 -24.0376468857562 72.2 -22.6556535249302 -23.9406493514697 72.2 -22.99531021678 -23.7822648349165 72.2 -23.3023035776061 -23.5673057694858 72.2 -23.5673057694858 -23.3023035776061 72.2 -23.7822648349165 -22.99531021678 72.2 -23.9406493514697 -22.6556535249302 72.2 -24.0376468857562 -22.2936537987639 72.2 6.28318530717959 -5 6.28318530717959 0 3.14159265358979 0 3.31612557878923 0 3.49065850398866 0 3.66519142918809 0 3.83972435438752 0 4.01425727958696 0 4.18879020478639 0 4.36332312998582 0 4.53785605518526 0 4.71238898038469 0 4.88692190558412 0 5.06145483078355 0 5.23598775598299 0 5.41052068118242 0 5.58505360638185 0 5.75958653158128 0 5.93411945678072 0 6.10865238198015 0 3.14159265358979 -5 3.31612557878923 -5 3.49065850398866 -5 3.66519142918809 -5 3.83972435438752 -5 4.01425727958696 -5 4.18879020478639 -5 4.36332312998582 -5 4.53785605518526 -5 4.71238898038469 -5 4.88692190558412 -5 5.06145483078355 -5 5.23598775598299 -5 5.41052068118242 -5 5.58505360638185 -5 5.75958653158128 -5 5.93411945678072 -5 6.10865238198015 -5 4 3 21 4 21 22 5 22 23 5 4 22 6 23 24 6 5 23 7 24 25 7 6 24 8 25 26 8 7 25 9 26 27 9 8 26 10 27 28 10 9 27 11 28 29 11 10 28 12 29 30 12 11 29 13 30 31 13 12 30 14 31 32 14 13 31 15 32 33 15 14 32 16 33 34 16 15 33 17 34 35 17 16 34 18 35 36 18 17 35 19 18 36 19 36 37 20 19 37 20 37 38 2 20 38 2 38 1 
38 36 1 0.00818139910274801
-24.07031021678 -21.92031021678 67.2 -19.77031021678 -21.92031021678 67.2 -24.0376468857562 -21.5469666347961 67.2 -23.9406493514697 -21.1849669086298 67.2 -23.7822648349165 -20.84531021678 67.2 -23.5673057694858 -20.5383168559539 67.2 -23.3023035776061 -20.2733146640742 67.2 -22.99531021678 -20.0583555986435 67.2 -22.6556535249302 -19.8999710820903 67.2 -22.2936537987639 -19.8029735478038 67.2 -21.92031021678 -19.77031021678 67.2 -21.5469666347961 -19.8029735478038 67.2 -21.1849669086298 -19.8999710820903 67.2 -20.84531021678 -20.0583555986435 67.2 -20.5383168559539 -20.2733146640742 67.2 -20.2733146640742 -20.5383168559539 67.2 -20.0583555986435 -20.84531021678 67.2 -19.8999710820903 -21.1849669086298 67.2 -19.8029735478038 -21.5469666347961 67.2 -24.07031021678 -21.92031021678 72.2 -19.77031021678 -21.92031021678 72.2 -24.0376468857562 -21.5469666347961 72.2 -23.9406493514697 -21.1849669086298 72.2 -23.7822648349165 -20.84531021678 72.2 -23.5673057694858 -20.5383168559539 72.2 -23.3023035776061 -20.2733146640742 72.2 -22.99531021678 -20.0583555986435 72.2 -22.6556535249302 -19.8999710820903 72.2 -22.2936537987639 -19.8029735478038 72.2 -21.92031021678 -19.77031021678 72.2 -21.5469666347961 -19.8029735478038 72.2 -21.1849669086298 -19.8999710820903 72.2 -20.84531021678 -20.0583555986435 72.2 -20.5383168559539 -20.2733146640742 72.2 -20.2733146640742 -20.5383168559539 72.2 -20.0583555986435 -20.84531021678 72.2 -19.8999710820903 -21.1849669086298 72.2 -19.8029735478038 -21.5469666347961 72.2 0 0 3.14159265358979 0 0.174532925199433 0 0.349065850398866 0 0.523598775598299 0 0.698131700797732 0 0.872664625997165 0 1.0471975511966 0 1.22173047639603 0 1.39626340159546 0 1.5707963267949 0 1.74532925199433 0 1.91986217719376 0 2.0943951023932 0 2.26892802759263 0 2.44346095279206 0 2.61799387799149 0 2.79252680319093 0 2.96705972839036 0 0 -5 3.14159265358979 -5 0.174532925199433 -5 0.349065850398866 -5 0.523598775598299 -5 0.698131700797732 -5 0.872664625997165 -5 1.0471975511966 -5 1.22173047639603 -5 1.39626340159546 -5 1.5707963267949 -5 1.74532925199433 -5 1.91986217719376 -5 2.0943951023932 -5 2.26892802759263 -5 2.44346095279206 -5 2.61799387799149 -5 2.79252680319093 -5 2.96705972839036 -5 3 1 20 3 20 22 4 22 23 4 3 22 5 23 24 5 4 23 6 24 25 6 5 24 7 25 26 7 6 25 8 26 27 8 7 26 9 27 28 9 8 27 10 28 29 10 9 28 11 29 30 11 10 29 12 30 31 12 11 30 13 31 32 13 12 31 14 32 33 14 13 32 15 33 34 15 14 33 16 34 35 16 15 34 17 16 35 17 35 36 18 17 36 18 36 37 19 18 37 19 37 38 2 19 38 2 38 21 
38 36 1 0.00818139910275005
-2.15 -31 72.2 -2.15 -31 67.2 2.15 -31 67.2 2.11733666897625 -31.3733435819839 67.2 2.0203391346897 -31.7353433081502 67.2 1.86195461813654 -32.075 67.2 1.6469955527058 -32.3819933608261 67.2 1.38199336082606 -32.6469955527058 67.2 1.075 -32.8619546181365 67.2 0.735343308150191 -33.0203391346897 67.2 0.373343581983904 -33.1173366689763 67.2 4.21410275381825e-15 -33.15 67.2 -0.373343581983896 -33.1173366689763 67.2 -0.735343308150183 -33.0203391346897 67.2 -1.075 -32.8619546181365 67.2 -1.38199336082606 -32.6469955527058 67.2 -1.6469955527058 -32.3819933608261 67.2 -1.86195461813654 -32.075 67.2 -2.0203391346897 -31.7353433081502 67.2 -2.11733666897625 -31.3733435819839 67.2 2.15 -31 72.2 2.11733666897625 -31.3733435819839 72.2 2.0203391346897 -31.7353433081502 72.2 1.86195461813654 -32.075 72.2 1.6469955527058 -32.3819933608261 72.2 1.38199336082606 -32.6469955527058 72.2 1.075 -32.8619546181365 72.2 0.735343308150191 -33.0203391346897 72.2 0.373343581983904 -33.1173366689763 72.2 4.21410275381825e-15 -33.15 72.2 -0.373343581983896 -33.1173366689763 72.2 -0.735343308150183 -33.0203391346897 72.2 -1.075 -32.8619546181365 72.2 -1.38199336082606 -32.6469955527058 72.2 -1.6469955527058 -32.3819933608261 72.2 -1.86195461813654 -32.075 72.2 -2.0203391346897 -31.7353433081502 72.2 -2.11733666897625 -31.3733435819839 72.2 6.28318530717959 -5 6.28318530717959 0 3.14159265358979 0 3.31612557878923 0 3.49065850398866 0 3.66519142918809 0 3.83972435438752 0 4.01425727958696 0 4.18879020478639 0 4.36332312998582 0 4.53785605518526 0 4.71238898038469 0 4.88692190558412 0 5.06145483078355 0 5.23598775598299 0 5.41052068118242 0 5.58505360638185 0 5.75958653158128 0 5.93411945678072 0 6.10865238198015 0 3.14159265358979 -5 3.31612557878923 -5 3.49065850398866 -5 3.66519142918809 -5 3.83972435438752 -5 4.01425727958696 -5 4.18879020478639 -5 4.36332312998582 -5 4.53785605518526 -5 4.71238898038469 -5 4.88692190558412 -5 5.06145483078355 -5 5.23598775598299 -5 5.41052068118242 -5 5.58505360638185 -5 5.75958653158128 -5 5.93411945678072 -5 6.10865238198015 -5 4 3 21 4 21 22 5 22 23 5 4 22 6 23 24 6 5 23 7 24 25 7 6 24 8 25 26 8 7 25 9 26 27 9 8 26 10 27 28 10 9 27 11 28 29 11 10 28 12 29 30 12 11 29 13 30 31 13 12 30 14 31 32 14 13 31 15 32 33 15 14 32 16 33 34 16 15 33 17 34 35 17 16 34 18 35 36 18 17 35 19 18 36 19 36 37 20 19 37 20 37 38 2 20 38 2 38 1 
38 36 1 0.00818139910274847
-2.15 -31 67.2 2.15 -31 67.2 -2.11733666897625 -30.6266564180161 67.2 -2.0203391346897 -30.2646566918498 67.2 -1.86195461813654 -29.925 67.2 -1.6469955527058 -29.6180066391739 67.2 -1.38199336082606 -29.3530044472942 67.2 -1.075 -29.1380453818635 67.2 -0.735343308150188 -28.9796608653103 67.2 -0.3733435819839 -28.8826633310238 67.2 -1.31645183035906e-16 -28.85 67.2 0.3733435819839 -28.8826633310238 67.2 0.735343308150188 -28.9796608653103 67.2 1.075 -29.1380453818635 67.2 1.38199336082606 -29.3530044472942 67.2 1.6469955527058 -29.6180066391739 67.2 1.86195461813654 -29.925 67.2 2.0203391346897 -30.2646566918498 67.2 2.11733666897625 -30.6266564180161 67.2 -2.15 -31 72.2 2.15 -31 72.2 -2.11733666897625 -30.6266564180161 72.2 -2.0203391346897 -30.2646566918498 72.2 -1.86195461813654 -29.925 72.2 -1.6469955527058 -29.6180066391739 72.2 -1.38199336082606 -29.3530044472942 72.2 -1.075 -29.1380453818635 72.2 -0.735343308150188 -28.9796608653103 72.2 -0.3733435819839 -28.8826633310238 72.2 -1.31645183035906e-16 -28.85 72.2 0.3733435819839 -28.8826633310238 72.2 0.735343308150188 -28.9796608653103 72.2 1.075 -29.1380453818635 72.2 1.38199336082606 -29.3530044472942 72.2 1.6469955527058 -29.6180066391739 72.2 1.86195461813654 -29.925 72.2 2.0203391346897 -30.2646566918498 72.2 2.11733666897625 -30.6266564180161 72.2 0 0 3.14159265358979 0 0.174532925199433 0 0.349065850398866 0 0.523598775598299 0 0.698131700797732 0 0.872664625997165 0 1.0471975511966 0 1.22173047639603 0 1.39626340159546 0 1.5707963267949 0 1.74532925199433 0 1.91986217719376 0 2.0943951023932 0 2.26892802759263 0 2.44346095279206 0 2.61799387799149 0 2.79252680319093 0 2.96705972839036 0 0 -5 3.14159265358979 -5 0.174532925199433 -5 0.349065850398866 -5 0.523598775598299 -5 0.698131700797732 -5 0.872664625997165 -5 1.0471975511966 -5 1.22173047639603 -5 1.39626340159546 -5 1.5707963267949 -5 1.74532925199433 -5 1.91986217719376 -5 2.0943951023932 -5 2.26892802759263 -5 2.44346095279206 -5 2.61799387799149 -5 2.79252680319093 -5 2.96705972839036 -5 3 1 20 3 20 22 4 22 23 4 3 22 5 23 24 5 4 23 6 24 25 6 5 24 7 25 26 7 6 25 8 26 27 8 7 26 9 27 28 9 8 27 10 28 29 10 9 28 11 29 30 11 10 29 12 30 31 12 11 30 13 31 32 13 12 31 14 32 33 14 13 32 15 33 34 15 14 33 16 34 35 16 15 34 17 16 35 17 35 36 18 17 36 18 36 37 19 18 37 19 37 38 2 19 38 2 38 21 
38 36 1 0.00818139910274831
19.77031021678 -21.92031021678 72.2 19.77031021678 -21.92031021678 67.2 24.07031021678 -21.92031021678 67.2 24.0376468857562 -22.2936537987639 67.2 23.9406493514697 -22.6556535249302 67.2 23.7822648349165 -22.99531021678 67.2 23.5673057694858 -23.3023035776061 67.2 23.3023035776061 -23.5673057694858 67.2 22.99531021678 -23.7822648349165 67.2 22.6556535249302 -23.9406493514697 67.2 22.2936537987639 -24.0376468857562 67.2 21.92031021678 -24.07031021678 67.2 21.5469666347961 -24.0376468857562 67.2 21.1849669086298 -23.9406493514697 67.2 20.84531021678 -23.7822648349165 67.2 20.5383168559539 -23.5673057694858 67.2 20.2733146640742 -23.3023035776061 67.2 20.0583555986435 -22.99531021678 67.2 19.8999710820903 -22.6556535249302 67.2 19.8029735478038 -22.2936537987639 67.2 24.07031021678 -21.92031021678 72.2 24.0376468857562 -22.2936537987639 72.2 23.9406493514697 -22.6556535249302 72.2 23.7822648349165 -22.99531021678 72.2 23.5673057694858 -23.3023035776061 72.2 23.3023035776061 -23.5673057694858 72.2 22.99531021678 -23.7822648349165 72.2 22.6556535249302 -23.9406493514697 72.2 22.2936537987639 -24.0376468857562 72.2 21.92031021678 -24.07031021678 72.2 21.5469666347961 -24.0376468857562 72.2 21.1849669086298 -23.9406493514697 72.2 20.84531021678 -23.7822648349165 72.2 20.5383168559539 -23.5673057694858 72.2 20.2733146640742 -23.3023035776061 72.2 20.0583555986435 -22.99531021678 72.2 19.8999710820903 -22.6556535249302 72.2 19.8029735478038 -22.2936537987639 72.2 6.28318530717959 -5 6.28318530717959 0 3.14159265358979 0 3.31612557878923 0 3.49065850398866 0 3.66519142918809 0 3.83972435438752 0 4.01425727958696 0 4.18879020478639 0 4.36332312998582 0 4.53785605518526 0 4.71238898038469 0 4.88692190558412 0 5.06145483078355 0 5.23598775598299 0 5.41052068118242 0 5.58505360638185 0 5.75958653158128 0 5.93411945678072 0 6.10865238198015 0 3.14159265358979 -5 3.31612557878923 -5 3.49065850398866 -5 3.66519142918809 -5 3.83972435438752 -5 4.01425727958696 -5 4.18879020478639 -5 4.36332312998582 -5 4.53785605518526 -5 4.71238898038469 -5 4.88692190558412 -5 5.06145483078355 -5 5.23598775598299 -5 5.41052068118242 -5 5.58505360638185 -5 5.75958653158128 -5 5.93411945678072 -5 6.10865238198015 -5 4 3 21 4 21 22 5 22 23 5 4 22 6 23 24 6 5 23 7 24 25 7 6 24 8 25 26 8 7 25 9 26 27 9 8 26 10 27 28 10 9 27 11 28 29 11 10 28 12 29 30 12 11 29 13 30 31 13 12 30 14 31 32 14 13 31 15 32 33 15 14 32 16 33 34 16 15 33 17 34 35 17 16 34 18 35 36 18 17 35 19 18 36 19 36 37 20 19 37 20 37 38 2 20 38 2 38 1 
38 36 1 0.00818139910274801
19.77031021678 -21.92031021678 67.2 24.07031021678 -21.92031021678 67.2 19.8029735478038 -21.5469666347961 67.2 19.8999710820903 -21.1849669086298 67.2 20.0583555986435 -20.84531021678 67.2 20.2733146640742 -20.5383168559539 67.2 20.5383168559539 -20.2733146640742 67.2 20.84531021678 -20.0583555986435 67.2 21.1849669086298 -19.8999710820903 67.2 21.5469666347961 -19.8029735478038 67.2 21.92031021678 -19.77031021678 67.2 22.2936537987639 -19.8029735478038 67.2 22.6556535249302 -19.8999710820903 67.2 22.99531021678 -20.0583555986435 67.2 23.3023035776061 -20.2733146640742 67.2 23.5673057694858 -20.5383168559539 67.2 23.7822648349165 -20.84531021678 67.2 23.9406493514697 -21.1849669086298 67.2 24.0376468857562 -21.5469666347961 67.2 19.77031021678 -21.92031021678 72.2 24.07031021678 -21.92031021678 72.2 19.8029735478038 -21.5469666347961 72.2 19.8999710820903 -21.1849669086298 72.2 20.0583555986435 -20.84531021678 72.2 20.2733146640742 -20.5383168559539 72.2 20.5383168559539 -20.2733146640742 72.2 20.84531021678 -20.0583555986435 72.2 21.1849669086298 -19.8999710820903 72.2 21.5469666347961 -19.8029735478038 72.2 21.92031021678 -19.77031021678 72.2 22.2936537987639 -19.8029735478038 72.2 22.6556535249302 -19.8999710820903 72.2 22.99531021678 -20.0583555986435 72.2 23.3023035776061 -20.2733146640742 72.2 23.5673057694858 -20.5383168559539 72.2 23.7822648349165 -20.84531021678 72.2 23.9406493514697 -21.1849669086298 72.2 24.0376468857562 -21.5469666347961 72.2 0 0 3.14159265358979 0 0.174532925199433 0 0.349065850398866 0 0.523598775598299 0 0.698131700797732 0 0.872664625997165 0 1.0471975511966 0 1.22173047639603 0 1.39626340159546 0 1.5707963267949 0 1.74532925199433 0 1.91986217719376 0 2.0943951023932 0 2.26892802759263 0 2.44346095279206 0 2.61799387799149 0 2.79252680319093 0 2.96705972839036 0 0 -5 3.14159265358979 -5 0.174532925199433 -5 0.349065850398866 -5 0.523598775598299 -5 0.698131700797732 -5 0.872664625997165 -5 1.0471975511966 -5 1.22173047639603 -5 1.39626340159546 -5 1.5707963267949 -5 1.74532925199433 -5 1.91986217719376 -5 2.0943951023932 -5 2.26892802759263 -5 2.44346095279206 -5 2.61799387799149 -5 2.79252680319093 -5 2.96705972839036 -5 3 1 20 3 20 22 4 22 23 4 3 22 5 23 24 5 4 23 6 24 25 6 5 24 7 25 26 7 6 25 8 26 27 8 7 26 9 27 28 9 8 27 10 28 29 10 9 28 11 29 30 11 10 29 12 30 31 12 11 30 13 31 32 13 12 31 14 32 33 14 13 32 15 33 34 15 14 33 16 34 35 16 15 34 17 16 35 17 35 36 18 17 36 18 36 37 19 18 37 19 37 38 2 19 38 2 38 21 
38 36 1 0.00818139910274964
28.85 0 72.2 28.85 0 67.2 33.15 2.63299061816681e-16 67.2 33.1173366689763 -0.373343581983899 67.2 33.0203391346897 -0.735343308150186 67.2 32.8619546181365 -1.075 67.2 32.6469955527058 -1.38199336082606 67.2 32.3819933608261 -1.6469955527058 67.2 32.075 -1.86195461813654 67.2 31.7353433081502 -2.0203391346897 67.2 31.3733435819839 -2.11733666897625 67.2 31 -2.15 67.2 30.6266564180161 -2.11733666897625 67.2 30.2646566918498 -2.0203391346897 67.2 29.925 -1.86195461813654 67.2 29.6180066391739 -1.64699555270581 67.2 29.3530044472942 -1.38199336082606 67.2 29.1380453818635 -1.07500000000001 67.2 28.9796608653103 -0.735343308150194 67.2 28.8826633310238 -0.373343581983908 67.2 33.15 2.63299061816681e-16 72.2 33.1173366689763 -0.373343581983899 72.2 33.0203391346897 -0.735343308150186 72.2 32.8619546181365 -1.075 72.2 32.6469955527058 -1.38199336082606 72.2 32.3819933608261 -1.6469955527058 72.2 32.075 -1.86195461813654 72.2 31.7353433081502 -2.0203391346897 72.2 31.3733435819839 -2.11733666897625 72.2 31 -2.15 72.2 30.6266564180161 -2.11733666897625 72.2 30.2646566918498 -2.0203391346897 72.2 29.925 -1.86195461813654 72.2 29.6180066391739 -1.64699555270581 72.2 29.3530044472942 -1.38199336082606 72.2 29.1380453818635 -1.07500000000001 72.2 28.9796608653103 -0.735343308150194 72.2 28.8826633310238 -0.373343581983908 72.2 6.28318530717959 -5 6.28318530717959 0 3.14159265358979 0 3.31612557878923 0 3.49065850398866 0 3.66519142918809 0 3.83972435438752 0 4.01425727958696 0 4.18879020478639 0 4.36332312998582 0 4.53785605518526 0 4.71238898038469 0 4.88692190558412 0 5.06145483078355 0 5.23598775598299 0 5.41052068118242 0 5.58505360638185 0 5.75958653158128 0 5.93411945678072 0 6.10865238198015 0 3.14159265358979 -5 3.31612557878923 -5 3.49065850398866 -5 3.66519142918809 -5 3.83972435438752 -5 4.01425727958696 -5 4.18879020478639 -5 4.36332312998582 -5 4.53785605518526 -5 4.71238898038469 -5 4.88692190558412 -5 5.06145483078355 -5 5.23598775598299 -5 5.41052068118242 -5 5.58505360638185 -5 5.75958653158128 -5 5.93411945678072 -5 6.10865238198015 -5 4 3 21 4 21 22 5 22 23 5 4 22 6 23 24 6 5 23 7 24 25 7 6 24 8 25 26 8 7 25 9 26 27 9 8 26 10 27 28 10 9 27 11 28 29 11 10 28 12 29 30 12 11 29 13 30 31 13 12 30 14 31 32 14 13 31 15 32 33 15 14 32 16 33 34 16 15 33 17 34 35 17 16 34 18 35 36 18 17 35 19 18 36 19 36 37 20 19 37 20 37 38 2 20 38 2 38 1 
38 36 1 0.0081813991027516
28.85 0 67.2 33.15 2.63299061816681e-16 67.2 28.8826633310238 0.3733435819839 67.2 28.9796608653103 0.735343308150187 67.2 29.1380453818635 1.075 67.2 29.3530044472942 1.38199336082606 67.2 29.6180066391739 1.6469955527058 67.2 29.925 1.86195461813654 67.2 30.2646566918498 2.0203391346897 67.2 30.6266564180161 2.11733666897625 67.2 31 2.15 67.2 31.3733435819839 2.11733666897625 67.2 31.7353433081502 2.0203391346897 67.2 32.075 1.86195461813654 67.2 32.3819933608261 1.6469955527058 67.2 32.6469955527058 1.38199336082606 67.2 32.8619546181365 1.075 67.2 33.0203391346897 0.73534330815019 67.2 33.1173366689762 0.373343581983903 67.2 28.85 0 72.2 33.15 2.63299061816681e-16 72.2 28.8826633310238 0.3733435819839 72.2 28.9796608653103 0.735343308150187 72.2 29.1380453818635 1.075 72.2 29.3530044472942 1.38199336082606 72.2 29.6180066391739 1.6469955527058 72.2 29.925 1.86195461813654 72.2 30.2646566918498 2.0203391346897 72.2 30.6266564180161 2.11733666897625 72.2 31 2.15 72.2 31.3733435819839 2.11733666897625 72.2 31.7353433081502 2.0203391346897 72.2 32.075 1.86195461813654 72.2 32.3819933608261 1.6469955527058 72.2 32.6469955527058 1.38199336082606 72.2 32.8619546181365 1.075 72.2 33.0203391346897 0.73534330815019 72.2 33.1173366689762 0.373343581983903 72.2 0 0 3.14159265358979 0 0.174532925199433 0 0.349065850398866 0 0.523598775598299 0 0.698131700797732 0 0.872664625997165 0 1.0471975511966 0 1.22173047639603 0 1.39626340159546 0 1.5707963267949 0 1.74532925199433 0 1.91986217719376 0 2.0943951023932 0 2.26892802759263 0 2.44346095279206 0 2.61799387799149 0 2.79252680319093 0 2.96705972839036 0 0 -5 3.14159265358979 -5 0.174532925199433 -5 0.349065850398866 -5 0.523598775598299 -5 0.698131700797732 -5 0.872664625997165 -5 1.0471975511966 -5 1.22173047639603 -5 1.39626340159546 -5 1.5707963267949 -5 1.74532925199433 -5 1.91986217719376 -5 2.0943951023932 -5 2.26892802759263 -5 2.44346095279206 -5 2.61799387799149 -5 2.79252680319093 -5 2.96705972839036 -5 3 1 20 3 20 22 4 22 23 4 3 22 5 23 24 5 4 23 6 24 25 6 5 24 7 25 26 7 6 25 8 26 27 8 7 26 9 27 28 9 8 27 10 28 29 10 9 28 11 29 30 11 10 29 12 30 31 12 11 30 13 31 32 13 12 31 14 32 33 14 13 32 15 33 34 15 14 33 16 34 35 16 15 34 17 16 35 17 35 36 18 17 36 18 36 37 19 18 37 19 37 38 2 19 38 2 38 21 
38 36 1 0.00818139910274831
19.77031021678 21.92031021678 72.2 19.77031021678 21.92031021678 67.2 24.07031021678 21.92031021678 67.2 24.0376468857562 21.5469666347961 67.2 23.9406493514697 21.1849669086298 67.2 23.7822648349165 20.84531021678 67.2 23.5673057694858 20.5383168559539 67.2 23.3023035776061 20.2733146640742 67.2 22.99531021678 20.0583555986435 67.2 22.6556535249302 19.8999710820903 67.2 22.2936537987639 19.8029735478038 67.2 21.92031021678 19.77031021678 67.2 21.5469666347961 19.8029735478038 67.2 21.1849669086298 19.8999710820903 67.2 20.84531021678 20.0583555986435 67.2 20.5383168559539 20.2733146640742 67.2 20.2733146640742 20.5383168559539 67.2 20.0583555986435 20.84531021678 67.2 19.8999710820903 21.1849669086298 67.2 19.8029735478038 21.5469666347961 67.2 24.07031021678 21.92031021678 72.2 24.0376468857562 21.5469666347961 72.2 23.9406493514697 21.1849669086298 72.2 23.7822648349165 20.84531021678 72.2 23.5673057694858 20.5383168559539 72.2 23.3023035776061 20.2733146640742 72.2 22.99531021678 20.0583555986435 72.2 22.6556535249302 19.8999710820903 72.2 22.2936537987639 19.8029735478038 72.2 21.92031021678 19.77031021678 72.2 21.5469666347961 19.8029735478038 72.2 21.1849669086298 19.8999710820903 72.2 20.84531021678 20.0583555986435 72.2 20.5383168559539 20.2733146640742 72.2 20.2733146640742 20.5383168559539 72.2 20.0583555986435 20.84531021678 72.2 19.8999710820903 21.1849669086298 72.2 19.8029735478038 21.5469666347961 72.2 6.28318530717959 -5 6.28318530717959 0 3.14159265358979 0 3.31612557878923 0 3.49065850398866 0 3.66519142918809 0 3.83972435438752 0 4.01425727958696 0 4.18879020478639 0 4.36332312998582 0 4.53785605518526 0 4.71238898038469 0 4.88692190558412 0 5.06145483078355 0 5.23598775598299 0 5.41052068118242 0 5.58505360638185 0 5.75958653158128 0 5.93411945678072 0 6.10865238198015 0 3.14159265358979 -5 3.31612557878923 -5 3.49065850398866 -5 3.66519142918809 -5 3.83972435438752 -5 4.01425727958696 -5 4.18879020478639 -5 4.36332312998582 -5 4.53785605518526 -5 4.71238898038469 -5 4.88692190558412 -5 5.06145483078355 -5 5.23598775598299 -5 5.41052068118242 -5 5.58505360638185 -5 5.75958653158128 -5 5.93411945678072 -5 6.10865238198015 -5 4 3 21 4 21 22 5 22 23 5 4 22 6 23 24 6 5 23 7 24 25 7 6 24 8 25 26 8 7 25 9 26 27 9 8 26 10 27 28 10 9 27 11 28 29 11 10 28 12 29 30 12 11 29 13 30 31 13 12 30 14 31 32 14 13 31 15 32 33 15 14 32 16 33 34 16 15 33 17 34 35 17 16 34 18 35 36 18 17 35 19 18 36 19 36 37 20 19 37 20 37 38 2 20 38 2 38 1 
38 36 1 0.00818139910274801
19.77031021678 21.92031021678 67.2 24.07031021678 21.92031021678 67.2 19.8029735478038 22.2936537987639 67.2 19.8999710820903 22.6556535249302 67.2 20.0583555986435 22.99531021678 67.2 20.2733146640742 23.3023035776061 67.2 20.5383168559539 23.5673057694858 67.2 20.84531021678 23.7822648349165 67.2 21.1849669086298 23.9406493514697 67.2 21.5469666347961 24.0376468857562 67.2 21.92031021678 24.07031021678 67.2 22.2936537987639 24.0376468857562 67.2 22.6556535249302 23.9406493514697 67.2 22.99531021678 23.7822648349165 67.2 23.3023035776061 23.5673057694858 67.2 23.5673057694858 23.3023035776061 67.2 23.7822648349165 22.99531021678 67.2 23.9406493514697 22.6556535249302 67.2 24.0376468857562 22.2936537987639 67.2 19.77031021678 21.92031021678 72.2 24.07031021678 21.92031021678 72.2 19.8029735478038 22.2936537987639 72.2 19.8999710820903 22.6556535249302 72.2 20.0583555986435 22.99531021678 72.2 20.2733146640742 23.3023035776061 72.2 20.5383168559539 23.5673057694858 72.2 20.84531021678 23.7822648349165 72.2 21.1849669086298 23.9406493514697 72.2 21.5469666347961 24.0376468857562 72.2 21.92031021678 24.07031021678 72.2 22.2936537987639 24.0376468857562 72.2 22.6556535249302 23.9406493514697 72.2 22.99531021678 23.7822648349165 72.2 23.3023035776061 23.5673057694858 72.2 23.5673057694858 23.3023035776061 72.2 23.7822648349165 22.99531021678 72.2 23.9406493514697 22.6556535249302 72.2 24.0376468857562 22.2936537987639 72.2 0 0 3.14159265358979 0 0.174532925199433 0 0.349065850398866 0 0.523598775598299 0 0.698131700797732 0 0.872664625997165 0 1.0471975511966 0 1.22173047639603 0 1.39626340159546 0 1.5707963267949 0 1.74532925199433 0 1.91986217719376 0 2.0943951023932 0 2.26892802759263 0 2.44346095279206 0 2.61799387799149 0 2.79252680319093 0 2.96705972839036 0 0 -5 3.14159265358979 -5 0.174532925199433 -5 0.349065850398866 -5 0.523598775598299 -5 0.698131700797732 -5 0.872664625997165 -5 1.0471975511966 -5 1.22173047639603 -5 1.39626340159546 -5 1.5707963267949 -5 1.74532925199433 -5 1.91986217719376 -5 2.0943951023932 -5 2.26892802759263 -5 2.44346095279206 -5 2.61799387799149 -5 2.79252680319093 -5 2.96705972839036 -5 3 1 20 3 20 22 4 22 23 4 3 22 5 23 24 5 4 23 6 24 25 6 5 24 7 25 26 7 6 25 8 26 27 8 7 26 9 27 28 9 8 27 10 28 29 10 9 28 11 29 30 11 10 29 12 30 31 12 11 30 13 31 32 13 12 31 14 32 33 14 13 32 15 33 34 15 14 33 16 34 35 16 15 34 17 16 35 17 35 36 18 17 36 18 36 37 19 18 37 19 37 38 2 19 38 2 38 21 
38 36 1 0.00818139910274968
-2.15 31 72.2 -2.15 31 67.2 2.15 31 67.2 2.11733666897625 30.6266564180161 67.2 2.0203391346897 30.2646566918498 67.2 1.86195461813654 29.925 67.2 1.6469955527058 29.6180066391739 67.2 1.38199336082606 29.3530044472942 67.2 1.075 29.1380453818635 67.2 0.735343308150191 28.9796608653103 67.2 0.373343581983904 28.8826633310238 67.2 4.21410275381825e-15 28.85 67.2 -0.373343581983896 28.8826633310238 67.2 -0.735343308150183 28.9796608653103 67.2 -1.075 29.1380453818635 67.2 -1.38199336082606 29.3530044472942 67.2 -1.6469955527058 29.6180066391739 67.2 -1.86195461813654 29.925 67.2 -2.0203391346897 30.2646566918498 67.2 -2.11733666897625 30.6266564180161 67.2 2.15 31 72.2 2.11733666897625 30.6266564180161 72.2 2.0203391346897 30.2646566918498 72.2 1.86195461813654 29.925 72.2 1.6469955527058 29.6180066391739 72.2 1.38199336082606 29.3530044472942 72.2 1.075 29.1380453818635 72.2 0.735343308150191 28.9796608653103 72.2 0.373343581983904 28.8826633310238 72.2 4.21410275381825e-15 28.85 72.2 -0.373343581983896 28.8826633310238 72.2 -0.735343308150183 28.9796608653103 72.2 -1.075 29.1380453818635 72.2 -1.38199336082606 29.3530044472942 72.2 -1.6469955527058 29.6180066391739 72.2 -1.86195461813654 29.925 72.2 -2.0203391346897 30.2646566918498 72.2 -2.11733666897625 30.6266564180161 72.2 6.28318530717959 -5 6.28318530717959 0 3.14159265358979 0 3.31612557878923 0 3.49065850398866 0 3.66519142918809 0 3.83972435438752 0 4.01425727958696 0 4.18879020478639 0 4.36332312998582 0 4.53785605518526 0 4.71238898038469 0 4.88692190558412 0 5.06145483078355 0 5.23598775598299 0 5.41052068118242 0 5.58505360638185 0 5.75958653158128 0 5.93411945678072 0 6.10865238198015 0 3.14159265358979 -5 3.31612557878923 -5 3.49065850398866 -5 3.66519142918809 -5 3.83972435438752 -5 4.01425727958696 -5 4.18879020478639 -5 4.36332312998582 -5 4.53785605518526 -5 4.71238898038469 -5 4.88692190558412 -5 5.06145483078355 -5 5.23598775598299 -5 5.41052068118242 -5 5.58505360638185 -5 5.75958653158128 -5 5.93411945678072 -5 6.10865238198015 -5 4 3 21 4 21 22 5 22 23 5 4 22 6 23 24 6 5 23 7 24 25 7 6 24 8 25 26 8 7 25 9 26 27 9 8 26 10 27 28 10 9 27 11 28 29 11 10 28 12 29 30 12 11 29 13 30 31 13 12 30 14 31 32 14 13 31 15 32 33 15 14 32 16 33 34 16 15 33 17 34 35 17 16 34 18 35 36 18 17 35 19 18 36 19 36 37 20 19 37 20 37 38 2 20 38 2 38 1 
38 36 1 0.0081813991027491
-2.15 31 67.2 2.15 31 67.2 -2.11733666897625 31.3733435819839 67.2 -2.0203391346897 31.7353433081502 67.2 -1.86195461813654 32.075 67.2 -1.6469955527058 32.3819933608261 67.2 -1.38199336082606 32.6469955527058 67.2 -1.075 32.8619546181365 67.2 -0.735343308150188 33.0203391346897 67.2 -0.3733435819839 33.1173366689763 67.2 -1.31645183035906e-16 33.15 67.2 0.3733435819839 33.1173366689763 67.2 0.735343308150188 33.0203391346897 67.2 1.075 32.8619546181365 67.2 1.38199336082606 32.6469955527058 67.2 1.6469955527058 32.3819933608261 67.2 1.86195461813654 32.075 67.2 2.0203391346897 31.7353433081502 67.2 2.11733666897625 31.3733435819839 67.2 -2.15 31 72.2 2.15 31 72.2 -2.11733666897625 31.3733435819839 72.2 -2.0203391346897 31.7353433081502 72.2 -1.86195461813654 32.075 72.2 -1.6469955527058 32.3819933608261 72.2 -1.38199336082606 32.6469955527058 72.2 -1.075 32.8619546181365 72.2 -0.735343308150188 33.0203391346897 72.2 -0.3733435819839 33.1173366689763 72.2 -1.31645183035906e-16 33.15 72.2 0.3733435819839 33.1173366689763 72.2 0.735343308150188 33.0203391346897 72.2 1.075 32.8619546181365 72.2 1.38199336082606 32.6469955527058 72.2 1.6469955527058 32.3819933608261 72.2 1.86195461813654 32.075 72.2 2.0203391346897 31.7353433081502 72.2 2.11733666897625 31.3733435819839 72.2 0 0 3.14159265358979 0 0.174532925199433 0 0.349065850398866 0 0.523598775598299 0 0.698131700797732 0 0.872664625997165 0 1.0471975511966 0 1.22173047639603 0 1.39626340159546 0 1.5707963267949 0 1.74532925199433 0 1.91986217719376 0 2.0943951023932 0 2.26892802759263 0 2.44346095279206 0 2.61799387799149 0 2.79252680319093 0 2.96705972839036 0 0 -5 3.14159265358979 -5 0.174532925199433 -5 0.349065850398866 -5 0.523598775598299 -5 0.698131700797732 -5 0.872664625997165 -5 1.0471975511966 -5 1.22173047639603 -5 1.39626340159546 -5 1.5707963267949 -5 1.74532925199433 -5 1.91986217719376 -5 2.0943951023932 -5 2.26892802759263 -5 2.44346095279206 -5 2.61799387799149 -5 2.79252680319093 -5 2.96705972839036 -5 3 1 20 3 20 22 4 22 23 4 3 22 5 23 24 5 4 23 6 24 25 6 5 24 7 25 26 7 6 25 8 26 27 8 7 26 9 27 28 9 8 27 10 28 29 10 9 28 11 29 30 11 10 29 12 30 31 12 11 30 13 31 32 13 12 31 14 32 33 14 13 32 15 33 34 15 14 33 16 34 35 16 15 34 17 16 35 17 35 36 18 17 36 18 36 37 19 18 37 19 37 38 2 19 38 2 38 21 
38 36 1 0.00818139910274831
-24.07031021678 21.92031021678 72.2 -24.07031021678 21.92031021678 67.2 -19.77031021678 21.92031021678 67.2 -19.8029735478038 21.5469666347961 67.2 -19.8999710820903 21.1849669086298 67.2 -20.0583555986435 20.84531021678 67.2 -20.2733146640742 20.5383168559539 67.2 -20.5383168559539 20.2733146640742 67.2 -20.84531021678 20.0583555986435 67.2 -21.1849669086298 19.8999710820903 67.2 -21.5469666347961 19.8029735478038 67.2 -21.92031021678 19.77031021678 67.2 -22.2936537987639 19.8029735478038 67.2 -22.6556535249302 19.8999710820903 67.2 -22.99531021678 20.0583555986435 67.2 -23.3023035776061 20.2733146640742 67.2 -23.5673057694858 20.5383168559539 67.2 -23.7822648349165 20.84531021678 67.2 -23.9406493514697 21.1849669086298 67.2 -24.0376468857562 21.5469666347961 67.2 -19.77031021678 21.92031021678 72.2 -19.8029735478038 21.5469666347961 72.2 -19.8999710820903 21.1849669086298 72.2 -20.0583555986435 20.84531021678 72.2 -20.2733146640742 20.5383168559539 72.2 -20.5383168559539 20.2733146640742 72.2 -20.84531021678 20.0583555986435 72.2 -21.1849669086298 19.8999710820903 72.2 -21.5469666347961 19.8029735478038 72.2 -21.92031021678 19.77031021678 72.2 -22.2936537987639 19.8029735478038 72.2 -22.6556535249302 19.8999710820903 72.2 -22.99531021678 20.0583555986435 72.2 -23.3023035776061 20.2733146640742 72.2 -23.5673057694858 20.5383168559539 72.2 -23.7822648349165 20.84531021678 72.2 -23.9406493514697 21.1849669086298 72.2 -24.0376468857562 21.5469666347961 72.2 6.28318530717959 -5 6.28318530717959 0 3.14159265358979 0 3.31612557878923 0 3.49065850398866 0 3.66519142918809 0 3.83972435438752 0 4.01425727958696 0 4.18879020478639 0 4.36332312998582 0 4.53785605518526 0 4.71238898038469 0 4.88692190558412 0 5.06145483078355 0 5.23598775598299 0 5.41052068118242 0 5.58505360638185 0 5.75958653158128 0 5.93411945678072 0 6.10865238198015 0 3.14159265358979 -5 3.31612557878923 -5 3.49065850398866 -5 3.66519142918809 -5 3.83972435438752 -5 4.01425727958696 -5 4.18879020478639 -5 4.36332312998582 -5 4.53785605518526 -5 4.71238898038469 -5 4.88692190558412 -5 5.06145483078355 -5 5.23598775598299 -5 5.41052068118242 -5 5.58505360638185 -5 5.75958653158128 -5 5.93411945678072 -5 6.10865238198015 -5 4 3 21 4 21 22 5 22 23 5 4 22 6 23 24 6 5 23 7 24 25 7 6 24 8 25 26 8 7 25 9 26 27 9 8 26 10 27 28 10 9 27 11 28 29 11 10 28 12 29 30 12 11 29 13 30 31 13 12 30 14 31 32 14 13 31 15 32 33 15 14 32 16 33 34 16 15 33 17 34 35 17 16 34 18 35 36 18 17 35 19 18 36 19 36 37 20 19 37 20 37 38 2 20 38 2 38 1 
38 36 1 0.00818139910274801
-24.07031021678 21.92031021678 67.2 -19.77031021678 21.92031021678 67.2 -24.0376468857562 22.2936537987639 67.2 -23.9406493514697 22.6556535249302 67.2 -23.7822648349165 22.99531021678 67.2 -23.5673057694858 23.3023035776061 67.2 -23.3023035776061 23.5673057694858 67.2 -22.99531021678 23.7822648349165 67.2 -22.6556535249302 23.9406493514697 67.2 -22.2936537987639 24.0376468857562 67.2 -21.92031021678 24.07031021678 67.2 -21.5469666347961 24.0376468857562 67.2 -21.1849669086298 23.9406493514697 67.2 -20.84531021678 23.7822648349165 67.2 -20.5383168559539 23.5673057694858 67.2 -20.2733146640742 23.3023035776061 67.2 -20.0583555986435 22.99531021678 67.2 -19.8999710820903 22.6556535249302 67.2 -19.8029735478038 22.2936537987639 67.2 -24.07031021678 21.92031021678 72.2 -19.77031021678 21.92031021678 72.2 -24.0376468857562 22.2936537987639 72.2 -23.9406493514697 22.6556535249302 72.2 -23.7822648349165 22.99531021678 72.2 -23.5673057694858 23.3023035776061 72.2 -23.3023035776061 23.5673057694858 72.2 -22.99531021678 23.7822648349165 72.2 -22.6556535249302 23.9406493514697 72.2 -22.2936537987639 24.0376468857562 72.2 -21.92031021678 24.07031021678 72.2 -21.5469666347961 24.0376468857562 72.2 -21.1849669086298 23.9406493514697 72.2 -20.84531021678 23.7822648349165 72.2 -20.5383168559539 23.5673057694858 72.2 -20.2733146640742 23.3023035776061 72.2 -20.0583555986435 22.99531021678 72.2 -19.8999710820903 22.6556535249302 72.2 -19.8029735478038 22.2936537987639 72.2 0 0 3.14159265358979 0 0.174532925199433 0 0.349065850398866 0 0.523598775598299 0 0.698131700797732 0 0.872664625997165 0 1.0471975511966 0 1.22173047639603 0 1.39626340159546 0 1.5707963267949 0 1.74532925199433 0 1.91986217719376 0 2.0943951023932 0 2.26892802759263 0 2.44346095279206 0 2.61799387799149 0 2.79252680319093 0 2.96705972839036 0 0 -5 3.14159265358979 -5 0.174532925199433 -5 0.349065850398866 -5 0.523598775598299 -5 0.698131700797732 -5 0.872664625997165 -5 1.0471975511966 -5 1.22173047639603 -5 1.39626340159546 -5 1.5707963267949 -5 1.74532925199433 -5 1.91986217719376 -5 2.0943951023932 -5 2.26892802759263 -5 2.44346095279206 -5 2.61799387799149 -5 2.79252680319093 -5 2.96705972839036 -5 3 1 20 3 20 22 4 22 23 4 3 22 5 23 24 5 4 23 6 24 25 6 5 24 7 25 26 7 6 25 8 26 27 8 7 26 9 27 28 9 8 27 10 28 29 10 9 28 11 29 30 11 10 29 12 30 31 12 11 30 13 31 32 13 12 31 14 32 33 14 13 32 15 33 34 15 14 33 16 34 35 16 15 34 17 16 35 17 35 36 18 17 36 18 36 37 19 18 37 19 37 38 2 19 38 2 38 21 
38 36 1 0.00818139910275009
-33.15 0 72.2 -33.15 0 67.2 -28.85 2.63299061816681e-16 67.2 -28.8826633310238 -0.373343581983899 67.2 -28.9796608653103 -0.735343308150186 67.2 -29.1380453818635 -1.075 67.2 -29.3530044472942 -1.38199336082606 67.2 -29.6180066391739 -1.6469955527058 67.2 -29.925 -1.86195461813654 67.2 -30.2646566918498 -2.0203391346897 67.2 -30.6266564180161 -2.11733666897625 67.2 -31 -2.15 67.2 -31.3733435819839 -2.11733666897625 67.2 -31.7353433081502 -2.0203391346897 67.2 -32.075 -1.86195461813654 67.2 -32.3819933608261 -1.64699555270581 67.2 -32.6469955527058 -1.38199336082606 67.2 -32.8619546181365 -1.07500000000001 67.2 -33.0203391346897 -0.735343308150194 67.2 -33.1173366689762 -0.373343581983908 67.2 -28.85 2.63299061816681e-16 72.2 -28.8826633310238 -0.373343581983899 72.2 -28.9796608653103 -0.735343308150186 72.2 -29.1380453818635 -1.075 72.2 -29.3530044472942 -1.38199336082606 72.2 -29.6180066391739 -1.6469955527058 72.2 -29.925 -1.86195461813654 72.2 -30.2646566918498 -2.0203391346897 72.2 -30.6266564180161 -2.11733666897625 72.2 -31 -2.15 72.2 -31.3733435819839 -2.11733666897625 72.2 -31.7353433081502 -2.0203391346897 72.2 -32.075 -1.86195461813654 72.2 -32.3819933608261 -1.64699555270581 72.2 -32.6469955527058 -1.38199336082606 72.2 -32.8619546181365 -1.07500000000001 72.2 -33.0203391346897 -0.735343308150194 72.2 -33.1173366689762 -0.373343581983908 72.2 6.28318530717959 -5 6.28318530717959 0 3.14159265358979 0 3.31612557878923 0 3.49065850398866 0 3.66519142918809 0 3.83972435438752 0 4.01425727958696 0 4.18879020478639 0 4.36332312998582 0 4.53785605518526 0 4.71238898038469 0 4.88692190558412 0 5.06145483078355 0 5.23598775598299 0 5.41052068118242 0 5.58505360638185 0 5.75958653158128 0 5.93411945678072 0 6.10865238198015 0 3.14159265358979 -5 3.31612557878923 -5 3.49065850398866 -5 3.66519142918809 -5 3.83972435438752 -5 4.01425727958696 -5 4.18879020478639 -5 4.36332312998582 -5 4.53785605518526 -5 4.71238898038469 -5 4.88692190558412 -5 5.06145483078355 -5 5.23598775598299 -5 5.41052068118242 -5 5.58505360638185 -5 5.75958653158128 -5 5.93411945678072 -5 6.10865238198015 -5 4 3 21 4 21 22 5 22 23 5 4 22 6 23 24 6 5 23 7 24 25 7 6 24 8 25 26 8 7 25 9 26 27 9 8 26 10 27 28 10 9 27 11 28 29 11 10 28 12 29 30 12 11 29 13 30 31 13 12 30 14 31 32 14 13 31 15 32 33 15 14 32 16 33 34 16 15 33 17 34 35 17 16 34 18 35 36 18 17 35 19 18 36 19 36 37 20 19 37 20 37 38 2 20 38 2 38 1 
38 36 1 0.00818139910275162
-33.15 0 67.2 -28.85 2.63299061816681e-16 67.2 -33.1173366689762 0.3733435819839 67.2 -33.0203391346897 0.735343308150187 67.2 -32.8619546181365 1.075 67.2 -32.6469955527058 1.38199336082606 67.2 -32.3819933608261 1.6469955527058 67.2 -32.075 1.86195461813654 67.2 -31.7353433081502 2.0203391346897 67.2 -31.3733435819839 2.11733666897625 67.2 -31 2.15 67.2 -30.6266564180161 2.11733666897625 67.2 -30.2646566918498 2.0203391346897 67.2 -29.925 1.86195461813654 67.2 -29.6180066391739 1.6469955527058 67.2 -29.3530044472942 1.38199336082606 67.2 -29.1380453818635 1.075 67.2 -28.9796608653103 0.73534330815019 67.2 -28.8826633310238 0.373343581983903 67.2 -33.15 0 72.2 -28.85 2.63299061816681e-16 72.2 -33.1173366689762 0.3733435819839 72.2 -33.0203391346897 0.735343308150187 72.2 -32.8619546181365 1.075 72.2 -32.6469955527058 1.38199336082606 72.2 -32.3819933608261 1.6469955527058 72.2 -32.075 1.86195461813654 72.2 -31.7353433081502 2.0203391346897 72.2 -31.3733435819839 2.11733666897625 72.2 -31 2.15 72.2 -30.6266564180161 2.11733666897625 72.2 -30.2646566918498 2.0203391346897 72.2 -29.925 1.86195461813654 72.2 -29.6180066391739 1.6469955527058 72.2 -29.3530044472942 1.38199336082606 72.2 -29.1380453818635 1.075 72.2 -28.9796608653103 0.73534330815019 72.2 -28.8826633310238 0.373343581983903 72.2 0 0 3.14159265358979 0 0.174532925199433 0 0.349065850398866 0 0.523598775598299 0 0.698131700797732 0 0.872664625997165 0 1.0471975511966 0 1.22173047639603 0 1.39626340159546 0 1.5707963267949 0 1.74532925199433 0 1.91986217719376 0 2.0943951023932 0 2.26892802759263 0 2.44346095279206 0 2.61799387799149 0 2.79252680319093 0 2.96705972839036 0 0 -5 3.14159265358979 -5 0.174532925199433 -5 0.349065850398866 -5 0.523598775598299 -5 0.698131700797732 -5 0.872664625997165 -5 1.0471975511966 -5 1.22173047639603 -5 1.39626340159546 -5 1.5707963267949 -5 1.74532925199433 -5 1.91986217719376 -5 2.0943951023932 -5 2.26892802759263 -5 2.44346095279206 -5 2.61799387799149 -5 2.79252680319093 -5 2.96705972839036 -5 3 1 20 3 20 22 4 22 23 4 3 22 5 23 24 5 4 23 6 24 25 6 5 24 7 25 26 7 6 25 8 26 27 8 7 26 9 27 28 9 8 27 10 28 29 10 9 28 11 29 30 11 10 29 12 30 31 12 11 30 13 31 32 13 12 31 14 32 33 14 13 32 15 33 34 15 14 33 16 34 35 16 15 34 17 16 35 17 35 36 18 17 36 18 36 37 19 18 37 19 37 38 2 19 38 2 38 21 
38 36 1 0.133578088309951
34.5 -2.95822839457879e-28 79.5 35 2.84494650060196e-13 80 -35 2.88780913857212e-13 80 34.4682713554272 -6.07768621834227 80 32.8892417275068 -11.9707050163981 80 30.3108891324553 -17.4999999999997 80 26.8115555091642 -22.4975663390286 80 22.4975663390289 -26.8115555091639 80 17.5 -30.310889132455 80 11.9707050163984 -32.8892417275065 80 6.07768621834256 -34.468271355427 80 2.14306111918916e-15 -34.9999999999997 80 -6.07768621834255 -34.468271355427 80 -11.9707050163984 -32.8892417275065 80 -17.5 -30.310889132455 80 -22.4975663390288 -26.8115555091639 80 -26.8115555091642 -22.4975663390286 80 -30.3108891324553 -17.4999999999997 80 -32.8892417275067 -11.9707050163981 80 -34.4682713554272 -6.07768621834231 80 -34.5 4.22503145705807e-15 79.5 -33.9758674789212 -5.99086212950905 79.5 -32.4193954171138 -11.7996949447355 79.5 -29.8778764305631 -17.2499999999999 79.5 -26.4285332876047 -22.1761725341854 79.5 -22.1761725341856 -26.4285332876045 79.5 -17.25 -29.8778764305629 79.5 -11.7996949447356 -32.4193954171136 79.5 -5.99086212950914 -33.9758674789209 79.5 -6.97340948006831e-14 -34.4999999999998 79.5 5.990862129509 -33.975867478921 79.5 11.7996949447354 -32.4193954171136 79.5 17.2499999999999 -29.877876430563 79.5 22.1761725341855 -26.4285332876046 79.5 26.4285332876046 -22.1761725341855 79.5 29.877876430563 -17.25 79.5 32.4193954171138 -11.7996949447356 79.5 33.9758674789212 -5.99086212950918 79.5 6.28318530717959 -0.707106781186542 6.28318530717959 0 3.14159265358979 0 6.10865238198015 0 5.93411945678072 0 5.75958653158129 0 5.58505360638185 0 5.41052068118242 0 5.23598775598299 0 5.06145483078356 0 4.88692190558412 0 4.71238898038469 0 4.53785605518526 0 4.36332312998582 0 4.18879020478639 0 4.01425727958696 0 3.83972435438753 0 3.66519142918809 0 3.49065850398866 0 3.31612557878923 0 3.14159265358979 -0.707106781186542 3.31612557878923 -0.707106781186542 3.49065850398866 -0.707106781186542 3.6651914291881 -0.707106781186542 3.83972435438753 -0.707106781186542 4.01425727958696 -0.707106781186542 4.18879020478639 -0.707106781186542 4.36332312998582 -0.707106781186542 4.53785605518526 -0.707106781186542 4.71238898038469 -0.707106781186542 4.88692190558412 -0.707106781186542 5.06145483078355 -0.707106781186542 5.23598775598298 -0.707106781186542 5.41052068118242 -0.707106781186542 5.58505360638185 -0.707106781186542 5.75958653158128 -0.707106781186542 5.93411945678071 -0.707106781186542 6.10865238198014 -0.707106781186542 20 3 21 20 21 22 19 22 23 19 20 22 18 23 24 18 19 23 17 24 25 17 18 24 16 25 26 16 17 25 15 26 27 15 16 26 14 27 28 14 15 27 29 14 28 13 14 29 30 13 29 12 13 30 31 12 30 11 12 31 32 11 31 10 11 32 33 10 32 9 10 33 34 9 33 8 9 34 35 8 34 7 8 35 36 7 35 6 7 36 37 6 36 5 6 37 38 5 37 4 5 38 1 4 38 2 4 1 
39 37 1 0.120033048744894
-35 2.88780913857212e-13 80 35 2.84494650060196e-13 80 -34.4682713554272 6.07768621834283 80 -32.8892417275068 11.9707050163987 80 -30.3108891324553 17.5000000000002 80 -26.8115555091642 22.4975663390291 80 -22.4975663390289 26.8115555091645 80 -17.5 30.3108891324556 80 -11.9707050163984 32.889241727507 80 -6.07768621834262 34.4682713554275 80 -6.86016727365762e-14 35.0000000000002 80 6.07768621834248 34.4682713554275 80 11.9707050163983 32.8892417275071 80 17.4999999999999 30.3108891324556 80 22.4975663390288 26.8115555091645 80 26.8115555091641 22.4975663390292 80 30.3108891324553 17.5000000000004 80 32.8892417275067 11.9707050163988 80 34.4682713554272 6.07768621834296 80 34.5 -2.95822839457879e-28 79.5 -34.5 4.22503145705807e-15 79.5 34.029464967394 5.67851336468536 79.5 32.630694838672 11.2021316875617 79.5 30.341844416624 16.4201850597792 79.5 27.2253475741757 21.1903385877937 79.5 23.3662142210882 25.3824749182233 79.5 18.8697114552238 28.8822435000575 79.5 13.8584921505275 31.5941797695998 79.5 8.46924930635762 33.4443091749072 79.5 2.84898741879548 34.3821650087304 79.5 -2.84898741879549 34.3821650087304 79.5 -8.46924930635763 33.4443091749072 79.5 -13.8584921505275 31.5941797695998 79.5 -18.8697114552238 28.8822435000575 79.5 -23.3662142210882 25.3824749182233 79.5 -27.2253475741757 21.1903385877937 79.5 -30.341844416624 16.4201850597792 79.5 -32.630694838672 11.2021316875617 79.5 -34.029464967394 5.67851336468539 79.5 3.14159265358979 0 0 0 2.96705972839036 0 2.79252680319093 0 2.61799387799149 0 2.44346095279206 0 2.26892802759263 0 2.0943951023932 0 1.91986217719376 0 1.74532925199433 0 1.5707963267949 0 1.39626340159547 0 1.22173047639603 0 1.0471975511966 0 0.872664625997167 0 0.698131700797735 0 0.523598775598302 0 0.349065850398869 0 0.174532925199436 0 0 -0.707106781186542 3.14159265358981 -0.707106781186542 0.165346981767885 -0.707106781186542 0.33069396353577 -0.707106781186542 0.496040945303654 -0.707106781186542 0.661387927071539 -0.707106781186542 0.826734908839424 -0.707106781186542 0.992081890607308 -0.707106781186542 1.15742887237519 -0.707106781186542 1.32277585414308 -0.707106781186542 1.48812283591096 -0.707106781186542 1.65346981767885 -0.707106781186542 1.81881679944673 -0.707106781186542 1.98416378121462 -0.707106781186542 2.1495107629825 -0.707106781186542 2.31485774475039 -0.707106781186542 2.48020472651827 -0.707106781186542 2.64555170828616 -0.707106781186542 2.81089869005404 -0.707106781186542 2.97624567182192 -0.707106781186542 22 2 20 19 2 22 23 19 22 18 19 23 24 18 23 17 18 24 25 17 24 16 17 25 26 16 25 15 16 26 27 15 26 14 15 27 28 14 27 13 14 28 29 13 28 12 13 29 30 12 29 11 12 30 31 11 30 10 11 31 32 10 31 9 10 32 33 9 32 8 9 33 34 8 33 7 8 34 35 7 34 6 7 35 36 6 35 5 6 36 37 5 36 4 5 37 4 37 38 3 4 38 3 38 39 1 3 39 1 39 21 
80 80 1 9.47390314346801e-14
35 2.84494650060196e-13 80 -35 2.88780913857212e-13 80 34.4682713554272 -6.07768621834227 80 32.8892417275068 -11.9707050163981 80 30.3108891324553 -17.4999999999997 80 26.8115555091642 -22.4975663390286 80 22.4975663390289 -26.8115555091639 80 17.5 -30.310889132455 80 11.9707050163984 -32.8892417275065 80 6.07768621834256 -34.468271355427 80 2.14306111918916e-15 -34.9999999999997 80 -6.07768621834255 -34.468271355427 80 -11.9707050163984 -32.8892417275065 80 -17.5 -30.310889132455 80 -22.4975663390288 -26.8115555091639 80 -26.8115555091642 -22.4975663390286 80 -30.3108891324553 -17.4999999999997 80 -32.8892417275067 -11.9707050163981 80 -34.4682713554272 -6.07768621834231 80 -34.4682713554272 6.07768621834283 80 -32.8892417275068 11.9707050163987 80 -30.3108891324553 17.5000000000002 80 -26.8115555091642 22.4975663390291 80 -22.4975663390289 26.8115555091645 80 -17.5 30.3108891324556 80 -11.9707050163984 32.889241727507 80 -6.07768621834262 34.4682713554275 80 -6.86016727365762e-14 35.0000000000002 80 6.07768621834248 34.4682713554275 80 11.9707050163983 32.8892417275071 80 17.4999999999999 30.3108891324556 80 22.4975663390288 26.8115555091645 80 26.8115555091641 22.4975663390292 80 30.3108891324553 17.5000000000004 80 32.8892417275067 11.9707050163988 80 34.4682713554272 6.07768621834296 80 -38.3814114300554 -33.5837350012931 80 -38.381411430051 33.5837350012909 80 -43.4136609589225 -26.7629197205124 80 -47.3305423467137 -18.9951873236465 80 -49.9021901475559 -10.524510429239 80 -50.9360561046644 -2.54916207611392 80 -50.7823110671639 4.70370389720591 80 -49.606914803926 11.8378504957907 80 -47.457065957322 18.6768856630309 80 -44.4179761385902 25.0605694310584 80 -41.5909962741285 29.5155273163421 80 -33.5837350012917 -38.3814114300503 80 33.5837350012931 -38.3814114300554 80 26.7629197204959 -43.4136609589326 80.0000000000001 18.9951873236098 -47.3305423467284 80.0000000000001 10.5245104291802 -49.9021901475683 80.0000000000001 2.54916207603549 -50.9360561046683 80.0000000000001 -4.70370389730027 -50.7823110671551 80.0000000000001 -11.837850495898 -49.6069148039003 80.0000000000001 -18.6768856631474 -47.457065957276 80.0000000000001 -25.0605694311794 -44.4179761385219 80.0000000000001 -29.515527316398 -41.5909962740886 80.0000000000001 38.381411430051 -33.5837350012909 80 38.3814114300554 33.5837350012931 80 43.4136609589326 26.7629197204959 80.0000000000001 47.3305423467284 18.9951873236097 80.0000000000001 49.9021901475683 10.5245104291802 80.0000000000001 50.9360561046683 2.54916207603549 80.0000000000001 50.7823110671551 -4.70370389730027 80.0000000000001 49.6069148039003 -11.837850495898 80.0000000000001 47.457065957276 -18.6768856631474 80.0000000000001 44.4179761385219 -25.0605694311794 80.0000000000001 41.5909962740888 -29.5155273163977 80.0000000000001 33.5837350012909 38.381411430051 80 -33.5837350012931 38.3814114300554 80 -26.7629197204981 43.4136609589312 80.0000000000001 -18.9951873236146 47.3305423467265 80.0000000000001 -10.524510429188 49.9021901475667 80.0000000000001 -2.54916207604583 50.9360561046678 80.0000000000001 4.70370389728783 50.7823110671562 80.0000000000001 11.8378504958839 49.6069148039037 80.0000000000001 18.6768856631321 47.4570659572821 80.0000000000001 25.0605694311634 44.4179761385309 80.0000000000001 29.5155273163904 41.590996274094 80.0000000000001 35 2.8421709430404e-13 -35 2.91322521661641e-13 34.4682713554272 -6.07768621834227 32.8892417275068 -11.9707050163981 30.3108891324553 -17.4999999999997 26.8115555091642 -22.4975663390286 22.4975663390289 -26.8115555091639 17.5 -30.310889132455 11.9707050163984 -32.8892417275065 6.07768621834256 -34.468271355427 0 -34.9999999999997 -6.07768621834256 -34.468271355427 -11.9707050163984 -32.8892417275065 -17.5 -30.310889132455 -22.4975663390288 -26.8115555091639 -26.8115555091642 -22.4975663390286 -30.3108891324553 -17.4999999999997 -32.8892417275067 -11.9707050163981 -34.4682713554272 -6.07768621834231 -34.4682713554272 6.07768621834283 -32.8892417275068 11.9707050163987 -30.3108891324553 17.5000000000002 -26.8115555091642 22.4975663390291 -22.4975663390289 26.8115555091645 -17.5 30.3108891324556 -11.9707050163984 32.889241727507 -6.07768621834262 34.4682713554275 -7.105427357601e-14 35.0000000000003 6.07768621834248 34.4682713554275 11.9707050163983 32.8892417275071 17.4999999999999 30.3108891324557 22.4975663390288 26.8115555091645 26.8115555091641 22.4975663390292 30.3108891324553 17.5000000000004 32.8892417275067 11.9707050163988 34.4682713554272 6.07768621834296 -38.3814114300554 -33.5837350012931 -38.381411430051 33.5837350012909 -43.4136609589225 -26.7629197205124 -47.3305423467137 -18.9951873236465 -49.9021901475559 -10.524510429239 -50.9360561046644 -2.54916207611392 -50.7823110671639 4.70370389720591 -49.606914803926 11.8378504957907 -47.457065957322 18.6768856630309 -44.4179761385902 25.0605694310584 -41.5909962741285 29.5155273163421 -33.5837350012917 -38.3814114300503 33.5837350012931 -38.3814114300554 26.7629197204959 -43.4136609589326 18.9951873236098 -47.3305423467284 10.5245104291802 -49.9021901475683 2.54916207603549 -50.9360561046683 -4.70370389730027 -50.7823110671551 -11.837850495898 -49.6069148039003 -18.6768856631474 -47.457065957276 -25.0605694311794 -44.4179761385219 -29.515527316398 -41.5909962740886 38.381411430051 -33.5837350012909 38.3814114300554 33.5837350012931 43.4136609589326 26.7629197204959 47.3305423467284 18.9951873236097 49.9021901475683 10.5245104291802 50.9360561046683 2.54916207603549 50.7823110671551 -4.70370389730027 49.6069148039003 -11.837850495898 47.457065957276 -18.6768856631474 44.4179761385219 -25.0605694311794 41.5909962740888 -29.5155273163977 33.5837350012909 38.381411430051 -33.5837350012931 38.3814114300554 -26.7629197204981 43.4136609589312 -18.9951873236146 47.3305423467265 -10.524510429188 49.9021901475667 -2.54916207604583 50.9360561046678 4.70370389728783 50.7823110671562 11.8378504958839 49.6069148039037 18.6768856631321 47.4570659572821 25.0605694311634 44.4179761385309 29.5155273163904 41.590996274094 64 36 1 64 1 65 76 75 28 22 45 21 22 46 45 76 28 29 8 9 51 8 51 50 63 36 64 47 46 22 63 35 36 77 76 29 77 29 30 23 38 47 78 77 30 78 30 31 23 47 22 62 35 63 7 8 50 7 50 49 62 34 35 79 78 31 24 38 23 61 34 62 61 33 34 16 39 37 59 6 7 59 7 49 16 37 48 80 31 32 80 79 31 71 38 24 69 6 59 70 32 33 70 80 32 60 33 61 15 48 58 15 16 48 60 70 33 5 6 69 17 39 16 72 24 25 17 40 39 72 71 24 68 5 69 14 15 58 14 57 56 14 58 57 73 25 26 73 72 25 18 40 17 18 41 40 13 14 56 13 56 55 67 4 5 67 5 68 19 41 18 19 42 41 12 13 55 12 55 54 66 3 4 66 4 67 74 26 27 74 73 26 2 42 19 2 43 42 11 12 54 11 54 53 20 43 2 20 44 43 65 1 3 65 3 66 10 11 53 10 53 52 75 27 28 21 44 20 21 45 44 75 74 27 9 10 52 9 52 51 
38 36 1 0.131282915834903
34.5 0 72.2 34.5 -2.95822839457879e-28 79.5 -34.5 4.22503145705807e-15 79.5 -33.9758674789212 -5.99086212950905 79.5 -32.4193954171138 -11.7996949447355 79.5 -29.8778764305631 -17.2499999999999 79.5 -26.4285332876047 -22.1761725341854 79.5 -22.1761725341856 -26.4285332876045 79.5 -17.25 -29.8778764305629 79.5 -11.7996949447356 -32.4193954171136 79.5 -5.99086212950914 -33.9758674789209 79.5 -6.97340948006831e-14 -34.4999999999998 79.5 5.990862129509 -33.975867478921 79.5 11.7996949447354 -32.4193954171136 79.5 17.2499999999999 -29.877876430563 79.5 22.1761725341855 -26.4285332876046 79.5 26.4285332876046 -22.1761725341855 79.5 29.877876430563 -17.25 79.5 32.4193954171138 -11.7996949447356 79.5 33.9758674789212 -5.99086212950918 79.5 -34.5 4.22503145705837e-15 72.2 -33.9758674789212 -5.99086212950909 72.2 -32.4193954171138 -11.7996949447356 72.2 -29.8778764305631 -17.25 72.2 -26.4285332876048 -22.1761725341856 72.2 -22.1761725341856 -26.4285332876047 72.2 -17.25 -29.8778764305631 72.2 -11.7996949447356 -32.4193954171138 72.2 -5.99086212950916 -33.9758674789212 72.2 -6.76216488403394e-14 -34.5 72.2 5.99086212950902 -33.9758674789212 72.2 11.7996949447355 -32.4193954171139 72.2 17.2499999999999 -29.8778764305632 72.2 22.1761725341855 -26.4285332876048 72.2 26.4285332876047 -22.1761725341857 72.2 29.8778764305631 -17.2500000000001 72.2 32.4193954171138 -11.7996949447357 72.2 33.9758674789212 -5.99086212950922 72.2 6.28318530717959 -7.8 6.28318530717959 -0.500000000000043 3.14159265358979 -0.500000000000043 3.31612557878922 -0.500000000000043 3.49065850398866 -0.500000000000043 3.66519142918809 -0.500000000000043 3.83972435438752 -0.500000000000043 4.01425727958695 -0.500000000000043 4.18879020478638 -0.500000000000043 4.36332312998582 -0.500000000000043 4.53785605518525 -0.500000000000043 4.71238898038468 -0.500000000000043 4.88692190558411 -0.500000000000043 5.06145483078354 -0.500000000000043 5.23598775598297 -0.500000000000043 5.41052068118241 -0.500000000000043 5.58505360638184 -0.500000000000043 5.75958653158127 -0.500000000000043 5.9341194567807 -0.500000000000043 6.10865238198013 -0.500000000000043 3.14159265358979 -7.8 3.31612557878923 -7.8 3.49065850398866 -7.8 3.66519142918809 -7.8 3.83972435438752 -7.8 4.01425727958696 -7.8 4.18879020478639 -7.8 4.36332312998582 -7.8 4.53785605518526 -7.8 4.71238898038469 -7.8 4.88692190558412 -7.8 5.06145483078355 -7.8 5.23598775598299 -7.8 5.41052068118242 -7.8 5.58505360638185 -7.8 5.75958653158128 -7.8 5.93411945678072 -7.8 6.10865238198015 -7.8 4 3 21 4 21 22 5 22 23 5 4 22 6 23 24 6 5 23 7 24 25 7 6 24 8 25 26 8 7 25 9 26 27 9 8 26 10 27 28 10 9 27 11 28 29 11 10 28 12 29 30 12 11 29 13 30 31 13 12 30 14 31 32 14 13 31 15 32 33 15 14 32 16 33 34 16 15 33 17 34 35 17 16 34 18 17 35 18 35 36 19 18 36 19 36 37 20 19 37 20 37 38 2 20 38 2 38 1 
39 37 1 0.11783499126985
34.5 -2.95822839457879e-28 79.5 -34.5 4.22503145705807e-15 79.5 34.029464967394 5.67851336468536 79.5 32.630694838672 11.2021316875617 79.5 30.341844416624 16.4201850597792 79.5 27.2253475741757 21.1903385877937 79.5 23.3662142210882 25.3824749182233 79.5 18.8697114552238 28.8822435000575 79.5 13.8584921505275 31.5941797695998 79.5 8.46924930635762 33.4443091749072 79.5 2.84898741879548 34.3821650087304 79.5 -2.84898741879549 34.3821650087304 79.5 -8.46924930635763 33.4443091749072 79.5 -13.8584921505275 31.5941797695998 79.5 -18.8697114552238 28.8822435000575 79.5 -23.3662142210882 25.3824749182233 79.5 -27.2253475741757 21.1903385877937 79.5 -30.341844416624 16.4201850597792 79.5 -32.630694838672 11.2021316875617 79.5 -34.029464967394 5.67851336468539 79.5 34.5 0 72.2 -34.5 4.22503145705837e-15 72.2 33.9758674789212 5.9908621295091 72.2 32.4193954171138 11.7996949447356 72.2 29.8778764305631 17.25 72.2 26.4285332876047 22.1761725341856 72.2 22.1761725341856 26.4285332876047 72.2 17.25 29.8778764305631 72.2 11.7996949447356 32.4193954171138 72.2 5.9908621295091 33.9758674789212 72.2 2.1124459603436e-15 34.5 72.2 -5.9908621295091 33.9758674789212 72.2 -11.7996949447356 32.4193954171138 72.2 -17.25 29.8778764305631 72.2 -22.1761725341856 26.4285332876048 72.2 -26.4285332876047 22.1761725341856 72.2 -29.8778764305631 17.25 72.2 -32.4193954171138 11.7996949447356 72.2 -33.9758674789212 5.99086212950914 72.2 0 -0.500000000000043 3.14159265358981 -0.500000000000043 0.165346981767885 -0.500000000000043 0.33069396353577 -0.500000000000043 0.496040945303654 -0.500000000000043 0.661387927071539 -0.500000000000043 0.826734908839424 -0.500000000000043 0.992081890607308 -0.500000000000043 1.15742887237519 -0.500000000000043 1.32277585414308 -0.500000000000043 1.48812283591096 -0.500000000000043 1.65346981767885 -0.500000000000043 1.81881679944673 -0.500000000000043 1.98416378121462 -0.500000000000043 2.1495107629825 -0.500000000000043 2.31485774475039 -0.500000000000043 2.48020472651827 -0.500000000000043 2.64555170828616 -0.500000000000043 2.81089869005404 -0.500000000000043 2.97624567182192 -0.500000000000043 0 -7.8 3.14159265358979 -7.8 0.174532925199433 -7.8 0.349065850398866 -7.8 0.523598775598299 -7.8 0.698131700797732 -7.8 0.872664625997165 -7.8 1.0471975511966 -7.8 1.22173047639603 -7.8 1.39626340159546 -7.8 1.5707963267949 -7.8 1.74532925199433 -7.8 1.91986217719376 -7.8 2.0943951023932 -7.8 2.26892802759263 -7.8 2.44346095279206 -7.8 2.61799387799149 -7.8 2.79252680319093 -7.8 2.96705972839036 -7.8 3 1 21 3 21 23 4 23 24 4 3 23 5 24 25 5 4 24 6 25 26 6 5 25 7 26 27 7 6 26 8 27 28 8 7 27 9 28 29 9 8 28 10 29 30 10 9 29 11 30 31 11 10 30 12 31 32 12 11 31 13 32 33 13 12 32 14 33 34 14 13 33 15 34 35 15 14 34 16 35 36 16 15 35 17 16 36 17 36 37 18 17 37 18 37 38 19 18 38 19 38 39 20 19 39 20 39 22 2 20 22 
20 18 1 0.0380530190825504
-80 70 20 -80 70 0 -70 80 20 -79.8480775301221 71.7364817766693 20 -79.3969262078591 73.4202014332567 20 -78.6602540378444 75 20 -77.6604444311898 76.4278760968654 20 -76.4278760968654 77.6604444311898 20 -75 78.6602540378444 20 -73.4202014332567 79.3969262078591 20 -71.7364817766693 79.8480775301221 20 -70 80 0 -71.7364817766693 79.8480775301221 0 -73.4202014332567 79.3969262078591 0 -75 78.6602540378444 0 -76.4278760968654 77.6604444311898 0 -77.6604444311898 76.4278760968654 0 -78.6602540378444 75 0 -79.3969262078591 73.4202014332567 0 -79.8480775301221 71.7364817766693 0 0 26.072 0 46.072 1.5707963267949 26.072 0.174532925199433 26.072 0.349065850398866 26.072 0.523598775598299 26.072 0.698131700797732 26.072 0.872664625997165 26.072 1.0471975511966 26.072 1.22173047639603 26.072 1.39626340159546 26.072 1.5707963267949 46.072 1.39626340159546 46.072 1.22173047639603 46.072 1.0471975511966 46.072 0.872664625997166 46.072 0.698131700797733 46.072 0.5235987755983 46.072 0.349065850398867 46.072 0.174532925199435 46.072 2 1 4 20 4 5 20 2 4 19 5 6 19 20 5 18 6 7 18 19 6 17 7 8 17 18 7 16 8 9 16 17 8 15 9 10 15 16 9 14 10 11 14 15 10 13 11 3 13 14 11 12 13 3 
20 18 1 0.0380530190825506
70 80 20 70 80 0 80 70 20 71.7364817766693 79.8480775301221 20 73.4202014332567 79.3969262078591 20 75 78.6602540378444 20 76.4278760968654 77.6604444311898 20 77.6604444311898 76.4278760968654 20 78.6602540378444 75 20 79.3969262078591 73.4202014332567 20 79.8480775301221 71.7364817766693 20 80 70 0 79.8480775301221 71.7364817766693 0 79.3969262078591 73.4202014332567 0 78.6602540378444 75 0 77.6604444311898 76.4278760968654 0 76.4278760968654 77.6604444311898 0 75 78.6602540378444 0 73.4202014332567 79.3969262078591 0 71.7364817766693 79.8480775301221 0 1.5707963267949 26.072 1.5707963267949 46.072 3.14159265358979 26.072 1.74532925199433 26.072 1.91986217719376 26.072 2.0943951023932 26.072 2.26892802759263 26.072 2.44346095279206 26.072 2.61799387799149 26.072 2.79252680319093 26.072 2.96705972839036 26.072 3.14159265358979 46.072 2.96705972839036 46.072 2.79252680319093 46.072 2.61799387799149 46.072 2.44346095279206 46.072 2.26892802759263 46.072 2.0943951023932 46.072 1.91986217719376 46.072 1.74532925199433 46.072 2 1 4 20 4 5 20 2 4 19 5 6 19 20 5 18 6 7 18 19 6 17 7 8 17 18 7 16 8 9 16 17 8 15 9 10 15 16 9 14 10 11 14 15 10 13 11 3 13 14 11 12 13 3 
6 4 1 3.7895612573872e-13
79.9999999999995 62.4999999999993 19.9999999999991 79.9999999999994 -62.4999999999992 19.9999999999989 80 -70 20 80 -70 0 80 70 0 80 70 20 -19.9999999999991 142.499999999999 -19.9999999999989 17.5000000000008 -20 10 0 10 0 150 -20 150 4 2 3 5 1 2 5 6 1 5 2 4 
20 18 1 0.0380530190825506
80 -70 20 80 -70 0 70 -80 20 79.8480775301221 -71.7364817766693 20 79.3969262078591 -73.4202014332567 20 78.6602540378444 -75 20 77.6604444311898 -76.4278760968654 20 76.4278760968654 -77.6604444311898 20 75 -78.6602540378444 20 73.4202014332567 -79.3969262078591 20 71.7364817766693 -79.8480775301221 20 70 -80 0 71.7364817766693 -79.8480775301221 0 73.4202014332567 -79.3969262078591 0 75 -78.6602540378444 0 76.4278760968654 -77.6604444311898 0 77.6604444311898 -76.4278760968654 0 78.6602540378444 -75 0 79.3969262078591 -73.4202014332567 0 79.8480775301221 -71.7364817766693 0 3.14159265358979 26.072 3.14159265358979 46.072 4.71238898038469 26.072 3.31612557878923 26.072 3.49065850398866 26.072 3.66519142918809 26.072 3.83972435438752 26.072 4.01425727958696 26.072 4.18879020478639 26.072 4.36332312998582 26.072 4.53785605518526 26.072 4.71238898038469 46.072 4.53785605518526 46.072 4.36332312998582 46.072 4.18879020478639 46.072 4.01425727958696 46.072 3.83972435438753 46.072 3.66519142918809 46.072 3.49065850398866 46.072 3.31612557878923 46.072 2 1 4 20 4 5 20 2 4 19 5 6 19 20 5 18 6 7 18 19 6 17 7 8 17 18 7 16 8 9 16 17 8 15 9 10 15 16 9 14 10 11 14 15 10 13 11 3 13 14 11 12 13 3 
6 4 1 3.7895612573872e-13
62.4999999999993 -79.9999999999995 19.9999999999991 -62.4999999999992 -79.9999999999994 19.9999999999989 -70 -80 20 -70 -80 0 70 -80 0 70 -80 20 -19.9999999999991 142.499999999999 -19.9999999999989 17.5000000000008 -20 10 0 10 0 150 -20 150 4 2 3 5 1 2 5 6 1 5 2 4 
20 18 1 0.0380530190825506
-70 -80 20 -70 -80 0 -80 -70 20 -71.7364817766693 -79.8480775301221 20 -73.4202014332567 -79.3969262078591 20 -75 -78.6602540378444 20 -76.4278760968654 -77.6604444311898 20 -77.6604444311898 -76.4278760968654 20 -78.6602540378444 -75 20 -79.3969262078591 -73.4202014332567 20 -79.8480775301221 -71.7364817766693 20 -80 -70 0 -79.8480775301221 -71.7364817766693 0 -79.3969262078591 -73.4202014332567 0 -78.6602540378444 -75 0 -77.6604444311898 -76.4278760968654 0 -76.4278760968654 -77.6604444311898 0 -75 -78.6602540378444 0 -73.4202014332567 -79.3969262078591 0 -71.7364817766693 -79.8480775301221 0 4.71238898038469 26.072 4.71238898038469 46.072 6.28318530717959 26.072 4.88692190558412 26.072 5.06145483078356 26.072 5.23598775598299 26.072 5.41052068118242 26.072 5.58505360638185 26.072 5.75958653158129 26.072 5.93411945678072 26.072 6.10865238198015 26.072 6.28318530717959 46.072 6.10865238198015 46.072 5.93411945678072 46.072 5.75958653158129 46.072 5.58505360638185 46.072 5.41052068118242 46.072 5.23598775598299 46.072 5.06145483078356 46.072 4.88692190558412 46.072 2 1 4 20 4 5 20 2 4 19 5 6 19 20 5 18 6 7 18 19 6 17 7 8 17 18 7 16 8 9 16 17 8 15 9 10 15 16 9 14 10 11 14 15 10 13 11 3 13 14 11 12 13 3 
6 4 1 3.88430028882188e-13
-79.9999999999995 -62.4999999999993 19.9999999999991 -79.9999999999994 62.4999999999992 19.9999999999989 -80 70 20 -80 70 0 -80 -70 0 -80 -70 20 19.9999999999991 -142.499999999999 19.9999999999989 -17.5000000000008 20 -10 0 -10 0 -150 20 -150 1 5 6 2 4 5 2 5 1 3 4 2 
78 128 1 0.363241939535861
38.381411430051 -33.5837350012909 80 66.3402782314495 -58.0477434525192 39.6927222732549 79.9999999999994 -62.4999999999992 19.9999999999989 69.2671689257855 -57.5214257127066 35.8770619052354 72.0690695247025 -57.6724342366262 31.9458933121242 74.7549132193622 -58.4396316686312 27.9913306076952 77.2896593546442 -59.8455720556198 24.1500362058027 78.6879710513208 -61.0127829100969 22.0082677179418 79.9999999999995 62.4999999999993 19.9999999999991 66.3402782314477 58.0477434525198 39.6927222732582 78.4566966470781 60.7948692714388 22.3628624531593 76.7946498805691 59.5079509128462 24.9057397146063 75.0580144830335 58.569033140682 27.5364500359676 72.6589810064659 57.7860243622058 31.0907669446242 69.8204767942905 57.5012700103758 35.11983568161 68.1027093377791 57.6448182758622 37.4356042262519 38.3814114300554 33.5837350012931 80 43.4136609589326 26.7629197204959 80.0000000000001 47.3305423467284 18.9951873236097 80.0000000000001 49.9021901475683 10.5245104291802 80.0000000000001 50.9360561046683 2.54916207603549 80.0000000000001 50.7823110671551 -4.70370389730027 80.0000000000001 49.6069148039003 -11.837850495898 80.0000000000001 47.457065957276 -18.6768856631474 80.0000000000001 44.4179761385219 -25.0605694311794 80.0000000000001 41.5909962740888 -29.5155273163977 80.0000000000001 74.7809623008735 -57.8327177470589 27.9913294777916 78.5987433530253 -47.9727254297958 22.3628616277121 72.1982840825537 -55.7605063482387 31.9458961560842 77.0907571519624 -46.9618875259628 24.9056954028786 69.4591538179891 -55.5254238747299 35.8770564283623 75.2608720639395 -45.7352733796739 27.9913294777916 69.6308922963264 -53.7005600154282 35.8770564283623 66.9259168206638 -53.4414913243708 39.6927222732545 72.9156806321255 -44.1632375153198 31.9458961560842 67.1389284814073 -51.7011333016805 39.6927222732545 70.5843699886003 -42.6005062632543 35.8770564283623 78.8030890873729 -21.5381767857034 22.3628616277121 68.3215514362604 -41.0836868383886 39.6927222732545 77.5150130279035 -21.1102180421489 24.9056954028786 75.9519807058564 -20.5909060467425 27.9913294777916 73.9487893397397 -19.9253527559722 31.9458961560842 71.9574545218253 -19.2637387616699 35.8770564283623 78.8554320369952 4.58053660319656 22.3628616277121 70.0246235700979 -18.6215624712848 39.6927222732545 77.623685734052 4.49091647451623 24.9056954028786 76.1290074734721 4.38216578638447 27.9913294777916 74.2134190723348 4.2427902683917 31.9458961560842 72.309168712384 4.10423969032994 35.8770564283623 70.4608637450627 3.9697596203546 39.6927222732545 78.7134432018833 35.3243403307965 22.3628616277121 77.3288931962646 34.6039311821266 24.9056954028786 75.6487933338668 33.7297415128198 27.9913294777916 73.495567523308 32.609374919498 31.9458961560842 71.355086289251 31.4956395850476 35.8770564283623 69.2774907269386 30.4146249273956 39.6927222732545 76.7958458850278 59.462065686652 24.9056954028786 74.7804645157272 57.8447604719707 27.9913294777916 72.1975399648591 55.7720126492117 31.9458961560842 69.6299033040837 53.7115330674642 35.8770564283623 69.4909106405739 55.191499299156 35.8770564283623 67.13770180884 51.7115887712183 39.6927222732545 66.9653056261555 53.1231258490305 39.6927222732545 66.562549669673 56.3269980620555 39.6927222732545 55.4655493337578 -36.329488798119 59.8463611366277 57.4481487568029 -28.7096942052236 59.8463611366275 59.1797155593853 -19.7791474417278 59.8463611366275 60.2896757350412 -10.6389541270469 59.8463611366273 60.7332864672079 -1.38156726483873 59.8463611366273 60.45921077093 8.40498227826762 59.846361136627 59.277222762328 19.1521683638697 59.846361136627 57.106396502254 30.1604367254764 59.8463611366267 54.864022485998 38.344569268153 59.8463611366267 47.4017362490934 -35.848234520931 69.9231805683144 65.2342769888827 12.4923824249317 49.7695417049408 46.991367556522 36.6658289022267 69.9231805683126 52.789704509306 -32.8555190638372 64.8847708524709 52.3999083176768 33.9770919838465 64.8847708524697 4.47905751092433e-14 1.00000000000002 2.69516135367851e-14 0.328212037887575 0.0515693987898554 -2.90976059295535e-14 0.0233629041339429 0.264617607139372 0.0398227358970954 0.19909826926807 0.0503176328349972 0.13318882462986 0.0548982654655264 0.0691673169581938 0.0545800608651073 0.0334710811707876 0.948426589640384 -1.6688605406383e-14 0.999999999999995 0.328212037887663 0.945189575304275 0.0393810271285344 0.945524731682913 0.0817615900479766 0.948837717501188 0.125607493733522 0.957415799793841 0.18484607144233 0.972941105069549 0.251997294664579 0.985141445302227 0.290593393911968 0.999999999999892 0.999999999999976 0.880510245197628 0.999999999999981 0.761020490395358 0.999999999999986 0.641530735593088 0.999999999999991 0.533989956271044 0.999999999999996 0.437203254881205 1 0.340416553491366 1 0.243629852101527 1.00000000000001 0.146843150711688 1.00000000000001 0.0734215753558561 1.00000000000001 0.0548982654655264 0.13318882462986 0.146843150711688 0.0393810271285344 0.0548982654655264 0.19909826926807 0.146843150711688 0.0817615900479766 0.0398227358970954 0.264617607139372 0.146843150711688 0.13318882462986 0.0548982654655264 0.264617607139372 0.0398227358970954 0.328212037887575 0.146843150711688 0.19909826926807 0.0548982654655264 0.328212037887575 0.146843150711688 0.264617607139372 0.340416553491366 0.0393810271285344 0.146843150711688 0.328212037887575 0.340416553491366 0.0817615900479766 0.340416553491366 0.13318882462986 0.340416553491366 0.19909826926807 0.340416553491366 0.264617607139372 0.533989956271044 0.0393810271285344 0.340416553491366 0.328212037887575 0.533989956271044 0.0817615900479766 0.533989956271044 0.13318882462986 0.533989956271044 0.19909826926807 0.533989956271044 0.264617607139372 0.533989956271044 0.328212037887575 0.761020490395358 0.0393810271285344 0.761020490395358 0.0817615900479766 0.761020490395358 0.13318882462986 0.761020490395358 0.19909826926807 0.761020490395358 0.264617607139372 0.761020490395358 0.328212037887575 0.945189575304275 0.0817615900479766 0.945189575304275 0.13318882462986 0.945189575304275 0.19909826926807 0.945189575304275 0.264617607139372 0.957415799793841 0.264617607139372 0.945189575304275 0.328212037887575 0.957415799793841 0.328212037887575 0.985141445302227 0.328212037887575 0.110132363033772 0.664106018943795 0.195236501406607 0.664106018943792 0.292023202796446 0.664106018943792 0.388809904186285 0.664106018943788 0.485596605576125 0.664106018943788 0.587760345932066 0.664106018943783 0.701275612994223 0.664106018943783 0.820765367796493 0.664106018943778 0.912849910250952 0.664106018943778 0.0550661815169083 0.832053009471906 0.617632784632633 0.496159028415679 0.956424955125422 0.832053009471877 0.125151341461758 0.748079514207849 0.888595161460958 0.748079514207828 72 56 62 72 71 56 73 62 63 73 64 10 32 27 30 73 72 62 49 42 48 73 63 64 49 43 42 74 1 2 74 25 26 74 26 1 74 2 65 33 5 29 50 43 49 75 50 56 75 70 69 33 31 5 75 69 50 75 56 71 34 2 4 75 71 70 76 10 17 50 45 43 76 17 18 76 73 10 51 9 11 77 24 25 77 66 24 34 4 31 77 25 74 77 65 66 77 74 65 51 44 9 78 18 19 78 19 72 78 72 73 78 76 18 35 27 32 78 73 76 35 29 27 52 44 51 52 46 44 36 31 33 53 47 46 36 34 31 37 29 35 37 33 29 53 46 52 54 48 47 54 47 53 38 28 3 55 48 54 39 36 33 55 49 48 56 50 49 39 33 37 56 49 55 57 11 12 57 12 13 57 52 51 57 51 11 40 30 28 58 13 14 58 57 13 40 28 38 58 52 57 58 53 52 59 58 14 59 14 15 59 54 53 41 32 30 59 53 58 41 30 40 60 55 54 60 54 59 61 15 16 61 60 59 61 59 15 42 35 32 62 56 55 42 32 41 62 55 60 63 61 16 43 37 35 63 60 61 43 35 42 63 62 60 64 16 10 64 63 16 44 3 9 65 34 36 65 36 39 65 2 34 44 38 3 66 65 39 67 39 45 27 6 7 45 37 43 45 39 37 67 23 24 67 66 39 67 24 66 28 7 8 28 8 3 46 38 44 68 22 23 46 40 38 68 23 67 68 67 45 69 45 50 69 21 22 69 68 45 29 5 6 69 22 68 70 21 69 47 41 40 29 6 27 70 20 21 47 40 46 47 42 41 71 19 20 48 42 47 30 27 7 71 20 70 30 7 28 31 4 5 72 19 71 
47 45 1 0.0713214999495962
66.3402782314477 58.0477434525198 39.6927222732582 58.0477434525192 66.3402782314495 39.6927222732549 64.9175186725513 58.5799055308806 41.2635590473287 63.898631840333 59.09021982289 42.1431886853346 63.0097877248764 59.6372431094293 42.7269099909025 62.2506813163733 60.1919336359426 43.073553683822 61.6284031438528 60.7174621534565 43.2377595087583 61.08560312014 61.237377993377 43.2767764993819 60.5803478832149 61.7829348029222 43.2081355337339 60.1155507765449 62.3483994639072 43.0373927892543 59.7013465857639 62.9156532833894 42.7779013051507 59.3376552883728 63.4758696247312 42.4434331831186 59.0192099830399 64.027331172944 42.0440149094796 58.6637732521266 64.7328559882333 41.4388375294517 58.3158679929381 65.5579776245104 40.6049479974924 62.4999999999992 79.9999999999994 19.9999999999989 57.5214257127066 69.267168925786 35.8770619052347 57.6724342366264 72.0690695247034 31.9458933121228 58.4396316686318 74.7549132193635 27.9913306076931 59.845572055621 77.2896593546459 24.1500362058001 61.0127829100977 78.6879710513216 22.0082677179406 79.9999999999995 62.4999999999993 19.9999999999991 60.9053982970721 78.5754428378423 20 59.5769187663909 76.8999548982284 20 58.5534347825174 75.0225635607643 20 57.8648950765719 72.9982042120894 20 57.5314473898419 70.886112751133 20 57.5628489195772 68.7480922547015 20 57.9581808082425 66.6467045234545 20 58.7058750307162 64.6434394264416 20 59.784052892674 62.796915612023 20 61.1611652351682 61.1611652351681 20 62.7969156120231 59.7840528926739 20 64.6434394264417 58.7058750307162 20 66.6467045234547 57.9581808082424 20 68.7480922547016 57.5628489195772 20 70.8861127511331 57.5314473898419 20 72.9982042120896 57.8648950765719 20 75.0225635607644 58.5534347825175 20 76.8999548982285 59.576918766391 20 78.5754428378425 60.9053982970722 20 78.4566966470781 60.7948692714388 22.3628624531593 76.7946498805691 59.5079509128462 24.9057397146063 75.0580144830335 58.569033140682 27.5364500359676 72.6589810064659 57.7860243622058 31.0907669446242 69.8204767942905 57.5012700103758 35.11983568161 68.1027093377791 57.6448182758622 37.4356042262519 4.41525839067707 -40.3072777267418 3.43872324329726 -40.3072777267451 4.29366141989038 -38.7364409976309 4.20246711525485 -37.8568157811717 4.11894765394894 -37.2730905440746 4.04371598610576 -36.9264459094886 3.97854451369839 -36.7622404714609 3.91840599951668 -36.7232176705009 3.85891053623618 -36.7918599046982 3.80034324822404 -36.9626076989658 3.74414512493144 -37.2220985197737 3.69070543420725 -37.5565667828418 3.63975536045346 -37.9559893927299 3.57654555233708 -38.5611625407163 3.50489313308346 -39.3950520958724 2.21429743558826 -60.0000000000011 3.20025242436553 -44.1229380949308 2.97530185905574 -48.0541040700999 2.75137312196143 -52.0086694141928 2.51896735827315 -55.8499626926073 2.37312288152261 -57.9917356200155 5.63968419838623 -60 2.38556677372816 -60 2.55683611186806 -60 2.72810545000796 -60 2.89937478814786 -60 3.07064412628775 -60 3.24191346442765 -60 3.41318280256755 -60 3.58445214070745 -60 3.75572147884735 -60 3.92699081698725 -60 4.09826015512714 -60 4.26952949326704 -60 4.44079883140694 -60 4.61206816954684 -60 4.78333750768674 -60 4.95460684582664 -60 5.12587618396654 -60 5.29714552210644 -60 5.46841486024634 -60 5.45543661325758 -57.637138443772 5.28707795883575 -55.0943049059584 5.12897468334934 -52.4635502266467 4.92674429457961 -48.9092330681637 4.69802647833014 -44.8801610021584 4.56001692354726 -42.5643956677716 43 44 39 43 39 40 21 16 23 42 43 40 42 40 41 20 23 24 22 42 41 20 21 23 19 24 25 19 20 24 26 19 25 18 26 27 18 19 26 17 27 28 17 28 29 17 18 27 2 29 30 2 17 29 15 2 30 14 15 30 13 30 31 13 14 30 12 13 31 11 12 31 10 11 31 9 31 32 9 10 31 8 9 32 7 8 32 6 7 32 6 32 33 5 6 33 4 5 33 4 33 34 3 4 34 1 3 34 1 34 35 47 1 35 47 35 36 46 47 36 46 36 37 45 46 37 45 37 38 44 45 38 44 38 39 
47 45 1 0.071321499949586
58.0477434525198 -66.3402782314476 39.6927222732582 66.3402782314495 -58.0477434525192 39.6927222732549 58.5799055308806 -64.9175186725513 41.2635590473287 59.09021982289 -63.898631840333 42.1431886853345 59.6372431094292 -63.0097877248765 42.7269099909025 60.1919336359426 -62.2506813163734 43.073553683822 60.7174621534565 -61.6284031438528 43.2377595087583 61.2373779933769 -61.0856031201401 43.276776499382 61.7829348029222 -60.5803478832149 43.2081355337339 62.3483994639071 -60.115550776545 43.0373927892543 62.9156532833893 -59.701346585764 42.7779013051507 63.4758696247312 -59.3376552883728 42.4434331831186 64.0273311729439 -59.0192099830399 42.0440149094796 64.7328559882333 -58.6637732521266 41.4388375294517 65.5579776245104 -58.3158679929381 40.6049479974924 79.9999999999994 -62.4999999999992 19.9999999999989 69.2671689257855 -57.5214257127066 35.8770619052354 72.0690695247025 -57.6724342366262 31.9458933121242 74.7549132193622 -58.4396316686312 27.9913306076952 77.2896593546442 -59.8455720556198 24.1500362058027 78.6879710513208 -61.0127829100969 22.0082677179418 62.4999999999993 -79.9999999999995 19.9999999999991 78.5754428378423 -60.9053982970721 20 76.8999548982284 -59.5769187663909 20 75.0225635607643 -58.5534347825174 20 72.9982042120894 -57.8648950765719 20 70.886112751133 -57.5314473898419 20 68.7480922547015 -57.5628489195772 20 66.6467045234545 -57.9581808082425 20 64.6434394264416 -58.7058750307162 20 62.796915612023 -59.784052892674 20 61.1611652351681 -61.1611652351682 20 59.7840528926739 -62.7969156120231 20 58.7058750307162 -64.6434394264417 20 57.9581808082425 -66.6467045234547 20 57.5628489195772 -68.7480922547016 20 57.5314473898419 -70.8861127511331 20 57.8648950765719 -72.9982042120895 20 58.5534347825174 -75.0225635607644 20 59.576918766391 -76.8999548982285 20 60.9053982970722 -78.5754428378424 20 60.7948692714388 -78.4566966470781 22.3628624531593 59.5079509128462 -76.7946498805691 24.9057397146063 58.5690331406821 -75.0580144830336 27.5364500359676 57.7860243622058 -72.6589810064659 31.0907669446243 57.5012700103757 -69.8204767942905 35.11983568161 57.6448182758622 -68.102709337779 37.4356042262519 2.84446206388217 -40.3072777267418 1.86792691650236 -40.3072777267451 2.72286509309548 -38.736440997631 2.63167078845996 -37.8568157811718 2.54815132715405 -37.2730905440746 2.47291965931087 -36.9264459094886 2.4077481869035 -36.7622404714609 2.34760967272179 -36.7232176705009 2.28811420944129 -36.7918599046982 2.22954692142915 -36.9626076989658 2.17334879813655 -37.2220985197736 2.11990910741236 -37.5565667828418 2.06895903365857 -37.9559893927299 2.00574922554219 -38.5611625407163 1.93409680628857 -39.3950520958724 0.643501108793365 -60.0000000000011 1.62945609757067 -44.1229380949301 1.40450553226092 -48.0541040700985 1.18057679516665 -52.0086694141907 0.948171031478419 -55.8499626926046 0.802326554727801 -57.9917356200143 4.06888787159134 -60 0.814770446933264 -60 0.986039785073163 -60 1.15730912321306 -60 1.32857846135296 -60 1.49984779949286 -60 1.67111713763276 -60 1.84238647577265 -60 2.01365581391255 -60 2.18492515205245 -60 2.35619449019235 -60 2.52746382833225 -60 2.69873316647215 -60 2.87000250461204 -60 3.04127184275194 -60 3.21254118089184 -60 3.38381051903174 -60 3.55507985717164 -60 3.72634919531154 -60 3.89761853345144 -60 3.88464028646268 -57.637138443772 3.71628163204086 -55.0943049059584 3.55817835655444 -52.4635502266466 3.35594796778471 -48.9092330681637 3.12723015153524 -44.8801610021584 2.98922059675237 -42.5643956677716 43 44 39 43 39 40 21 16 23 42 43 40 42 40 41 20 23 24 22 42 41 20 21 23 19 24 25 19 20 24 26 19 25 18 26 27 18 19 26 17 27 28 17 28 29 17 18 27 2 29 30 2 17 29 15 2 30 14 15 30 13 30 31 13 14 30 12 13 31 11 12 31 10 11 31 9 31 32 9 10 31 8 9 32 7 8 32 6 7 32 6 32 33 5 6 33 4 5 33 4 33 34 3 4 34 1 3 34 1 34 35 47 1 35 47 35 36 46 47 36 46 36 37 45 46 37 45 37 38 44 45 38 44 38 39 
26 33 1 0.50784965118003
-58.0477434525198 66.3402782314476 39.6927222732582 -33.5837350012931 38.3814114300554 80 -66.3402782314495 58.0477434525192 39.6927222732549 -58.5799055308806 64.9175186725513 41.2635590473287 -59.09021982289 63.898631840333 42.1431886853345 -59.6372431094292 63.0097877248765 42.7269099909025 -60.1919336359426 62.2506813163734 43.073553683822 -60.7174621534565 61.6284031438528 43.2377595087583 -61.2373779933769 61.0856031201401 43.276776499382 -61.7829348029222 60.5803478832149 43.2081355337339 -62.3483994639071 60.115550776545 43.0373927892543 -62.9156532833893 59.701346585764 42.7779013051507 -63.4758696247312 59.3376552883728 42.4434331831186 -64.0273311729439 59.0192099830399 42.0440149094796 -64.7328559882333 58.6637732521266 41.4388375294517 -65.5579776245104 58.3158679929381 40.6049479974924 -38.381411430051 33.5837350012909 80 -58.8969347693305 63.6881117411452 42.443445087346 -58.4913273274562 63.2463194901979 43.0735482116038 -62.3232949490727 60.0914497690052 43.0735482116038 -64.3086214673856 58.2819010156643 42.0439947975806 -63.0345637256706 58.9279613834955 43.0735482116038 -64.0286971874513 58.0298930272306 42.443445087346 -63.5871374543345 57.6323691677707 43.0735482116038 -46.800491631165 50.0683614717293 61.6383898743979 -50.1117185198487 46.7323006451752 61.6383898743995 4.69284229643751e-14 0.328212037887669 -2.93345771846791e-13 0.999999999999764 1.0000000000001 0.328212037887614 0.127811359676106 0.354392561054627 0.221560558935265 0.369053075832652 0.306450113027721 0.378781891520464 0.382436110299387 0.384559136860091 0.448098163398128 0.387296318350324 0.508642018979401 0.387946329146587 0.568545069668513 0.386802316114027 0.627570585872879 0.383956798647958 0.684330245562292 0.3796315557776 0.738508004090671 0.374057418122467 0.79045993629455 0.367399913293047 0.855412459937296 0.357312511513741 0.929911345235154 0.343415433260293 1.0000000000005 0.999999999999814 0.221560558935265 0.374057418122467 0.221560558935265 0.384559136860091 0.627570585872879 0.384559136860091 0.855412459937296 0.367399913293047 0.738508004090671 0.384559136860091 0.855412459937296 0.374057418122467 0.855412459937296 0.384559136860091 0.254321009489554 0.693973164573175 0.754321009489949 0.6939731645732 18 4 5 18 5 6 19 1 4 19 6 7 19 7 8 19 4 18 19 18 6 20 10 11 20 11 12 21 14 15 21 15 16 22 12 13 22 20 12 22 10 20 23 13 14 23 14 21 23 21 16 24 16 3 24 13 23 24 23 16 24 10 22 24 22 13 25 2 1 25 8 9 25 17 2 25 19 8 25 1 19 26 9 10 26 3 17 26 10 24 26 17 25 26 24 3 26 25 9 
26 33 1 0.507849651180027
66.3402782314477 58.0477434525198 39.6927222732582 38.3814114300554 33.5837350012931 80 58.0477434525192 66.3402782314495 39.6927222732549 64.9175186725513 58.5799055308806 41.2635590473287 63.898631840333 59.09021982289 42.1431886853346 63.0097877248764 59.6372431094293 42.7269099909025 62.2506813163733 60.1919336359426 43.073553683822 61.6284031438528 60.7174621534565 43.2377595087583 61.08560312014 61.237377993377 43.2767764993819 60.5803478832149 61.7829348029222 43.2081355337339 60.1155507765449 62.3483994639072 43.0373927892543 59.7013465857639 62.9156532833894 42.7779013051507 59.3376552883728 63.4758696247312 42.4434331831186 59.0192099830399 64.027331172944 42.0440149094796 58.6637732521266 64.7328559882333 41.4388375294517 58.3158679929381 65.5579776245104 40.6049479974924 33.5837350012909 38.381411430051 80 63.6881117411452 58.8969347693306 42.443445087346 63.2463194901979 58.4913273274563 43.0735482116039 60.0914497690051 62.3232949490728 43.0735482116039 58.2819010156642 64.3086214673856 42.0439947975806 58.9279613834955 63.0345637256706 43.0735482116039 58.0298930272306 64.0286971874513 42.443445087346 57.6323691677706 63.5871374543345 43.0735482116039 50.0683614717293 46.8004916311651 61.6383898743979 46.7323006451751 50.1117185198487 61.6383898743995 4.67438715409321e-14 0.328212037887669 -2.94019868309505e-13 0.999999999999763 1.0000000000001 0.328212037887614 0.127811359676106 0.354392561054628 0.221560558935272 0.369053075832653 0.306450113027725 0.378781891520465 0.382436110299392 0.384559136860092 0.448098163398135 0.387296318350324 0.508642018979408 0.387946329146587 0.568545069668521 0.386802316114027 0.627570585872888 0.383956798647958 0.6843302455623 0.379631555777599 0.738508004090676 0.374057418122466 0.790459936294554 0.367399913293046 0.855412459937298 0.357312511513741 0.929911345235155 0.343415433260293 1.0000000000005 0.999999999999814 0.221560558935272 0.374057418122466 0.221560558935272 0.384559136860092 0.627570585872888 0.384559136860092 0.855412459937298 0.367399913293046 0.738508004090676 0.384559136860092 0.855412459937298 0.374057418122466 0.855412459937298 0.384559136860092 0.254321009489557 0.693973164573175 0.754321009489952 0.6939731645732 18 4 5 18 5 6 19 1 4 19 6 7 19 7 8 19 4 18 19 18 6 20 10 11 20 11 12 21 14 15 21 15 16 22 12 13 22 20 12 22 10 20 23 13 14 23 14 21 23 21 16 24 16 3 24 13 23 24 23 16 24 10 22 24 22 13 25 2 1 25 8 9 25 17 2 25 19 8 25 1 19 26 9 10 26 3 17 26 10 24 26 17 25 26 24 3 26 25 9 
26 33 1 0.507849651180026
58.0477434525198 -66.3402782314476 39.6927222732582 33.5837350012931 -38.3814114300554 80 66.3402782314495 -58.0477434525192 39.6927222732549 58.5799055308806 -64.9175186725513 41.2635590473287 59.09021982289 -63.898631840333 42.1431886853345 59.6372431094292 -63.0097877248765 42.7269099909025 60.1919336359426 -62.2506813163734 43.073553683822 60.7174621534565 -61.6284031438528 43.2377595087583 61.2373779933769 -61.0856031201401 43.276776499382 61.7829348029222 -60.5803478832149 43.2081355337339 62.3483994639071 -60.115550776545 43.0373927892543 62.9156532833893 -59.701346585764 42.7779013051507 63.4758696247312 -59.3376552883728 42.4434331831186 64.0273311729439 -59.0192099830399 42.0440149094796 64.7328559882333 -58.6637732521266 41.4388375294517 65.5579776245104 -58.3158679929381 40.6049479974924 38.381411430051 -33.5837350012909 80 58.8969347693305 -63.6881117411452 42.443445087346 58.4913273274562 -63.2463194901979 43.0735482116038 62.3232949490727 -60.0914497690052 43.0735482116038 64.3086214673856 -58.2819010156643 42.0439947975806 63.0345637256706 -58.9279613834955 43.0735482116038 64.0286971874513 -58.0298930272306 42.443445087346 63.5871374543345 -57.6323691677707 43.0735482116038 46.8004916311651 -50.0683614717293 61.6383898743979 50.1117185198487 -46.7323006451752 61.6383898743995 4.69284229643751e-14 0.328212037887669 -2.94019868309505e-13 0.999999999999763 1.0000000000001 0.328212037887614 0.127811359676106 0.354392561054627 0.221560558935265 0.369053075832652 0.306450113027721 0.378781891520464 0.382436110299387 0.384559136860091 0.448098163398128 0.387296318350324 0.508642018979401 0.387946329146587 0.568545069668513 0.386802316114027 0.627570585872879 0.383956798647958 0.684330245562292 0.3796315557776 0.738508004090671 0.374057418122467 0.79045993629455 0.367399913293047 0.855412459937296 0.357312511513741 0.929911345235154 0.343415433260293 1.0000000000005 0.999999999999814 0.221560558935265 0.374057418122467 0.221560558935265 0.384559136860091 0.627570585872879 0.384559136860091 0.855412459937296 0.367399913293047 0.738508004090671 0.384559136860091 0.855412459937296 0.374057418122467 0.855412459937296 0.384559136860091 0.254321009489553 0.693973164573175 0.754321009489949 0.6939731645732 18 4 5 18 5 6 19 1 4 19 6 7 19 7 8 19 4 18 19 18 6 20 10 11 20 11 12 21 14 15 21 15 16 22 12 13 22 20 12 22 10 20 23 13 14 23 14 21 23 21 16 24 16 3 24 13 23 24 23 16 24 10 22 24 22 13 25 2 1 25 8 9 25 17 2 25 19 8 25 1 19 26 9 10 26 3 17 26 10 24 26 17 25 26 24 3 26 25 9 
218 371 1 0.0634309741978385
0 3.3 -4 -0.0248578890780209 3.29990799424969 -4 -0.0263644157531715 3.4999007011031 -3.8 -0.0251194959713352 3.33463644271555 -3.99696130070394 -0.0253731529806238 3.36830964651277 -3.98793809348378 -0.0256111537725161 3.39990447289554 -3.97320454109983 -0.0258262668877265 3.42846093892114 -3.9532083104835 -0.0260119562902972 3.45311137973971 -3.92855697073733 -0.0261625799596921 3.47310681188067 -3.8999995326451 -0.0262735613189946 3.48783969050247 -3.8684036905921 -0.0263415282904234 3.49686236914545 -3.83472945838138 3.5 0 -3.8 3.45649577712591 0.550124479286961 -3.8 3.32706460416528 1.0865731083137 -3.8 3.11492408260117 1.5960100123844 -3.8 2.825347931594 2.0657708162905 -3.8 2.46553488566517 2.48417747505448 -3.8 2.04442973735357 2.84082858494214 -3.8 1.57250097364527 3.12685795774043 -3.8 1.06148053403572 3.3351550302592 -3.8 0.524072159723765 3.46054162977452 -3.8 0.0263644157531715 -3.4999007011031 -3.8 0.630834048839102 -3.44268040962638 -3.8 1.21631904282739 -3.28185435174315 -3.8 1.76519951602583 -3.02226250822495 -3.8 2.2609571817145 -2.67171716737638 -3.8 2.68867245782532 -2.24076781807745 -3.8 3.03547346439484 -1.74238366812674 -3.8 3.29092339643364 -1.19156334233884 -3.8 3.44733461441718 -0.604883506339146 -3.8 0.0248648243596818 -3.29990956278122 -3.99999999998688 0.0251195066583989 -3.33463786143336 -3.99696105052282 0.0253731619034028 -3.36831083102012 -3.98793766233345 0.0256111608210325 -3.39990540859257 -3.97320400084947 0.0258262720833677 -3.42846162864764 -3.9532077317099 0.0260119597780211 -3.45311184273875 -3.92855641893485 0.02616258199442 -3.4731070819925 -3.89999906478003 0.0262735622468817 -3.48783981368067 -3.86840335215033 0.0263415285259718 -3.49686240041504 -3.83472928103625 0.568932742294226 -3.25102883196501 -3.99999994474636 0.998469869400392 -3.14562521508255 -3.99999980513872 1.3137311128329 -3.02802490731151 -3.99999961143518 1.58937050722883 -2.89267437761571 -3.99999927662578 1.85067926170407 -2.73313930262779 -3.9999985335324 2.25876885679198 -2.40622847766371 -3.99999984969605 2.6121599518796 -2.01716606493219 -3.99999968641632 2.89006518039724 -1.59410068678666 -3.99999924229135 3.03194840352143 -1.30360678985951 -3.99999979925107 3.1864711569803 -0.8585667748563 -3.99999997317612 3.28475345890383 -0.317024989246974 -3.99999999933834 3.29504108459631 0.180637653082083 -3.9999999999536 3.25034221885446 0.570273584464896 -3.9999999998285 3.15973583957799 0.951855240195819 -3.99999999990371 3.02105795999991 1.32790868025775 -4.00000002369359 2.82592171925829 1.70506363495163 -3.99999948521025 2.5838422769658 2.05426742407655 -3.999997763922 2.3207187951982 2.34612927020628 -4.00000000125677 1.96281801806639 2.65354904286547 -3.99999909570299 1.61947122317881 2.87604543841559 -3.99999892892408 1.23595089281565 3.05986022426693 -3.99999999161814 0.863173172504201 3.18494868496684 -3.99999994046624 0.540106730656223 3.25603184157334 -3.99999932659929 0.214461881508772 3.29330808111481 -3.99999993212048 0.216737809411466 3.32768025594876 -3.99696130150517 0.218926431098058 3.36128322164262 -3.98793809312468 0.220979966422721 3.3928121411852 -3.97320453983294 0.222836020498555 3.42130903574596 -3.95320830995252 0.224438198840634 3.4459080535635 -3.92855697143539 0.225737820576676 3.46586177369647 -3.89999953496724 0.226695397844328 3.48056391992448 -3.86840369161018 0.227281835346215 3.48956777809616 -3.83472945372112 0.545701473454542 3.28977826999468 -3.99696130150517 0.551211975209874 3.32299850085954 -3.98793809312468 0.55638235713586 3.35416830877668 -3.97320453983294 0.561055521669285 3.38234062621034 -3.95320830995252 0.565089479031798 3.40665946337467 -3.92855697143539 0.568361660743967 3.42638591238721 -3.89999953496724 0.570772644445068 3.44092060246049 -3.86840369161018 0.57224917412735 3.4498219074781 -3.83472945372112 1.03115321819398 3.23986564714373 -3.97320453983294 1.0398140762999 3.26707791410568 -3.95320830995252 1.04729028050204 3.2905680189108 -3.92855697143539 1.0533546724795 3.30962223402834 -3.89999953496724 1.05782299102073 3.32366161390593 -3.86840369161018 1.06055946947681 3.33225958207165 -3.83472945372112 1.52757316751165 3.03751980879669 -3.97320453983294 1.54040355412812 3.06303253337898 -3.95320830995251 1.55147896826881 3.08505556347566 -3.92855697143539 1.56046289257667 3.1029197474154 -3.89999953496724 1.56708235842039 3.11608229769553 -3.86840369161018 1.57113623808563 3.12414327968155 -3.83472945372112 1.96756234597436 2.73401757365116 -3.98793809312468 1.98601812931978 2.7596627259408 -3.97320453983294 2.00269908507916 2.78284167439178 -3.95320830995251 2.01709837785345 2.80285014811238 -3.92855697143539 2.02877849696479 2.8190802060712 -3.89999953496724 2.03738455227634 2.83103871224495 -3.86840369161018 2.0426550549799 2.83836231601435 -3.83472945372112 2.34557492674299 2.3703817048936 -3.99696130150517 2.36926057792742 2.39431785530003 -3.98793809312468 2.39148430059854 2.41677661585107 -3.97320453983294 2.41157084624916 2.43707559661774 -3.95320830995251 2.42890990378396 2.45459803186037 -3.92855697143539 2.44297464018869 2.46881151678375 -3.89999953496724 2.45333771082929 2.47928418716103 -3.86840369161018 2.459684241249 2.48569783842619 -3.83472945372112 2.61028647182229 2.07529171416483 -3.99696130150517 2.63664518420368 2.0962480413694 -3.98793809312468 2.66137698107811 2.11591089971233 -3.97320453983294 2.68373040828252 2.13368285032437 -3.95320830995251 2.70302627762407 2.14902390893782 -3.92855697143539 2.71867829996982 2.16146795009372 -3.89999953496724 2.73021090239973 2.17063687255641 -3.86840369161018 2.73727367507379 2.17625208520366 -3.83472945372112 2.85526013767724 1.72276542513803 -3.99696130150517 2.88409259785183 1.74016193652941 -3.98793809312468 2.91114545757086 1.75648469842422 -3.97320453983294 2.93559673919308 1.77123775788218 -3.95320830995251 2.95670351316119 1.78397285684869 -3.92855697143539 2.97382446749332 1.79430304980714 -3.89999953496724 2.98643939706418 1.80191446293845 -3.86840369161018 2.99416500630111 1.80657582892254 -3.83472945372112 3.05283449961182 1.34187655238458 -3.99696130150517 3.08366206868974 1.35542684216215 -3.98793809312468 3.11258689496864 1.36814077938029 -3.97320453983294 3.13873012272959 1.37963206210149 -3.95320830995251 3.16129741419809 1.38955153833784 -3.92855697143539 3.17960308076826 1.39759781295555 -3.89999953496724 3.19309092087639 1.40352640698372 -3.86840369161018 3.20135111619021 1.40715718435182 -3.83472945372112 3.19299667932743 0.961874924126672 -3.99696130150517 3.22523960822189 0.971587951698787 -3.98793809312468 3.25549243531435 0.980701470655003 -3.97320453983294 3.28283595473482 0.988938574638919 -3.95320830995251 3.30643935895785 0.996048986871145 -3.92855697143539 3.32558547794296 1.00181666331922 -3.89999953496724 3.33969257371969 1.00606635821171 -3.86840369161018 3.34833201231717 1.00866894762223 -3.83472945372112 3.29328108203032 0.524147764090326 -3.99696130150517 3.32653668434424 0.529440616161601 -3.98793809312468 3.35773968050975 0.534406782202609 -3.97320453983294 3.385941994595 0.538895369572398 -3.95320830995251 3.41028672539365 0.542769996698855 -3.92855697143539 3.43003417826643 0.545912936220851 -3.89999953496724 3.44458434424208 0.548228692687825 -3.86840369161018 3.45349512698001 0.549646903503131 -3.83472945372112 3.40000093690191 0 -3.97320453983294 3.42855821156774 0 -3.95320830995251 3.45320935054807 0 -3.92855697143539 3.47320534924285 0 -3.89999953496724 3.48793864683481 0 -3.86840369161018 3.49696158266076 0 -3.83472945372112 3.34884026555769 -0.587601265071292 -3.97320453983294 3.37696783171144 -0.592536643335016 -3.95320830995251 3.4012480387882 -0.59679694817584 -3.92855697143539 3.42094315264901 -0.600252733732219 -3.89999953496724 3.43545475459738 -0.60279899900225 -3.86840369161018 3.44434192003299 -0.604358377544898 -3.83472945372112 3.19689789753726 -1.15751898630464 -3.97320453983294 3.22374926994357 -1.16724121527936 -3.95320830995252 3.24692784425595 -1.17563361337962 -3.92855697143539 3.26572935854163 -1.18244118448589 -3.89999953496724 3.27958254534059 -1.187457086543 -3.86840369161018 3.28806648552382 -1.19052891497028 -3.83472945372112 2.92089283761001 -1.60897986160741 -3.99696130150517 2.95038805778394 -1.62522736465253 -3.98793809312468 2.97806277055265 -1.64047203742767 -3.97320453983294 3.00307610381022 -1.65425068379391 -3.95320830995251 3.02466805058066 -1.66614465233641 -3.92855697143539 3.04218255730524 -1.67579255459525 -3.89999953496724 3.05508746111567 -1.68290124755366 -3.86840369161018 3.06299065578033 -1.68725473868283 -3.83472945372112 2.63932893233687 -2.03822814002485 -3.99696130150517 2.66598091592502 -2.05881019869563 -3.98793809312468 2.69098788268671 -2.07812188915068 -3.97320453983294 2.71359001766092 -2.09557644245195 -3.95320830995252 2.73310057589945 -2.11064351815523 -3.92855697143539 2.74892674512366 -2.12286531554712 -3.89999953496724 2.76058766111391 -2.13187048607308 -3.86840369161018 2.76772901531483 -2.13738541409584 -3.83472945372112 2.28233472877752 -2.43133283399778 -3.99696130150517 2.30538177948377 -2.45588446983032 -3.98793809312468 2.32700631744958 -2.47892072674452 -3.97320453983294 2.34655129987452 -2.49974166808608 -3.95320830995252 2.36342287056057 -2.51771466882645 -3.92855697143539 2.37710840069717 -2.53229363410803 -3.89999953496724 2.38719206749893 -2.54303559490505 -3.86840369161018 2.39336748599398 -2.54961416445551 -3.83472945372112 1.86972192746681 -2.76126258762354 -3.99696130150517 1.88860240784753 -2.78914585911208 -3.98793809312468 1.90631754502536 -2.81530811607937 -3.97320453983294 1.92232907994663 -2.83895444107511 -3.95320830995252 1.93615051694479 -2.85936636240392 -3.92855697143539 1.94736190301485 -2.87592368061038 -3.89999953496724 1.95562259006078 -2.88812331615667 -3.86840369161018 1.96068158304104 -2.89559459188073 -3.83472945372112 1.60582786012099 -2.92262690871054 -3.99696130150517 1.6220435342073 -2.95213963956074 -3.98793809312468 1.63725834257432 -2.97983078220973 -3.97320453983294 1.65100999648722 -3.00485896534394 -3.95320830995251 1.66288066467188 -3.02646373078764 -3.92855697143539 1.67250966663062 -3.04398863549723 -3.89999953496724 1.67960443361561 -3.05690120067081 -3.86840369161018 1.68394939622877 -3.06480908729174 -3.83472945372112 1.18156747773716 -3.1880879326781 -3.97320453983294 1.19149169470773 -3.21486530846178 -3.95320830995251 1.20005845237894 -3.23798000759524 -3.92855697143539 1.20700745685897 -3.25672970894055 -3.89999953496724 1.2121275687641 -3.27054471932825 -3.86840369161018 1.2152632171723 -3.27900527959217 -3.83472945372112 0.601045840071112 -3.28011814756616 -3.99696130150517 0.607115210079918 -3.31324083036823 -3.98793809312468 0.612809965728129 -3.34431911109543 -3.97320453983294 0.617957076812516 -3.37240870318618 -3.95320830995251 0.622400153127508 -3.39665613038757 -3.92855697143539 0.626004195450513 -3.41632465455019 -3.89999953496724 0.628659698128288 -3.43081666488215 -3.86840369161018 0.630285975619646 -3.43969183206032 -3.83472945372112 0.00902981752341936 0.00375226600686084 0.00903547461056632 0 1 0 0.12707924847915 0 0.238854731292248 0 0.346440427692828 0 0.451636325699056 0 0.556090634923303 0 0.661405502839946 0 0.769236574010912 0 0.881399712820956 0 1 0.501883199268028 1 0.462354067726993 1 0.422351398313668 1 0.381353963347648 1 0.338788444884987 1 0.293995507658076 1 0.246185401001368 1 0.19437622314431 1 0.137303922015437 1 0.0732851539429578 1 1 1 0.919906563821869 1 0.850727792241986 1 0.789512687016593 1 0.734173580109528 1 0.683170828651679 1 0.635321094270092 1 0.589674517536178 1 0.545431590793987 0.00904113784539068 1 0.127083975428658 1 0.238858680656526 1 0.346443712111637 1 0.451639022743023 1 0.556092793774033 1 0.661407147840656 1 0.769237705632111 1 0.881400306097131 1 0.0105500670716184 0.923320973879302 0.0100353734737046 0.86877564894512 0.0115817572498458 0.830802405344905 0.0109682258043023 0.798326860257468 0.0117086192523787 0.767696984700121 0.0100736523028692 0.718663427043102 0.0102648792100173 0.672694977957852 0.0109439677941263 0.630612397888608 0.0101421433148167 0.604898194329596 0.00941875147661764 0.568097360931849 0.00908812320786789 0.525960496659691 0.00899048615024674 0.488189563575299 0.00899620084394924 0.458366726669404 0.009008105222573 0.428246930294052 0.0091000115525223 0.39692657162176 0.0106572415661695 0.362869604653447 0.0123380567468227 0.327569486663895 0.00906740086270085 0.293558544014528 0.0111337378570355 0.250284606986521 0.0113175519986999 0.210247599760366 0.00920311485782498 0.16544497720322 0.0084823073318018 0.120447932492654 0.0108606427950484 0.0793331858707604 0.0100209854988842 0.0350305924165827 0.12707924847915 0.0350305924165827 0.238854731292248 0.0350305924165827 0.346440427692828 0.0350305924165827 0.451636325699056 0.0350305924165827 0.556090634923303 0.0350305924165827 0.661405502839946 0.0350305924165827 0.769236574010912 0.0350305924165827 0.881399712820956 0.0350305924165827 0.12707924847915 0.0793331858707604 0.238854731292248 0.0793331858707604 0.346440427692828 0.0793331858707604 0.451636325699056 0.0793331858707604 0.556090634923303 0.0793331858707604 0.661405502839946 0.0793331858707604 0.769236574010912 0.0793331858707604 0.881399712820956 0.0793331858707604 0.346440427692828 0.137303922015437 0.451636325699056 0.137303922015437 0.556090634923303 0.137303922015437 0.661405502839946 0.137303922015437 0.769236574010912 0.137303922015437 0.881399712820956 0.137303922015437 0.346440427692828 0.19437622314431 0.451636325699056 0.19437622314431 0.556090634923303 0.19437622314431 0.661405502839946 0.19437622314431 0.769236574010912 0.19437622314431 0.881399712820956 0.19437622314431 0.238854731292248 0.246185401001368 0.346440427692828 0.246185401001368 0.451636325699056 0.246185401001368 0.556090634923303 0.246185401001368 0.661405502839946 0.246185401001368 0.769236574010912 0.246185401001368 0.881399712820956 0.246185401001368 0.12707924847915 0.293558544014528 0.238854731292248 0.293558544014528 0.346440427692828 0.293558544014528 0.451636325699056 0.293558544014528 0.556090634923303 0.293558544014528 0.661405502839946 0.293558544014528 0.769236574010912 0.293558544014528 0.881399712820956 0.293558544014528 0.12707924847915 0.327569486663895 0.238854731292248 0.327569486663895 0.346440427692828 0.327569486663895 0.451636325699056 0.327569486663895 0.556090634923303 0.327569486663895 0.661405502839946 0.327569486663895 0.769236574010912 0.327569486663895 0.881399712820956 0.327569486663895 0.12707924847915 0.362869604653447 0.238854731292248 0.362869604653447 0.346440427692828 0.362869604653447 0.451636325699056 0.362869604653447 0.556090634923303 0.362869604653447 0.661405502839946 0.362869604653447 0.769236574010912 0.362869604653447 0.881399712820956 0.362869604653447 0.12707924847915 0.39692657162176 0.238854731292248 0.39692657162176 0.346440427692828 0.39692657162176 0.451636325699056 0.39692657162176 0.556090634923303 0.39692657162176 0.661405502839946 0.39692657162176 0.769236574010912 0.39692657162176 0.881399712820956 0.39692657162176 0.12707924847915 0.428246930294052 0.238854731292248 0.428246930294052 0.346440427692828 0.428246930294052 0.451636325699056 0.428246930294052 0.556090634923303 0.428246930294052 0.661405502839946 0.428246930294052 0.769236574010912 0.428246930294052 0.881399712820956 0.428246930294052 0.12707924847915 0.462354067726993 0.238854731292248 0.462354067726993 0.346440427692828 0.462354067726993 0.451636325699056 0.462354067726993 0.556090634923303 0.462354067726993 0.661405502839946 0.462354067726993 0.769236574010912 0.462354067726993 0.881399712820956 0.462354067726993 0.346440427692828 0.501883199268028 0.451636325699056 0.501883199268028 0.556090634923303 0.501883199268028 0.661405502839946 0.501883199268028 0.769236574010912 0.501883199268028 0.881399712820956 0.501883199268028 0.346440427692828 0.545431590793987 0.451636325699056 0.545431590793987 0.556090634923303 0.545431590793987 0.661405502839946 0.545431590793987 0.769236574010912 0.545431590793987 0.881399712820956 0.545431590793987 0.346440427692828 0.589674517536178 0.451636325699056 0.589674517536178 0.556090634923303 0.589674517536178 0.661405502839946 0.589674517536178 0.769236574010912 0.589674517536178 0.881399712820956 0.589674517536178 0.12707924847915 0.630612397888608 0.238854731292248 0.630612397888608 0.346440427692828 0.630612397888608 0.451636325699056 0.630612397888608 0.556090634923303 0.630612397888608 0.661405502839946 0.630612397888608 0.769236574010912 0.630612397888608 0.881399712820956 0.630612397888608 0.12707924847915 0.672694977957852 0.238854731292248 0.672694977957852 0.346440427692828 0.672694977957852 0.451636325699056 0.672694977957852 0.556090634923303 0.672694977957852 0.661405502839946 0.672694977957852 0.769236574010912 0.672694977957852 0.881399712820956 0.672694977957852 0.12707924847915 0.718663427043102 0.238854731292248 0.718663427043102 0.346440427692828 0.718663427043102 0.451636325699056 0.718663427043102 0.556090634923303 0.718663427043102 0.661405502839946 0.718663427043102 0.769236574010912 0.718663427043102 0.881399712820956 0.718663427043102 0.12707924847915 0.767696984700121 0.238854731292248 0.767696984700121 0.346440427692828 0.767696984700121 0.451636325699056 0.767696984700121 0.556090634923303 0.767696984700121 0.661405502839946 0.767696984700121 0.769236574010912 0.767696984700121 0.881399712820956 0.767696984700121 0.12707924847915 0.798326860257468 0.238854731292248 0.798326860257468 0.346440427692828 0.798326860257468 0.451636325699056 0.798326860257468 0.556090634923303 0.798326860257468 0.661405502839946 0.798326860257468 0.769236574010912 0.798326860257468 0.881399712820956 0.798326860257468 0.346440427692828 0.850727792241986 0.451636325699056 0.850727792241986 0.556090634923303 0.850727792241986 0.661405502839946 0.850727792241986 0.769236574010912 0.850727792241986 0.881399712820956 0.850727792241986 0.12707924847915 0.919906563821869 0.238854731292248 0.919906563821869 0.346440427692828 0.919906563821869 0.451636325699056 0.919906563821869 0.556090634923303 0.919906563821869 0.661405502839946 0.919906563821869 0.769236574010912 0.919906563821869 0.881399712820956 0.919906563821869 180 179 28 180 27 179 181 44 45 181 45 46 181 46 173 1 2 4 182 173 174 182 181 173 183 175 27 183 174 175 5 1 4 183 26 182 183 182 174 184 26 183 184 183 27 6 1 5 185 184 27 185 26 184 186 185 27 186 26 185 187 186 27 187 26 186 188 27 26 188 187 27 188 26 187 189 44 181 190 182 26 190 181 182 190 189 181 191 190 26 192 191 26 193 192 26 194 193 26 194 25 193 195 194 26 195 25 194 196 195 26 196 25 195 196 26 25 197 42 43 197 43 44 197 44 189 198 197 189 198 42 197 198 189 190 199 190 191 199 42 198 199 198 190 200 199 191 200 191 192 19 60 20 200 42 199 201 200 192 201 192 193 201 193 25 201 42 200 202 201 25 202 42 201 203 202 25 203 42 202 204 25 24 204 203 25 204 42 203 205 41 42 206 41 205 206 205 42 207 41 206 207 206 42 208 41 207 208 207 42 209 41 208 209 208 42 210 204 24 210 42 204 210 209 42 210 41 209 210 24 41 211 40 41 212 40 211 212 211 41 213 40 212 213 212 41 214 40 213 214 213 41 215 214 41 215 36 40 215 40 214 216 37 36 216 215 41 216 36 215 217 38 37 217 37 216 217 216 41 218 39 38 218 41 23 218 38 217 218 217 41 218 23 39 23 41 24 32 31 40 33 32 40 34 33 40 35 34 40 36 35 40 22 39 23 64 62 63 64 63 1 65 64 1 66 65 1 66 1 6 67 6 7 67 66 6 68 7 8 68 21 67 68 67 7 69 8 9 69 21 68 69 68 8 70 9 10 70 69 9 70 21 69 71 10 11 71 11 3 71 3 21 71 21 70 71 70 10 72 62 64 72 61 62 73 72 64 73 64 65 73 61 72 74 61 73 74 73 65 74 65 66 75 66 67 75 67 21 75 74 66 75 61 74 76 75 21 76 61 75 77 61 76 77 76 21 78 61 77 78 77 21 79 21 20 79 78 21 79 61 78 80 60 61 81 80 61 81 60 80 82 60 81 82 81 61 83 82 61 83 60 82 84 83 61 84 60 83 85 60 84 85 79 20 85 61 79 85 84 61 85 20 60 86 59 60 87 86 60 87 59 86 88 59 87 88 87 60 89 59 88 89 88 60 90 59 89 90 89 60 91 90 60 91 60 19 92 58 59 93 92 59 93 58 92 94 93 59 94 58 93 95 94 59 96 95 59 97 59 90 97 96 59 98 90 91 98 91 19 98 19 18 98 97 90 99 56 57 99 57 58 100 99 58 101 100 58 102 58 94 102 101 58 103 94 95 103 102 94 104 95 96 104 103 95 105 96 97 105 104 96 106 18 17 106 98 18 106 97 98 106 105 97 107 56 99 108 99 100 108 107 99 109 108 100 109 100 101 110 101 102 110 109 101 111 102 103 111 110 102 111 16 110 112 103 104 112 16 111 112 111 103 113 104 105 113 112 104 113 16 112 114 17 16 114 106 17 114 105 106 114 16 113 114 113 105 115 56 107 115 55 56 116 107 108 116 115 107 117 108 109 117 116 108 118 110 16 118 109 110 118 117 109 119 118 16 119 15 118 120 119 16 120 15 119 121 120 16 121 15 120 122 16 15 122 121 16 122 15 121 123 54 55 123 55 115 124 115 116 124 123 115 125 124 116 125 116 117 126 125 117 126 118 15 126 117 118 127 126 15 128 127 15 128 14 127 129 128 15 129 14 128 130 15 14 130 129 15 130 14 129 131 52 53 131 53 54 131 54 123 132 131 123 132 52 131 132 123 124 133 132 124 133 124 125 133 52 132 134 125 126 134 133 125 135 126 127 135 127 14 135 134 126 136 135 14 137 136 14 138 14 13 138 137 14 139 51 52 140 51 139 140 139 52 141 52 133 141 51 140 141 140 52 142 51 141 142 133 134 142 141 133 143 51 142 143 142 134 143 134 135 144 135 136 144 51 143 144 143 135 145 144 136 145 136 137 146 138 13 146 137 138 146 145 137 147 50 51 148 147 51 148 50 147 149 50 148 149 148 51 150 51 144 150 50 149 150 149 51 151 144 145 151 150 144 151 50 150 152 13 12 152 146 13 152 145 146 152 151 145 153 49 50 154 153 50 154 49 153 155 154 50 155 49 154 156 49 155 156 155 50 157 50 151 157 49 156 157 156 50 158 157 151 158 12 30 158 152 12 158 151 152 159 48 49 160 159 49 160 48 159 161 160 49 161 48 160 162 161 49 162 48 161 163 162 49 163 49 157 164 163 157 164 30 29 164 158 30 164 157 158 165 47 48 166 165 48 167 166 48 168 167 48 169 168 48 170 48 162 170 169 48 170 28 169 171 162 163 171 170 162 171 28 170 172 163 164 172 164 29 172 29 28 172 171 163 172 28 171 173 47 165 173 46 47 174 165 166 174 173 165 175 166 167 175 174 166 176 175 167 176 27 175 176 167 168 177 169 28 177 168 169 177 27 176 177 176 168 178 177 28 178 27 177 179 178 28 179 27 178 180 28 27 
46 46 1 1.11803900182309e-06
-1.73205080756898 1.4210854715202e-14 -4 -0.866025403784398 -1.5 -4 0.866025403784445 -1.50000000000002 -4 1.73205080756898 -1.4210854715202e-14 -4 0.866025403784398 1.5 -4 -0.866025403784423 1.50000000000001 -4 0 3.3 -4 -0.0248578890780209 3.29990799424969 -4 0.0248648243596818 -3.29990956278122 -3.99999999998688 0.568932742294226 -3.25102883196501 -3.99999994474636 0.998469869400392 -3.14562521508255 -3.99999980513872 1.3137311128329 -3.02802490731151 -3.99999961143518 1.58937050722883 -2.89267437761571 -3.99999927662578 1.85067926170407 -2.73313930262779 -3.9999985335324 2.25876885679198 -2.40622847766371 -3.99999984969605 2.6121599518796 -2.01716606493219 -3.99999968641632 2.89006518039724 -1.59410068678666 -3.99999924229135 3.03194840352143 -1.30360678985951 -3.99999979925107 3.1864711569803 -0.8585667748563 -3.99999997317612 3.28475345890383 -0.317024989246974 -3.99999999933834 3.29504108459631 0.180637653082083 -3.9999999999536 3.25034221885446 0.570273584464896 -3.9999999998285 3.15973583957799 0.951855240195819 -3.99999999990371 3.02105795999991 1.32790868025775 -4.00000002369359 2.82592171925829 1.70506363495163 -3.99999948521025 2.5838422769658 2.05426742407655 -3.999997763922 2.3207187951982 2.34612927020628 -4.00000000125677 1.96281801806639 2.65354904286547 -3.99999909570299 1.61947122317881 2.87604543841559 -3.99999892892408 1.23595089281565 3.05986022426693 -3.99999999161814 0.863173172504201 3.18494868496684 -3.99999994046624 0.540106730656223 3.25603184157334 -3.99999932659929 0.214461881508772 3.29330808111481 -3.99999993212048 0 -3.3 -4 -0.555994460510352 3.25282643936628 -4 -1.09017219305022 3.11472840166703 -4 -1.60122124391336 2.88549779633849 -4 -2.06406430659766 2.57480952251222 -4 -2.45906356761182 2.20068410241979 -4 -2.77491809954834 1.7860102081956 -4 -3.0092828300218 1.35433332743862 -4 -3.18136336516936 0.87688550444938 -4 -3.2794363338164 0.367828363907925 -4 -0.967612516544524 -3.15495261273618 -4 -0.650576358674819 -3.23523575527927 -4 -0.312289043876238 -3.28519033725517 -4 1.73205080756898 1.33226762955019e-14 0.8660254037844 -1.5 -0.866025403784446 -1.50000000000003 -1.73205080756898 -1.33226762955019e-14 -0.8660254037844 1.5 0.866025403784423 1.50000000000001 4.44089209850063e-16 3.3 0.0248578890780209 3.29990799424969 -0.0248648243596832 -3.29990956278122 -0.568932742294227 -3.25102883196501 -0.998469869400393 -3.14562521508255 -1.3137311128329 -3.02802490731151 -1.58937050722883 -2.89267437761571 -1.85067926170407 -2.73313930262779 -2.25876885679198 -2.40622847766371 -2.6121599518796 -2.0171660649322 -2.89006518039724 -1.59410068678666 -3.03194840352143 -1.30360678985951 -3.1864711569803 -0.858566774856299 -3.28475345890383 -0.317024989246974 -3.29504108459631 0.180637653082084 -3.25034221885446 0.570273584464895 -3.15973583957799 0.951855240195818 -3.02105795999991 1.32790868025775 -2.82592171925829 1.70506363495163 -2.5838422769658 2.05426742407654 -2.3207187951982 2.34612927020628 -1.96281801806639 2.65354904286547 -1.61947122317881 2.87604543841559 -1.23595089281565 3.05986022426694 -0.8631731725042 3.18494868496684 -0.540106730656223 3.25603184157334 -0.21446188150877 3.2933080811148 -4.44089209850063e-16 -3.3 0.555994460510351 3.25282643936628 1.09017219305022 3.11472840166703 1.60122124391336 2.88549779633849 2.06406430659766 2.57480952251222 2.45906356761182 2.20068410241979 2.77491809954834 1.7860102081956 3.0092828300218 1.35433332743862 3.18136336516936 0.876885504449382 3.2794363338164 0.367828363907925 0.967612516544524 -3.15495261273618 0.65057635867482 -3.23523575527927 0.312289043876237 -3.28519033725517 43 1 2 43 2 44 35 8 6 42 1 43 36 35 6 41 1 42 37 36 6 40 6 1 40 1 41 38 37 6 39 38 6 39 6 40 3 10 9 3 11 10 3 12 11 3 13 12 3 14 13 3 15 14 3 16 15 3 17 16 3 9 34 4 18 17 4 19 18 4 20 19 4 21 20 4 22 21 4 23 22 4 17 3 24 23 4 25 24 4 2 45 44 2 46 45 2 34 46 2 3 34 5 26 25 5 27 26 5 25 4 28 27 5 29 28 5 30 29 5 31 30 5 32 31 5 33 32 5 7 5 6 7 33 5 8 7 6 
158 263 1 0.226458753115275
-0.0248578890780209 3.29990799424969 -4 -0.0263644157531715 3.4999007011031 -3.8 -0.0251194959713352 3.33463644271555 -3.99696130070394 -0.0253731529806238 3.36830964651277 -3.98793809348378 -0.0256111537725161 3.39990447289554 -3.97320454109983 -0.0258262668877265 3.42846093892114 -3.9532083104835 -0.0260119562902972 3.45311137973971 -3.92855697073733 -0.0261625799596921 3.47310681188067 -3.8999995326451 -0.0262735613189946 3.48783969050247 -3.8684036905921 -0.0263415282904234 3.49686236914545 -3.83472945838138 0 -3.3 -4 -0.555994460510352 3.25282643936628 -4 -1.09017219305022 3.11472840166703 -4 -1.60122124391336 2.88549779633849 -4 -2.06406430659766 2.57480952251222 -4 -2.45906356761182 2.20068410241979 -4 -2.77491809954834 1.7860102081956 -4 -3.0092828300218 1.35433332743862 -4 -3.18136336516936 0.87688550444938 -4 -3.2794363338164 0.367828363907925 -4 -0.967612516544524 -3.15495261273618 -4 -0.650576358674819 -3.23523575527927 -4 -0.312289043876238 -3.28519033725517 -4 0.0248648243596818 -3.29990956278122 -3.99999999998688 0.0263644157531715 -3.4999007011031 -3.8 0.0251195066583989 -3.33463786143336 -3.99696105052282 0.0253731619034028 -3.36831083102012 -3.98793766233345 0.0256111608210325 -3.39990540859257 -3.97320400084947 0.0258262720833677 -3.42846162864764 -3.9532077317099 0.0260119597780211 -3.45311184273875 -3.92855641893485 0.02616258199442 -3.4731070819925 -3.89999906478003 0.0262735622468817 -3.48783981368067 -3.86840335215033 0.0263415285259718 -3.49686240041504 -3.83472928103625 -3.5 0 -3.8 -3.45649577712591 -0.550124479286961 -3.8 -3.32706460416528 -1.0865731083137 -3.8 -3.11492408260117 -1.5960100123844 -3.8 -2.825347931594 -2.06577081629049 -3.8 -2.46553488566517 -2.48417747505448 -3.8 -2.04442973735358 -2.84082858494214 -3.8 -1.57250097364527 -3.12685795774043 -3.8 -1.06148053403572 -3.3351550302592 -3.8 -0.524072159723769 -3.46054162977451 -3.8 -0.630834048839102 3.44268040962638 -3.8 -1.21631904282739 3.28185435174315 -3.8 -1.76519951602583 3.02226250822495 -3.8 -2.2609571817145 2.67171716737638 -3.8 -2.68867245782532 2.24076781807745 -3.8 -3.03547346439484 1.74238366812675 -3.8 -3.29092339643364 1.19156334233884 -3.8 -3.44733461441718 0.604883506339146 -3.8 -0.315575793667414 -3.31976551610584 -3.99696130151536 -0.318762482825058 -3.35328855871044 -3.98793809311898 -0.321752482782429 -3.38474248816519 -3.97320453979614 -0.324454944983334 -3.41317160409607 -3.95320830992519 -0.326787757625365 -3.43771211423644 -3.92855697140274 -0.328680040112374 -3.45761837534126 -3.89999953490323 -0.330074297101604 -3.47228555313598 -3.86840369159438 -0.330928165101241 -3.48126799601463 -3.8347294537797 -0.657423364323613 -3.26928519458241 -3.99696130151536 -0.664062035441969 -3.30229848613353 -3.98793809311898 -0.670290953726415 -3.33327412744885 -3.97320453979614 -0.675920858895722 -3.36127095052474 -3.95320830992519 -0.680780691513547 -3.38543829791124 -3.92855697140274 -0.684722789557263 -3.40504186460706 -3.89999953490323 -0.687627375837277 -3.41948601344166 -3.86840369159438 -0.689406196596899 -3.42833186938295 -3.8347294537797 -1.01135782108483 -3.17766998305438 -3.99696130151536 -1.02157052772337 -3.20975814280798 -3.98793809311898 -1.03115288449031 -3.2398657534186 -3.97320453979614 -1.03981373978377 -3.26707802124295 -3.95320830992519 -1.04728994156473 -3.29056812681323 -3.92855697140274 -1.05335433158241 -3.30962234256454 -3.89999953490323 -1.05782264866805 -3.32366172287266 -3.86840369159438 -1.06055912623362 -3.33225969130493 -3.8347294537797 -1.96756223928301 -2.73401765045194 -3.98793809311898 -1.98601802165566 -2.75966280350087 -3.97320453979614 -2.00269897649221 -2.78284175257755 -3.95320830992519 -2.01709826848262 -2.80285022685591 -3.92855697140274 -2.02877838696613 -2.81908028527832 -3.89999953490323 -2.03738444179275 -2.83103879176263 -3.86840369159437 -2.04265494420109 -2.83836239572466 -3.8347294537797 -2.69193583484945 -1.96822575547818 -3.99696130151536 -2.71911904379681 -1.98810092905182 -3.98793809311898 -2.74462444754755 -2.00674936484148 -3.97320453979614 -2.76767708652344 -2.02360444629502 -3.95320830992519 -2.78757652771345 -2.03815404742695 -3.92855697140274 -2.80371814294078 -2.04995609055671 -3.89999953490323 -2.81561148339213 -2.05865198096092 -3.86840369159438 -2.8228951785062 -2.06397750028905 -3.8347294537797 -3.16996144128441 -1.03526596787701 -3.99696130151536 -3.20197176006614 -1.04572009934499 -3.98793809311898 -3.23200633421444 -1.05552897968986 -3.97320453979614 -3.2591525892356 -1.06439457458723 -3.95320830992519 -3.28258571139951 -1.0720475111755 -3.92855697140274 -3.30159370453525 -1.07825526126192 -3.89999953490323 -3.31559902745223 -1.08282920780784 -3.86840369159437 -3.32417613852702 -1.08563037475037 -3.8347294537797 -3.3347310481468 0 -3.99696130151536 -3.36840521292126 0 -3.98793809311898 -3.40000093696566 0 -3.97320453979614 -3.4285582116003 0 -3.95320830992519 -3.45320935057546 0 -3.92855697140274 -3.4732053492798 0 -3.89999953490323 -3.48793864684056 0 -3.86840369159437 -3.49696158265044 0 -3.8347294537797 -3.37696784191843 0.592536585352036 -3.95320830992519 -3.40124804906327 0.596796889775032 -3.92855697140274 -3.42094316299282 0.600252674994859 -3.89999953490323 -3.43545476495418 0.60279894001031 -3.86840369159438 -3.44434193040074 0.604358318397569 -3.8347294537797 -3.19689788877632 1.15751901068832 -3.97320453979614 -3.22374926107922 1.16724123985704 -3.95320830992519 -3.24692783532278 1.17563363813218 -3.92855697140274 -3.26572934956558 1.18244120938498 -3.89999953490323 -3.27958253629697 1.18745711153703 -3.86840369159437 -3.28806647644167 1.19052894002349 -3.8347294537797 -2.94874644300019 1.69260178017781 -3.97320453979613 -2.9735135426457 1.70681827446112 -3.95320830992519 -2.99489293627428 1.71909020099477 -3.92855697140274 -3.01223502856978 1.72904468737017 -3.89999953490323 -3.02501289527671 1.73637927525458 -3.86840369159437 -3.03283829014219 1.7408711084915 -3.8347294537797 -2.6118539558821 2.17674649063927 -3.97320453979614 -2.63379142946123 2.19502941129007 -3.95320830992519 -2.6527282403748 2.21081154819217 -3.92855697140274 -2.66808900917633 2.22361337407794 -3.89999953490323 -2.67940701238594 2.23304591670234 -3.86840369159438 -2.68633836064896 2.23882257506907 -3.8347294537797 -2.17594857077462 2.57126457133043 -3.98793809311898 -2.19635902208055 2.59538309647973 -3.97320453979614 -2.21480667222909 2.61718222808068 -3.95320830992519 -2.230731006515 2.63599961977888 -3.92855697140274 -2.24364817711995 2.65126352058262 -3.89999953490323 -2.25316570715083 2.66251015026112 -3.86840369159438 -2.25899441333035 2.6693977880929 -3.8347294537797 -1.69883068172363 2.90862991686285 -3.98793809311898 -1.71476575545288 2.93591293728092 -3.97320453979613 -1.72916840931104 2.96057224579516 -3.95320830992519 -1.74160103204592 2.98185859223378 -3.92855697140274 -1.75168586862684 2.9991252084431 -3.89999953490323 -1.75911650014444 3.01184746344225 -3.86840369159437 -1.7636671522258 3.01963880069997 -3.8347294537797 -1.17058727518192 3.15846150991544 -3.98793809311898 -1.18156741271842 3.18808795684329 -3.97320453979614 -1.19149162913186 3.2148653328002 -3.95320830992519 -1.20005838632971 3.23798003210359 -3.92855697140274 -1.20700739043054 3.25672973359962 -3.89999953490323 -1.21212750204299 3.27054474406252 -3.86840369159438 -1.21526315027299 3.27900530437534 -3.8347294537797 -0.601046178223037 3.28011808554475 -3.99696130151536 -0.607115551659849 3.31324076779336 -3.98793809311898 -0.612810310520725 3.34431904798075 -3.97320453979614 -0.617957424495376 3.37240863951018 -3.95320830992519 -0.622400503309212 3.39665606624843 -3.92855697140274 -0.626004547661658 3.41632459004889 -3.89999953490323 -0.628660051827861 3.43081660007639 -3.86840369159437 -0.630286330231296 3.43969176707108 -3.8347294537797 5.72389112807301e-06 1 1 1 0.119405452873233 1 0.232394859460847 1 0.341084698962339 1 0.447299301794841 1 0.552705593173188 1 0.658920271371387 1 0.767610266314122 1 0.880599918475793 1 0 0.0092343880807835 5.1879509693886e-06 0.944818398949948 4.51403073087409e-06 0.890686368922491 3.75225162934272e-06 0.837865346675755 2.96713277629503e-06 0.786589941975186 2.22211731102835e-06 0.737062801866978 1.56579688297021e-06 0.689462401355324 1.02473126115499e-06 0.643902079806271 5.62082845490082e-07 0.595611466625779 1.99792268121238e-07 0.544020342027822 -1.56502066399987e-08 0.10767631898057 -4.9795942368722e-09 0.0758800323793102 -5.78792442902964e-10 0.0416350475073594 1.14540280228533e-05 0.00660737040858146 1 0.00660810288611446 0.119410232599027 0.00660810288611452 0.23239885051398 0.00660810288611452 0.341088016126986 0.00660810288611453 0.447302024185025 0.00660810288611452 0.552707771086596 0.00660810288611454 0.658921929956602 0.00660810288611451 0.767611406618182 0.00660810288611451 0.880600515943383 0.00660810288611451 1 0.505946826142598 1 0.451762964676551 1 0.400349123214039 1 0.350934442077911 1 0.302818174304912 1 0.255367684413494 1 0.207984335892023 1 0.160072881899003 1 0.111011194874022 1 0.0601170423088254 1 0.940869203557496 1 0.884927954214483 1 0.831136829906944 1 0.778598554825775 1 0.726494865545792 1 0.674034255457073 1 0.620403267248029 1 0.564714881424831 0.119405452873233 0.0416350475073594 0.232394859460847 0.0416350475073594 0.341084698962339 0.0416350475073594 0.447299301794841 0.0416350475073594 0.552705593173188 0.0416350475073594 0.658920271371387 0.0416350475073594 0.767610266314122 0.0416350475073594 0.880599918475793 0.0416350475073594 0.119405452873233 0.0758800323793102 0.232394859460847 0.0758800323793102 0.341084698962339 0.0758800323793102 0.447299301794841 0.0758800323793102 0.552705593173188 0.0758800323793102 0.658920271371387 0.0758800323793102 0.767610266314122 0.0758800323793102 0.880599918475793 0.0758800323793102 0.119405452873233 0.111011194874022 0.232394859460847 0.111011194874022 0.341084698962339 0.111011194874022 0.447299301794841 0.111011194874022 0.552705593173188 0.111011194874022 0.658920271371387 0.111011194874022 0.767610266314122 0.111011194874022 0.880599918475793 0.111011194874022 0.232394859460847 0.207984335892023 0.341084698962339 0.207984335892023 0.447299301794841 0.207984335892023 0.552705593173188 0.207984335892023 0.658920271371387 0.207984335892023 0.767610266314122 0.207984335892023 0.880599918475793 0.207984335892023 0.119405452873233 0.302818174304912 0.232394859460847 0.302818174304912 0.341084698962339 0.302818174304912 0.447299301794841 0.302818174304912 0.552705593173188 0.302818174304912 0.658920271371387 0.302818174304912 0.767610266314122 0.302818174304912 0.880599918475793 0.302818174304912 0.119405452873233 0.400349123214039 0.232394859460847 0.400349123214039 0.341084698962339 0.400349123214039 0.447299301794841 0.400349123214039 0.552705593173188 0.400349123214039 0.658920271371387 0.400349123214039 0.767610266314122 0.400349123214039 0.880599918475793 0.400349123214039 0.119405452873233 0.505946826142598 0.232394859460847 0.505946826142598 0.341084698962339 0.505946826142598 0.447299301794841 0.505946826142598 0.552705593173188 0.505946826142598 0.658920271371387 0.505946826142598 0.767610266314122 0.505946826142598 0.880599918475793 0.505946826142598 0.447299301794841 0.564714881424831 0.552705593173188 0.564714881424831 0.658920271371387 0.564714881424831 0.767610266314122 0.564714881424831 0.880599918475793 0.564714881424831 0.341084698962339 0.620403267248029 0.447299301794841 0.620403267248029 0.552705593173188 0.620403267248029 0.658920271371387 0.620403267248029 0.767610266314122 0.620403267248029 0.880599918475793 0.620403267248029 0.341084698962339 0.674034255457073 0.447299301794841 0.674034255457073 0.552705593173188 0.674034255457073 0.658920271371387 0.674034255457073 0.767610266314122 0.674034255457073 0.880599918475793 0.674034255457073 0.341084698962339 0.726494865545792 0.447299301794841 0.726494865545792 0.552705593173188 0.726494865545792 0.658920271371387 0.726494865545792 0.767610266314122 0.726494865545792 0.880599918475793 0.726494865545792 0.232394859460847 0.778598554825775 0.341084698962339 0.778598554825775 0.447299301794841 0.778598554825775 0.552705593173188 0.778598554825775 0.658920271371387 0.778598554825775 0.767610266314122 0.778598554825775 0.880599918475793 0.778598554825775 0.232394859460847 0.831136829906944 0.341084698962339 0.831136829906944 0.447299301794841 0.831136829906944 0.552705593173188 0.831136829906944 0.658920271371387 0.831136829906944 0.767610266314122 0.831136829906944 0.880599918475793 0.831136829906944 0.232394859460847 0.884927954214483 0.341084698962339 0.884927954214483 0.447299301794841 0.884927954214483 0.552705593173188 0.884927954214483 0.658920271371387 0.884927954214483 0.767610266314122 0.884927954214483 0.880599918475793 0.884927954214483 0.119405452873233 0.940869203557496 0.232394859460847 0.940869203557496 0.341084698962339 0.940869203557496 0.447299301794841 0.940869203557496 0.552705593173188 0.940869203557496 0.658920271371387 0.940869203557496 0.767610266314122 0.940869203557496 0.880599918475793 0.940869203557496 26 11 24 27 11 26 28 11 27 51 20 34 50 19 51 3 1 12 4 3 12 5 4 12 6 5 12 7 6 12 52 23 11 53 52 11 54 11 28 54 53 11 55 28 29 55 54 28 56 29 30 56 55 29 56 43 55 57 30 31 57 43 56 57 56 30 58 31 32 58 57 31 58 43 57 59 32 33 59 33 25 59 25 43 59 58 32 59 43 58 60 21 22 60 22 23 60 23 52 61 21 60 61 60 52 61 52 53 62 21 61 62 53 54 62 61 53 63 54 55 63 55 43 63 62 54 64 63 43 65 64 43 66 65 43 67 43 42 67 66 43 69 68 21 69 41 68 70 69 21 70 41 69 70 21 62 71 62 63 71 41 70 71 70 62 72 63 64 72 71 63 72 41 71 73 41 72 73 72 64 73 64 65 74 41 73 74 73 65 74 65 66 75 42 41 75 41 74 75 67 42 75 66 67 75 74 66 76 21 68 76 68 41 77 39 76 77 76 41 78 39 77 78 77 41 79 39 78 79 78 41 80 39 79 80 79 41 81 39 80 81 80 41 82 40 39 82 41 40 82 39 81 82 81 41 83 20 21 83 76 39 83 21 76 84 37 83 84 83 39 85 37 84 85 84 39 86 37 85 86 85 39 87 37 86 87 86 39 88 87 39 88 37 87 89 88 39 89 37 88 90 89 39 90 37 89 90 38 37 90 39 38 91 83 37 91 20 83 92 91 37 92 35 91 93 92 37 93 35 92 94 93 37 94 35 93 95 94 37 95 35 94 96 95 37 96 35 95 97 96 37 97 35 96 98 97 37 98 35 97 98 36 35 98 37 36 99 91 35 99 20 91 100 20 99 100 99 35 101 20 100 101 100 35 102 20 101 102 101 35 103 20 102 103 102 35 104 20 103 104 103 35 105 20 104 105 104 35 106 34 20 106 35 34 106 20 105 106 105 35 107 19 20 108 107 20 108 19 107 109 108 20 109 19 108 110 109 20 110 19 109 111 20 51 111 110 20 111 19 110 111 51 19 112 18 19 113 18 112 113 112 19 114 18 113 114 113 19 115 18 114 115 114 19 116 18 115 116 115 19 117 19 50 117 18 116 117 116 19 118 17 18 119 118 18 119 17 118 120 119 18 120 17 119 121 17 120 121 120 18 122 17 121 122 121 18 123 122 18 123 18 117 123 50 49 123 117 50 124 16 17 125 16 124 125 124 17 126 16 125 126 125 17 127 16 126 127 126 17 128 17 122 128 127 17 128 16 127 129 122 123 129 123 49 129 128 122 129 49 48 130 15 16 131 15 130 131 130 16 132 131 16 132 15 131 133 132 16 133 15 132 134 15 133 134 133 16 135 134 16 135 16 128 136 128 129 136 129 48 136 135 128 136 48 47 137 14 15 138 14 137 138 137 15 139 14 138 139 138 15 140 139 15 140 14 139 141 14 140 141 15 134 141 140 15 142 134 135 142 141 134 143 47 46 143 135 136 143 136 47 143 142 135 144 13 14 145 13 144 145 144 14 146 13 145 146 145 14 147 13 146 147 146 14 148 14 141 148 147 14 149 148 141 149 141 142 150 46 45 150 143 46 150 142 143 150 149 142 151 12 13 152 12 151 152 151 13 153 12 152 153 152 13 154 12 153 154 153 13 155 7 12 155 13 147 155 154 13 155 12 154 156 155 147 156 7 155 156 8 7 156 147 148 157 9 8 157 156 148 157 8 156 157 148 149 158 10 9 158 2 10 158 9 157 158 157 149 158 44 2 158 45 44 158 150 45 158 149 150 
39 37 1 0.0131912046643443
-3.5 0 0 3.5 0 0 -3.44682713554273 0.607768621834257 0 -3.28892417275068 1.19707050163984 0 -3.03108891324554 1.75 0 -2.68115555091642 2.24975663390289 0 -2.24975663390289 2.68115555091642 0 -1.75 3.03108891324554 0 -1.19707050163984 3.28892417275068 0 -0.607768621834257 3.44682713554273 0 0 3.5 0 0.607768621834257 3.44682713554273 0 1.19707050163984 3.28892417275068 0 1.75 3.03108891324554 0 2.24975663390289 2.68115555091643 0 2.68115555091642 2.24975663390289 0 3.03108891324553 1.75 0 3.28892417275068 1.19707050163984 0 3.44682713554273 0.607768621834261 0 3.5 0 -3.8 -0.0263644157531715 3.4999007011031 -3.8 3.45649577712591 0.550124479286961 -3.8 3.32706460416528 1.0865731083137 -3.8 3.11492408260117 1.5960100123844 -3.8 2.825347931594 2.0657708162905 -3.8 2.46553488566517 2.48417747505448 -3.8 2.04442973735357 2.84082858494214 -3.8 1.57250097364527 3.12685795774043 -3.8 1.06148053403572 3.3351550302592 -3.8 0.524072159723765 3.46054162977452 -3.8 -3.5 0 -3.8 -0.630834048839102 3.44268040962638 -3.8 -1.21631904282739 3.28185435174315 -3.8 -1.76519951602583 3.02226250822495 -3.8 -2.2609571817145 2.67171716737638 -3.8 -2.68867245782532 2.24076781807745 -3.8 -3.03547346439484 1.74238366812675 -3.8 -3.29092339643364 1.19156334233884 -3.8 -3.44733461441718 0.604883506339146 -3.8 0 0 3.14159265358979 0 0.174532925199433 0 0.349065850398866 0 0.523598775598299 0 0.698131700797732 0 0.872664625997165 0 1.0471975511966 0 1.22173047639603 0 1.39626340159546 0 1.5707963267949 0 1.74532925199433 0 1.91986217719376 0 2.0943951023932 0 2.26892802759263 0 2.44346095279206 0 2.61799387799149 0 2.79252680319093 0 2.96705972839036 0 3.14159265358979 3.8 1.56326356534196 3.8 2.98375974476501 3.8 2.82592683594023 3.8 2.66809392711544 3.8 2.51026101829066 3.8 2.35242810946588 3.8 2.19459520064109 3.8 2.03676229181631 3.8 1.87892938299153 3.8 1.72109647416674 3.8 0 3.8 1.3895676136373 3.8 1.21587166193264 3.8 1.04217571022797 3.8 0.868479758523311 3.8 0.694783806818649 3.8 0.521087855113987 3.8 0.347391903409325 3.8 0.173695951704663 3.8 39 1 3 39 31 1 38 3 4 38 39 3 37 4 5 37 38 4 36 5 6 36 37 5 35 6 7 35 36 6 34 7 8 34 35 7 33 8 9 33 34 8 32 9 10 32 33 9 21 10 11 21 32 10 30 11 12 30 21 11 29 12 13 29 30 12 28 13 14 28 29 13 27 14 15 27 28 14 26 15 16 26 27 15 25 26 16 25 16 17 24 25 17 24 17 18 23 24 18 23 18 19 22 23 19 22 19 2 20 22 2 
39 37 1 0.0131912046643443
3.5 0 0 3.5 0 -3.8 -3.5 0 0 3.44682713554273 -0.607768621834254 0 3.28892417275068 -1.19707050163984 0 3.03108891324554 -1.75 0 2.68115555091643 -2.24975663390288 0 2.24975663390289 -2.68115555091642 0 1.75 -3.03108891324553 0 1.19707050163985 -3.28892417275068 0 0.607768621834261 -3.44682713554273 0 7.105427357601e-15 -3.5 0 -0.60776862183425 -3.44682713554273 0 -1.19707050163983 -3.28892417275068 0 -1.74999999999999 -3.03108891324554 0 -2.24975663390288 -2.68115555091643 0 -2.68115555091642 -2.24975663390289 0 -3.03108891324553 -1.75000000000001 0 -3.28892417275068 -1.19707050163985 0 -3.44682713554273 -0.607768621834268 0 -3.5 0 -3.8 0.0263644157531715 -3.4999007011031 -3.8 -3.45649577712591 -0.550124479286961 -3.8 -3.32706460416528 -1.0865731083137 -3.8 -3.11492408260117 -1.5960100123844 -3.8 -2.825347931594 -2.06577081629049 -3.8 -2.46553488566517 -2.48417747505448 -3.8 -2.04442973735358 -2.84082858494214 -3.8 -1.57250097364527 -3.12685795774043 -3.8 -1.06148053403572 -3.3351550302592 -3.8 -0.524072159723769 -3.46054162977451 -3.8 0.630834048839102 -3.44268040962638 -3.8 1.21631904282739 -3.28185435174315 -3.8 1.76519951602583 -3.02226250822495 -3.8 2.2609571817145 -2.67171716737638 -3.8 2.68867245782532 -2.24076781807745 -3.8 3.03547346439484 -1.74238366812674 -3.8 3.29092339643364 -1.19156334233884 -3.8 3.44733461441718 -0.604883506339146 -3.8 3.14159265358979 0 3.14159265358979 3.8 6.28318530717959 0 3.31612557878923 0 3.49065850398866 0 3.66519142918809 0 3.83972435438752 0 4.01425727958696 0 4.18879020478639 0 4.36332312998582 0 4.53785605518526 0 4.71238898038469 0 4.88692190558412 0 5.06145483078355 0 5.23598775598299 0 5.41052068118242 0 5.58505360638185 0 5.75958653158128 0 5.93411945678072 0 6.10865238198015 0 6.28318530717959 3.8 4.70485621893175 3.8 6.1253523983548 3.8 5.96751948953002 3.8 5.80968658070524 3.8 5.65185367188045 3.8 5.49402076305567 3.8 5.33618785423089 3.8 5.1783549454061 3.8 5.02052203658132 3.8 4.86268912775654 3.8 4.53116026722709 3.8 4.35746431552243 3.8 4.18376836381777 3.8 4.0100724121131 3.8 3.83637646040844 3.8 3.66268050870378 3.8 3.48898455699912 3.8 3.31528860529446 3.8 39 2 1 39 1 4 38 4 5 38 39 4 37 5 6 37 38 5 36 6 7 36 37 6 35 7 8 35 36 7 34 8 9 34 35 8 33 9 10 33 34 9 32 10 11 32 33 10 22 11 12 22 32 11 31 12 13 31 22 12 30 13 14 30 31 13 29 14 15 29 30 14 28 15 16 28 29 15 27 16 17 27 28 16 26 27 17 26 17 18 25 26 18 25 18 19 24 25 19 24 19 20 23 24 20 23 20 3 21 23 3 
38 36 1 0.00761060384790377
2 0 0 -2 0 0 1.96961550602441 0.34729635533386 0 1.87938524157182 0.684040286651339 0 1.73205080756888 1 0 1.53208888623796 1.28557521937308 0 1.28557521937308 1.53208888623796 0 1 1.73205080756888 0 0.684040286651339 1.87938524157182 0 0.34729635533386 1.96961550602441 0 0 2 0 -0.34729635533386 1.96961550602441 0 -0.684040286651339 1.87938524157182 0 -1 1.73205080756888 0 -1.28557521937308 1.53208888623796 0 -1.53208888623795 1.28557521937308 0 -1.73205080756887 1 0 -1.87938524157181 0.684040286651339 0 -1.96961550602441 0.347296355333864 0 -1.99999999993697 0 9.8 1.99999999993697 0 9.8 -1.96961550602441 0.34729635533386 9.8 -1.87938524157182 0.684040286651335 9.8 -1.73205080756888 1 9.8 -1.53208888623796 1.28557521937308 9.8 -1.28557521937308 1.53208888623795 9.8 -1 1.73205080756887 9.8 -0.684040286651342 1.87938524157181 9.8 -0.347296355333864 1.96961550602441 9.8 -3.5527136788005e-15 2 9.8 0.347296355333857 1.96961550602442 9.8 0.684040286651332 1.87938524157182 9.8 0.999999999999996 1.73205080756888 9.8 1.28557521937308 1.53208888623796 9.8 1.53208888623795 1.28557521937308 9.8 1.73205080756887 1.00000000000001 9.8 1.87938524157181 0.684040286651342 9.8 1.96961550602441 0.347296355333867 9.8 0 0 3.14159265358979 0 0.174532925199433 0 0.349065850398866 0 0.523598775598299 0 0.698131700797732 0 0.872664625997165 0 1.0471975511966 0 1.22173047639603 0 1.39626340159546 0 1.5707963267949 0 1.74532925199433 0 1.91986217719376 0 2.0943951023932 0 2.26892802759263 0 2.44346095279206 0 2.61799387799149 0 2.79252680319093 0 2.96705972839036 0 3.14159265358979 9.8 0 9.8 2.96705972839036 9.8 2.79252680319093 9.8 2.61799387799149 9.8 2.44346095279206 9.8 2.26892802759263 9.8 2.0943951023932 9.8 1.91986217719376 9.8 1.74532925199433 9.8 1.5707963267949 9.8 1.39626340159547 9.8 1.22173047639603 9.8 1.0471975511966 9.8 0.872664625997167 9.8 0.698131700797735 9.8 0.523598775598302 9.8 0.349065850398869 9.8 0.174532925199436 9.8 21 1 3 38 3 4 38 21 3 37 4 5 37 38 4 36 5 6 36 37 5 35 6 7 35 36 6 34 7 8 34 35 7 33 8 9 33 34 8 32 9 10 32 33 9 31 10 11 31 32 10 30 11 12 30 31 11 29 12 13 29 30 12 28 13 14 28 29 13 27 14 15 27 28 14 26 15 16 26 27 15 25 16 17 25 26 16 24 25 17 24 17 18 23 24 18 23 18 19 22 23 19 22 19 2 20 22 2 
72 72 1 3.1641356201817e-15
2 0 0 -2 0 0 1.96961550602441 0.34729635533386 0 1.87938524157182 0.684040286651339 0 1.73205080756888 1 0 1.53208888623796 1.28557521937308 0 1.28557521937308 1.53208888623796 0 1 1.73205080756888 0 0.684040286651339 1.87938524157182 0 0.34729635533386 1.96961550602441 0 0 2 0 -0.34729635533386 1.96961550602441 0 -0.684040286651339 1.87938524157182 0 -1 1.73205080756888 0 -1.28557521937308 1.53208888623796 0 -1.53208888623795 1.28557521937308 0 -1.73205080756887 1 0 -1.87938524157181 0.684040286651339 0 -1.96961550602441 0.347296355333864 0 -1.96961550602441 -0.34729635533386 0 -1.87938524157182 -0.684040286651335 0 -1.73205080756888 -1 0 -1.53208888623796 -1.28557521937308 0 -1.28557521937308 -1.53208888623795 0 -1 -1.73205080756887 0 -0.684040286651342 -1.87938524157181 0 -0.347296355333864 -1.96961550602441 0 -3.5527136788005e-15 -2 0 0.347296355333857 -1.96961550602442 0 0.684040286651332 -1.87938524157182 0 0.999999999999996 -1.73205080756888 0 1.28557521937308 -1.53208888623796 0 1.53208888623795 -1.28557521937308 0 1.73205080756887 -1.00000000000001 0 1.87938524157181 -0.684040286651342 0 1.96961550602441 -0.347296355333867 0 -3.5 0 0 3.5 0 0 -3.44682713554273 0.607768621834257 0 -3.28892417275068 1.19707050163984 0 -3.03108891324554 1.75 0 -2.68115555091642 2.24975663390289 0 -2.24975663390289 2.68115555091642 0 -1.75 3.03108891324554 0 -1.19707050163984 3.28892417275068 0 -0.607768621834257 3.44682713554273 0 0 3.5 0 0.607768621834257 3.44682713554273 0 1.19707050163984 3.28892417275068 0 1.75 3.03108891324554 0 2.24975663390289 2.68115555091643 0 2.68115555091642 2.24975663390289 0 3.03108891324553 1.75 0 3.28892417275068 1.19707050163984 0 3.44682713554273 0.607768621834261 0 3.44682713554273 -0.607768621834254 0 3.28892417275068 -1.19707050163984 0 3.03108891324554 -1.75 0 2.68115555091643 -2.24975663390288 0 2.24975663390289 -2.68115555091642 0 1.75 -3.03108891324553 0 1.19707050163985 -3.28892417275068 0 0.607768621834261 -3.44682713554273 0 7.105427357601e-15 -3.5 0 -0.60776862183425 -3.44682713554273 0 -1.19707050163983 -3.28892417275068 0 -1.74999999999999 -3.03108891324554 0 -2.24975663390288 -2.68115555091643 0 -2.68115555091642 -2.24975663390289 0 -3.03108891324553 -1.75000000000001 0 -3.28892417275068 -1.19707050163985 0 -3.44682713554273 -0.607768621834268 0 -2 0 2 4.44089209850063e-16 -1.96961550602442 0.347296355333861 -1.87938524157182 0.684040286651338 -1.73205080756888 1 -1.53208888623796 1.28557521937308 -1.28557521937308 1.53208888623796 -1 1.73205080756888 -0.684040286651338 1.87938524157182 -0.347296355333861 1.96961550602442 0 2 0.347296355333861 1.96961550602442 0.684040286651338 1.87938524157182 1 1.73205080756888 1.28557521937308 1.53208888623796 1.53208888623796 1.28557521937308 1.73205080756888 1 1.87938524157182 0.68404028665134 1.96961550602442 0.347296355333863 1.96961550602442 -0.34729635533386 1.87938524157182 -0.684040286651336 1.73205080756888 -0.999999999999999 1.53208888623796 -1.28557521937308 1.28557521937308 -1.53208888623795 1 -1.73205080756888 0.68404028665134 -1.87938524157182 0.347296355333864 -1.96961550602442 3.99680288865056e-15 -2 -0.347296355333857 -1.96961550602442 -0.684040286651333 -1.87938524157182 -0.999999999999996 -1.73205080756888 -1.28557521937307 -1.53208888623796 -1.53208888623795 -1.28557521937308 -1.73205080756887 -1.00000000000001 -1.87938524157181 -0.684040286651344 -1.96961550602441 -0.347296355333868 3.5 0 -3.5 4.44089209850063e-16 3.44682713554273 0.607768621834256 3.28892417275068 1.19707050163984 3.03108891324554 1.75 2.68115555091642 2.24975663390289 2.24975663390289 2.68115555091642 1.75 3.03108891324553 1.19707050163984 3.28892417275068 0.607768621834256 3.44682713554273 0 3.5 -0.607768621834256 3.44682713554273 -1.19707050163984 3.28892417275068 -1.75 3.03108891324554 -2.24975663390289 2.68115555091642 -2.68115555091642 2.24975663390289 -3.03108891324553 1.75 -3.28892417275068 1.19707050163984 -3.44682713554273 0.607768621834261 -3.44682713554273 -0.607768621834255 -3.28892417275068 -1.19707050163984 -3.03108891324554 -1.75 -2.68115555091643 -2.24975663390288 -2.24975663390289 -2.68115555091642 -1.75 -3.03108891324553 -1.19707050163985 -3.28892417275068 -0.607768621834262 -3.44682713554273 -6.66133814775094e-15 -3.5 0.607768621834249 -3.44682713554273 1.19707050163983 -3.28892417275068 1.74999999999999 -3.03108891324554 2.24975663390288 -2.68115555091643 2.68115555091642 -2.2497566339029 3.03108891324553 -1.75000000000001 3.28892417275068 -1.19707050163985 3.44682713554273 -0.607768621834269 4 55 3 4 54 55 26 27 66 26 66 67 5 54 4 5 53 54 25 26 67 68 25 67 6 53 5 6 52 53 72 20 21 72 21 71 24 25 68 48 9 10 48 49 9 7 52 6 37 2 20 37 20 72 47 10 11 69 23 24 69 24 68 33 59 60 47 48 10 51 52 7 39 19 2 32 60 61 39 2 37 32 33 60 46 11 12 46 47 11 34 58 59 34 59 33 31 61 62 40 18 19 40 19 39 31 32 61 45 12 13 35 58 34 45 46 12 44 45 13 35 57 58 44 13 14 70 22 23 70 23 69 30 31 62 30 62 63 41 18 40 50 7 8 50 8 9 50 51 7 41 17 18 36 57 35 42 17 41 42 16 17 36 56 57 29 30 63 43 14 15 43 15 16 29 63 64 43 16 42 43 44 14 1 56 36 71 21 22 71 22 70 1 38 56 49 50 9 28 64 65 28 29 64 3 38 1 3 55 38 27 28 65 27 65 66 
38 36 1 0.00761060384790377
-2 0 0 -1.99999999993697 0 9.8 2 0 0 -1.96961550602441 -0.34729635533386 0 -1.87938524157182 -0.684040286651335 0 -1.73205080756888 -1 0 -1.53208888623796 -1.28557521937308 0 -1.28557521937308 -1.53208888623795 0 -1 -1.73205080756887 0 -0.684040286651342 -1.87938524157181 0 -0.347296355333864 -1.96961550602441 0 -3.5527136788005e-15 -2 0 0.347296355333857 -1.96961550602442 0 0.684040286651332 -1.87938524157182 0 0.999999999999996 -1.73205080756888 0 1.28557521937308 -1.53208888623796 0 1.53208888623795 -1.28557521937308 0 1.73205080756887 -1.00000000000001 0 1.87938524157181 -0.684040286651342 0 1.96961550602441 -0.347296355333867 0 1.99999999993697 0 9.8 1.96961550602441 -0.34729635533386 9.8 1.87938524157182 -0.684040286651339 9.8 1.73205080756888 -1 9.8 1.53208888623796 -1.28557521937308 9.8 1.28557521937308 -1.53208888623796 9.8 1 -1.73205080756888 9.8 0.684040286651339 -1.87938524157182 9.8 0.34729635533386 -1.96961550602441 9.8 0 -2 9.8 -0.34729635533386 -1.96961550602441 9.8 -0.684040286651339 -1.87938524157182 9.8 -1 -1.73205080756888 9.8 -1.28557521937308 -1.53208888623796 9.8 -1.53208888623795 -1.28557521937308 9.8 -1.73205080756887 -1 9.8 -1.87938524157181 -0.684040286651339 9.8 -1.96961550602441 -0.347296355333864 9.8 3.14159265358979 0 3.14159265358979 9.8 6.28318530717959 0 3.31612557878923 0 3.49065850398866 0 3.66519142918809 0 3.83972435438752 0 4.01425727958696 0 4.18879020478639 0 4.36332312998582 0 4.53785605518526 0 4.71238898038469 0 4.88692190558412 0 5.06145483078355 0 5.23598775598299 0 5.41052068118242 0 5.58505360638185 0 5.75958653158128 0 5.93411945678072 0 6.10865238198015 0 6.28318530717959 9.8 6.10865238198015 9.8 5.93411945678072 9.8 5.75958653158129 9.8 5.58505360638185 9.8 5.41052068118242 9.8 5.23598775598299 9.8 5.06145483078356 9.8 4.88692190558412 9.8 4.71238898038469 9.8 4.53785605518526 9.8 4.36332312998582 9.8 4.18879020478639 9.8 4.01425727958696 9.8 3.83972435438753 9.8 3.66519142918809 9.8 3.49065850398866 9.8 3.31612557878923 9.8 2 1 4 38 4 5 38 2 4 37 5 6 37 38 5 36 6 7 36 37 6 35 7 8 35 36 7 34 8 9 34 35 8 33 9 10 33 34 9 32 10 11 32 33 10 31 11 12 31 32 11 30 12 13 30 31 12 29 13 14 29 30 13 28 14 15 28 29 14 27 15 16 27 28 15 26 16 17 26 27 16 25 17 18 25 26 17 24 25 18 24 18 19 23 24 19 23 19 20 22 23 20 22 20 3 21 22 3 
38 36 1 0.0108256348159012
-1.80000000000291 0 9.99999999999091 1.80000000000291 0 9.99999999999091 -1.77265395542484 0.31256671980098 9.99999999999091 -1.69144671741737 0.615636257987198 9.99999999999091 -1.55884572681451 0.900000000001455 9.99999999999091 -1.37887999761639 1.15701769743764 9.99999999999091 -1.15701769743764 1.37887999761639 9.99999999999091 -0.900000000001455 1.55884572681451 9.99999999999091 -0.615636257987198 1.69144671741737 9.99999999999091 -0.31256671980098 1.77265395542484 9.99999999999091 0 1.80000000000291 9.99999999999091 0.31256671980098 1.77265395542484 9.99999999999091 0.615636257987198 1.69144671741737 9.99999999999091 0.900000000001455 1.55884572681451 9.99999999999091 1.15701769743764 1.37887999761639 9.99999999999091 1.37887999761639 1.15701769743764 9.99999999999091 1.55884572681451 0.900000000001455 9.99999999999091 1.69144671741737 0.615636257987202 9.99999999999091 1.77265395542484 0.312566719800984 9.99999999999091 1.99999999993697 0 9.8 -1.99999999993697 0 9.8 -1.96961550602441 0.34729635533386 9.8 -1.87938524157182 0.684040286651335 9.8 -1.73205080756888 1 9.8 -1.53208888623796 1.28557521937308 9.8 -1.28557521937308 1.53208888623795 9.8 -1 1.73205080756887 9.8 -0.684040286651342 1.87938524157181 9.8 -0.347296355333864 1.96961550602441 9.8 -3.5527136788005e-15 2 9.8 0.347296355333857 1.96961550602442 9.8 0.684040286651332 1.87938524157182 9.8 0.999999999999996 1.73205080756888 9.8 1.28557521937308 1.53208888623796 9.8 1.53208888623795 1.28557521937308 9.8 1.73205080756887 1.00000000000001 9.8 1.87938524157181 0.684040286651342 9.8 1.96961550602441 0.347296355333867 9.8 0 -0.282842712524202 3.14159265358979 -0.282842712524202 0.174532925199433 -0.282842712524202 0.349065850398866 -0.282842712524202 0.523598775598299 -0.282842712524202 0.698131700797732 -0.282842712524202 0.872664625997165 -0.282842712524202 1.0471975511966 -0.282842712524202 1.22173047639603 -0.282842712524202 1.39626340159546 -0.282842712524202 1.5707963267949 -0.282842712524202 1.74532925199433 -0.282842712524202 1.91986217719376 -0.282842712524202 2.0943951023932 -0.282842712524202 2.26892802759263 -0.282842712524202 2.44346095279206 -0.282842712524202 2.61799387799149 -0.282842712524202 2.79252680319093 -0.282842712524202 2.96705972839036 -0.282842712524202 3.14159265358979 -1.02641339871923e-10 0 -5.80733239274878e-11 0.174532925199433 -5.80733239274878e-11 0.349065850398866 -5.80733239274878e-11 0.523598775598298 -5.80733239274878e-11 0.698131700797731 -5.80733239274878e-11 0.872664625997164 -5.80733239274878e-11 1.0471975511966 -5.80733239274878e-11 1.22173047639603 -5.80733239274878e-11 1.39626340159546 -5.80733239274878e-11 1.5707963267949 -5.80733239274878e-11 1.74532925199433 -5.80733239274878e-11 1.91986217719376 -5.80733239274878e-11 2.09439510239319 -5.80733239274878e-11 2.26892802759263 -5.80733239274878e-11 2.44346095279206 -5.80733239274878e-11 2.61799387799149 -5.80733239274878e-11 2.79252680319092 -5.80733239274878e-11 2.96705972839036 -5.80733239274878e-11 22 1 3 22 21 1 23 3 4 23 22 3 24 4 5 24 23 4 25 5 6 25 24 5 26 6 7 26 25 6 27 7 8 27 26 7 28 8 9 28 27 8 29 9 10 29 28 9 30 10 11 30 29 10 31 11 12 31 30 11 32 12 13 32 31 12 33 13 14 33 32 13 34 14 15 34 33 14 35 15 16 35 34 15 36 16 17 36 35 16 37 36 17 37 17 18 38 37 18 38 18 19 20 38 19 20 19 2 
36 34 1 9.09494736844327e-12
-1.80000000000291 0 9.99999999999091 1.80000000000291 0 9.99999999999091 -1.77265395542484 0.31256671980098 9.99999999999091 -1.69144671741737 0.615636257987198 9.99999999999091 -1.55884572681451 0.900000000001455 9.99999999999091 -1.37887999761639 1.15701769743764 9.99999999999091 -1.15701769743764 1.37887999761639 9.99999999999091 -0.900000000001455 1.55884572681451 9.99999999999091 -0.615636257987198 1.69144671741737 9.99999999999091 -0.31256671980098 1.77265395542484 9.99999999999091 0 1.80000000000291 9.99999999999091 0.31256671980098 1.77265395542484 9.99999999999091 0.615636257987198 1.69144671741737 9.99999999999091 0.900000000001455 1.55884572681451 9.99999999999091 1.15701769743764 1.37887999761639 9.99999999999091 1.37887999761639 1.15701769743764 9.99999999999091 1.55884572681451 0.900000000001455 9.99999999999091 1.69144671741737 0.615636257987202 9.99999999999091 1.77265395542484 0.312566719800984 9.99999999999091 1.77265395542484 -0.31256671980098 9.99999999999091 1.69144671741737 -0.615636257987198 9.99999999999091 1.55884572681451 -0.900000000001455 9.99999999999091 1.37887999761639 -1.15701769743764 9.99999999999091 1.15701769743764 -1.37887999761639 9.99999999999091 0.900000000001459 -1.55884572681451 9.99999999999091 0.615636257987202 -1.69144671741737 9.99999999999091 0.312566719800984 -1.77265395542484 9.99999999999091 3.5527136788005e-15 -1.80000000000291 9.99999999999091 -0.312566719800977 -1.77265395542484 9.99999999999091 -0.615636257987195 -1.69144671741737 9.99999999999091 -0.900000000001452 -1.55884572681451 9.99999999999091 -1.15701769743764 -1.37887999761639 9.99999999999091 -1.37887999761639 -1.15701769743765 9.99999999999091 -1.55884572681451 -0.900000000001459 9.99999999999091 -1.69144671741737 -0.615636257987205 9.99999999999091 -1.77265395542484 -0.312566719800987 9.99999999999091 -1.80000000000291 0 1.80000000000291 2.22044604925031e-16 -1.77265395542484 0.31256671980098 -1.69144671741737 0.615636257987199 -1.55884572681451 0.900000000001455 -1.37887999761639 1.15701769743764 -1.15701769743764 1.37887999761639 -0.900000000001455 1.55884572681451 -0.615636257987199 1.69144671741737 -0.31256671980098 1.77265395542484 0 1.80000000000291 0.31256671980098 1.77265395542484 0.615636257987199 1.69144671741737 0.900000000001455 1.55884572681451 1.15701769743764 1.37887999761639 1.37887999761639 1.15701769743764 1.55884572681451 0.900000000001457 1.69144671741737 0.615636257987201 1.77265395542484 0.312566719800982 1.77265395542484 -0.312566719800979 1.69144671741737 -0.615636257987198 1.55884572681451 -0.900000000001454 1.37887999761639 -1.15701769743764 1.15701769743764 -1.37887999761639 0.900000000001457 -1.55884572681451 0.615636257987202 -1.69144671741737 0.312566719800983 -1.77265395542484 3.5527136788005e-15 -1.80000000000291 -0.312566719800976 -1.77265395542484 -0.615636257987195 -1.69144671741737 -0.900000000001451 -1.55884572681451 -1.15701769743764 -1.37887999761639 -1.37887999761639 -1.15701769743765 -1.55884572681451 -0.90000000000146 -1.69144671741737 -0.615636257987205 -1.77265395542484 -0.312566719800986 21 30 23 10 9 8 18 2 19 18 20 2 18 21 20 18 32 31 18 31 21 16 18 17 15 11 10 15 12 11 15 13 12 15 14 13 15 33 32 15 34 33 15 35 34 15 8 35 15 32 18 15 10 8 15 18 16 23 25 24 23 26 25 23 27 26 23 28 27 23 29 28 23 30 29 8 3 1 8 4 3 8 5 4 8 6 5 8 7 6 8 36 35 8 1 36 21 23 22 21 31 30 
38 36 1 0.0108256348159024
1.80000000000291 0 9.99999999999091 1.99999999993697 0 9.8 -1.80000000000291 0 9.99999999999091 1.77265395542484 -0.31256671980098 9.99999999999091 1.69144671741737 -0.615636257987198 9.99999999999091 1.55884572681451 -0.900000000001455 9.99999999999091 1.37887999761639 -1.15701769743764 9.99999999999091 1.15701769743764 -1.37887999761639 9.99999999999091 0.900000000001459 -1.55884572681451 9.99999999999091 0.615636257987202 -1.69144671741737 9.99999999999091 0.312566719800984 -1.77265395542484 9.99999999999091 3.5527136788005e-15 -1.80000000000291 9.99999999999091 -0.312566719800977 -1.77265395542484 9.99999999999091 -0.615636257987195 -1.69144671741737 9.99999999999091 -0.900000000001452 -1.55884572681451 9.99999999999091 -1.15701769743764 -1.37887999761639 9.99999999999091 -1.37887999761639 -1.15701769743765 9.99999999999091 -1.55884572681451 -0.900000000001459 9.99999999999091 -1.69144671741737 -0.615636257987205 9.99999999999091 -1.77265395542484 -0.312566719800987 9.99999999999091 -1.99999999993697 0 9.8 1.96961550602441 -0.34729635533386 9.8 1.87938524157182 -0.684040286651339 9.8 1.73205080756888 -1 9.8 1.53208888623796 -1.28557521937308 9.8 1.28557521937308 -1.53208888623796 9.8 1 -1.73205080756888 9.8 0.684040286651339 -1.87938524157182 9.8 0.34729635533386 -1.96961550602441 9.8 0 -2 9.8 -0.34729635533386 -1.96961550602441 9.8 -0.684040286651339 -1.87938524157182 9.8 -1 -1.73205080756888 9.8 -1.28557521937308 -1.53208888623796 9.8 -1.53208888623795 -1.28557521937308 9.8 -1.73205080756887 -1 9.8 -1.87938524157181 -0.684040286651339 9.8 -1.96961550602441 -0.347296355333864 9.8 3.14159265358979 -0.282842712524201 3.14159265358979 -1.02641339871923e-10 6.28318530717959 -0.282842712524202 3.31612557878923 -0.282842712524202 3.49065850398866 -0.282842712524202 3.66519142918809 -0.282842712524202 3.83972435438752 -0.282842712524202 4.01425727958696 -0.282842712524202 4.18879020478639 -0.282842712524202 4.36332312998582 -0.282842712524202 4.53785605518526 -0.282842712524202 4.71238898038469 -0.282842712524202 4.88692190558412 -0.282842712524202 5.06145483078355 -0.282842712524202 5.23598775598299 -0.282842712524202 5.41052068118242 -0.282842712524202 5.58505360638185 -0.282842712524202 5.75958653158128 -0.282842712524202 5.93411945678072 -0.282842712524202 6.10865238198015 -0.282842712524202 6.28318530717959 -1.02641339871923e-10 3.31612557878923 -5.80733239274878e-11 3.49065850398866 -5.80733239274878e-11 3.66519142918809 -5.80733239274878e-11 3.83972435438753 -5.80733239274878e-11 4.01425727958696 -5.80733239274878e-11 4.18879020478639 -5.80733239274878e-11 4.36332312998582 -5.80733239274878e-11 4.53785605518526 -5.80733239274878e-11 4.71238898038469 -5.80733239274878e-11 4.88692190558412 -5.80733239274878e-11 5.06145483078356 -5.80733239274878e-11 5.23598775598299 -5.80733239274878e-11 5.41052068118242 -5.80733239274878e-11 5.58505360638185 -5.80733239274878e-11 5.75958653158129 -5.80733239274878e-11 5.93411945678072 -5.80733239274878e-11 6.10865238198015 -5.80733239274878e-11 4 2 1 22 2 4 5 22 4 23 22 5 6 23 5 24 23 6 7 24 6 25 24 7 8 25 7 26 25 8 9 26 8 27 26 9 10 27 9 28 27 10 11 28 10 29 28 11 12 29 11 30 29 12 13 30 12 31 30 13 14 31 13 32 31 14 15 32 14 33 32 15 16 33 15 34 33 16 17 34 16 35 34 17 18 35 17 36 35 18 19 36 18 37 36 19 20 37 19 38 37 20 21 38 20 21 20 3 
4 2 1 5.40678612992451e-14
-0.866025403784398 -1.5 -1.40000000000001 -1.73205080756898 1.4210854715202e-14 -1.40000000000001 -0.866025403784398 -1.5 -4 -1.73205080756898 1.4210854715202e-14 -4 0 2.6 -1.73205080756896 2.6 0 0 -1.73205080756896 0 1 4 3 1 2 4 
4 2 1 1.6579330501069e-14
0.866025403784445 -1.50000000000002 -1.40000000000001 -0.866025403784398 -1.5 -1.40000000000001 0.866025403784445 -1.50000000000002 -4 -0.866025403784398 -1.5 -4 -2.6 4.59632332194815e-14 -2.6 -1.7320508075688 0 4.59632332194815e-14 0 -1.7320508075688 3 1 2 3 2 4 
4 2 1 4.57411886145564e-14
1.73205080756895 -2.8421709430404e-14 -1.40000000000001 0.866025403784445 -1.50000000000002 -1.40000000000001 1.73205080756898 -1.4210854715202e-14 -4 0.866025403784445 -1.50000000000002 -4 -4.61852778244065e-14 2.6 -1.73205080756896 2.6 -2.30926389122033e-14 0 -1.73205080756896 0 1 4 3 1 2 4 
4 2 1 4.45195617573913e-14
0.866025403784398 1.5 -1.40000000000001 1.73205080756895 -2.8421709430404e-14 -1.40000000000001 0.866025403784398 1.5 -4 1.73205080756898 -1.4210854715202e-14 -4 0 2.6 -1.73205080756896 2.6 0 0 -1.73205080756896 0 1 4 3 1 2 4 
4 2 1 9.47390314346799e-15
-0.866025403784423 1.50000000000001 -1.40000000000001 0.866025403784398 1.5 -1.40000000000001 -0.866025403784423 1.50000000000001 -4 0.866025403784398 1.5 -4 2.6 -2.30926389122033e-14 2.6 1.7320508075688 0 -2.30926389122033e-14 0 1.7320508075688 2 3 1 2 4 3 
4 2 1 5.61772850460329e-14
-1.73205080756898 1.4210854715202e-14 -1.40000000000001 -0.866025403784423 1.50000000000001 -1.40000000000001 -1.73205080756898 1.4210854715202e-14 -4 -0.866025403784423 1.50000000000001 -4 -2.30926389122033e-14 2.6 -1.73205080756896 2.6 -2.30926389122033e-14 0 -1.73205080756896 0 1 4 3 1 2 4 
6 4 1 1.77635683940025e-15
1.73205080756895 -2.8421709430404e-14 -1.40000000000001 0.866025403784445 -1.50000000000002 -1.40000000000001 -0.866025403784398 -1.5 -1.40000000000001 -1.73205080756898 1.4210854715202e-14 -1.40000000000001 -0.866025403784423 1.50000000000001 -1.40000000000001 0.866025403784398 1.5 -1.40000000000001 -1.73205080756895 -2.66453525910038e-14 -0.866025403784446 -1.50000000000003 0.8660254037844 -1.5 1.73205080756898 1.33226762955019e-14 0.866025403784423 1.50000000000001 -0.8660254037844 1.5 6 1 2 6 2 3 5 3 4 5 6 3 

TShapes 577
Ve
1e-07
-59.9999999999965 0 40
0 0

0101101
*
Ve
1e-07
-60 0 0
0 0

0101101
*
Ed
 1e-07 1 1 0
1  1 0 -40 0
2  1 1 0 -40 0
2  2 2 0 -40 0
4 CN 1 0 2 0
6  1 1 0
6  2 2 0
0

0101000
+577 0 -576 0 *
Ve
1e-07
60 7.34788079488412e-15 0
0 0

0101101
*
Ed
 1e-07 1 1 0
1  2 0 3.14159265358979 6.28318530717959
2  3 1 0 3.14159265358979 6.28318530717959
4 C0 1 0 3 0
6  3 1 0
6  4 3 0
0

0101000
+574 0 -576 0 *
Ve
1e-07
59.9999999999965 7.34788079488369e-15 40
0 0

0101101
*
Ed
 1e-07 1 1 0
1  3 0 -40 0
2  4 1 0 -40 0
2  5 2 0 -40 0
4 CN 1 0 2 0
6  5 1 0
6  6 2 0
0

0101000
+572 0 -574 0 *
Ed
 1e-07 1 1 0
1  4 0 3.14159265358979 6.28318530717959
2  6 1 0 3.14159265358979 6.28318530717959
2  7 4 0 3.14159265358979 6.28318530717959
4 C0 1 0 4 0
6  7 4 0
6  8 1 0
0

0101000
+572 0 -577 0 *
Wi

0101100
+575 0 -573 0 -571 0 +570 0 *
Fa
0  1e-07 1 0
2  1
0101000
+569 0 *
Ve
1e-07
65.75 70 20
0 0

0101101
*
Ve
1e-07
65.75 70 0
0 0

0101101
*
Ed
 1e-07 1 1 0
1  5 0 -20 0
2  8 5 0 -20 0
2  9 6 0 -20 0
4 CN 5 0 6 0
6  9 5 0
6  10 6 0
0

0101000
+567 0 -566 0 *
Ve
1e-07
74.25 70 0
0 0

0101101
*
Ed
 1e-07 1 1 0
1  6 0 3.14159265358979 6.28318530717959
2  10 5 0 3.14159265358979 6.28318530717959
4 C0 5 0 3 0
6  11 5 0
6  12 3 0
0

0101000
+564 0 -566 0 *
Ve
1e-07
74.25 70 20
0 0

0101101
*
Ed
 1e-07 1 1 0
1  7 0 -20 0
2  11 5 0 -20 0
2  12 6 0 -20 0
4 CN 5 0 6 0
6  13 5 0
6  14 6 0
0

0101000
+562 0 -564 0 *
Ed
 1e-07 1 1 0
1  8 0 3.14159265358979 6.28318530717959
2  13 5 0 3.14159265358979 6.28318530717959
4 C0 5 0 7 0
6  15 5 0
6  16 7 0
0

0101000
+562 0 -567 0 *
Wi

0101100
+565 0 -563 0 -561 0 +560 0 *
Fa
0  1e-07 5 0
2  5
0101000
+559 0 *
Ve
1e-07
-74.25 70 20
0 0

0101101
*
Ve
1e-07
-74.25 70 0
0 0

0101101
*
Ed
 1e-07 1 1 0
1  9 0 -20 0
2  14 8 0 -20 0
2  15 9 0 -20 0
4 CN 8 0 9 0
6  17 8 0
6  18 9 0
0

0101000
+557 0 -556 0 *
Ve
1e-07
-65.75 70 0
0 0

0101101
*
Ed
 1e-07 1 1 0
1  10 0 3.14159265358979 6.28318530717959
2  16 8 0 3.14159265358979 6.28318530717959
4 C0 8 0 3 0
6  19 8 0
6  20 3 0
0

0101000
+554 0 -556 0 *
Ve
1e-07
-65.75 70 20
0 0

0101101
*
Ed
 1e-07 1 1 0
1  11 0 -20 0
2  17 8 0 -20 0
2  18 9 0 -20 0
4 CN 8 0 9 0
6  21 8 0
6  22 9 0
0

0101000
+552 0 -554 0 *
Ed
 1e-07 1 1 0
1  12 0 3.14159265358979 6.28318530717959
2  19 8 0 3.14159265358979 6.28318530717959
4 C0 8 0 10 0
6  23 8 0
6  24 10 0
0

0101000
+552 0 -557 0 *
Wi

0101100
+555 0 -553 0 -551 0 +550 0 *
Fa
0  1e-07 8 0
2  8
0101000
+549 0 *
Ve
1e-07
-74.25 -70 20
0 0

0101101
*
Ve
1e-07
-74.25 -70 0
0 0

0101101
*
Ed
 1e-07 1 1 0
1  13 0 -20 0
2  20 11 0 -20 0
2  21 12 0 -20 0
4 CN 11 0 12 0
6  25 11 0
6  26 12 0
0

0101000
+547 0 -546 0 *
Ve
1e-07
-65.75 -70 0
0 0

0101101
*
Ed
 1e-07 1 1 0
1  14 0 3.14159265358979 6.28318530717959
2  22 11 0 3.14159265358979 6.28318530717959
4 C0 11 0 3 0
6  27 11 0
6  28 3 0
0

0101000
+544 0 -546 0 *
Ve
1e-07
-65.75 -70 20
0 0

0101101
*
Ed
 1e-07 1 1 0
1  15 0 -20 0
2  23 11 0 -20 0
2  24 12 0 -20 0
4 CN 11 0 12 0
6  29 11 0
6  30 12 0
0

0101000
+542 0 -544 0 *
Ed
 1e-07 1 1 0
1  16 0 3.14159265358979 6.28318530717959
2  25 11 0 3.14159265358979 6.28318530717959
4 C0 11 0 13 0
6  31 11 0
6  32 13 0
0

0101000
+542 0 -547 0 *
Wi

0101100
+545 0 -543 0 -541 0 +540 0 *
Fa
0  1e-07 11 0
2  11
0101000
+539 0 *
Ve
1e-07
65.75 -70 20
0 0

0101101
*
Ve
1e-07
65.75 -70 0
0 0

0101101
*
Ed
 1e-07 1 1 0
1  17 0 -20 0
2  26 14 0 -20 0
2  27 15 0 -20 0
4 CN 14 0 15 0
6  33 14 0
6  34 15 0
0

0101000
+537 0 -536 0 *
Ve
1e-07
74.25 -70 0
0 0

0101101
*
Ed
 1e-07 1 1 0
1  18 0 3.14159265358979 6.28318530717959
2  28 14 0 3.14159265358979 6.28318530717959
4 C0 14 0 3 0
6  35 14 0
6  36 3 0
0

0101000
+534 0 -536 0 *
Ve
1e-07
74.25 -70 20
0 0

0101101
*
Ed
 1e-07 1 1 0
1  19 0 -20 0
2  29 14 0 -20 0
2  30 15 0 -20 0
4 CN 14 0 15 0
6  37 14 0
6  38 15 0
0

0101000
+532 0 -534 0 *
Ed
 1e-07 1 1 0
1  20 0 3.14159265358979 6.28318530717959
2  31 14 0 3.14159265358979 6.28318530717959
4 C0 14 0 16 0
6  39 14 0
6  40 16 0
0

0101000
+532 0 -537 0 *
Wi

0101100
+535 0 -533 0 -531 0 +530 0 *
Fa
0  1e-07 14 0
2  14
0101000
+529 0 *
Ve
1e-07
-42.5000000000025 0 67.2000000000016
0 0

0101101
*
Ed
 1e-07 1 1 0
1  21 0 -32.3433146105961 -1.89597047991531e-12
2  32 4 0 -32.3433146105961 -1.89597047991531e-12
2  33 17 0 -32.3433146105961 -1.89597047991531e-12
4 CN 4 0 17 0
6  41 4 0
6  42 17 0
0

0101000
+527 0 -577 0 *
Ve
1e-07
42.5000000000025 6.27631484563012e-15 67.2000000000016
0 0

0101101
*
Ed
 1e-07 1 1 0
1  22 0 -32.3433146105961 -1.89597047991531e-12
2  34 4 0 -32.3433146105961 -1.89597047991531e-12
2  35 17 0 -32.3433146105961 -1.89597047991531e-12
4 CN 4 0 17 0
6  43 4 0
6  44 17 0
0

0101000
+525 0 -572 0 *
Ed
 1e-07 1 1 0
1  23 0 3.14159265358979 6.28318530717959
2  36 4 0 3.14159265358979 6.28318530717959
4 C0 4 0 18 0
6  45 4 0
6  46 18 0
0

0101000
+525 0 -527 0 *
Wi

0101100
+526 0 -570 0 -524 0 +523 0 *
Fa
0  1e-07 4 0
2  4
0101000
+522 0 *
Ve
0.000138061832374753
-2.13162820116892e-14 60 32
0 0

0101101
*
Ve
1e-07
-2.13162820728e-14 80 32
0 0

0101101
*
Ed
 1e-07 1 1 0
1  24 0 -20 0
2  37 19 0 -20 0
2  38 20 0 -20 0
4 CN 19 0 20 0
6  47 19 0
6  48 20 0
0

0101000
+520 0 -519 0 *
Ve
1e-07
-1.98467059138232e-14 80 8
0 0

0101101
*
Ed
 1e-07 1 1 0
1  25 0 0 3.14159265358979
2  39 19 0 0 3.14159265358979
4 C0 19 0 21 0
6  49 19 0
6  50 21 0
0

0101000
+519 0 -517 0 *
Ve
0.000138061832374753
-1.98467059749369e-14 60 8
0 0

0101101
*
Ed
 1e-07 1 1 0
1  26 0 -20 0
2  40 19 0 -20 0
2  41 20 0 -20 0
4 CN 19 0 20 0
6  51 19 0
6  52 20 0
0

0101000
+515 0 -517 0 *
Ed
 0.000138061832374753 1 1 0
1  27 0 0.0564129014426884 0.094014980459056
2  42 19 0 0.0564129014426884 0.094014980459056
2  43 2 0 0.0564129014426884 0.094014980459056
4 C0 19 0 2 0
6  53 19 0
6  54 2 0
0

0101000
+520 0 -515 0 *
Wi

0101100
+518 0 +516 0 -514 0 -513 0 *
Fa
0  1e-07 19 0
2  19
0101000
+512 0 *
Ve
0.000282934711806362
1.9640044375567e-11 70.3333333333044 40
0 0

0101101
*
Ve
0.000282934711806362
-20 80.0000000000004 20.0000000000002
0 0

0101101
*
Ed
 0.000282934711806362 1 1 0
1  28 0 0.033057544488111 0.066007800670177
2  44 22 0 0.033057544488111 0.066007800670177
2  45 23 0 0.033057544488111 0.066007800670177
4 C0 22 0 23 0
6  55 23 0
6  56 22 0
0

0101000
+510 0 -509 0 *
Ve
1e-07
-2.13162820728e-14 80 40
0 0

0101101
*
Ed
 1e-07 1 1 0
1  29 0 -9.66666666669562 0
2  46 22 0 -9.66666666669562 0
2  47 24 0 -9.66666666669562 0
4 CN 22 0 24 0
6  57 22 0
6  58 24 0
0

0101000
+510 0 -507 0 *
Ed
 1e-07 1 1 0
1  30 0 4.7123889803847 6.28318530717959
2  48 22 0 4.7123889803847 6.28318530717959
4 C0 22 0 21 0
6  59 22 0
6  60 21 0
0

0101000
+509 0 -507 0 *
Wi

0101100
-508 0 +506 0 -505 0 *
Fa
0  1e-07 22 0
2  22
0101000
+504 0 *
Ve
0.000325105406807125
-62.4999999999993 79.9999999999995 19.9999999999991
0 0

0101101
*
Ve
0.000325105406807125
-57.5000000000001 70 34.8719700457218
0 0

0101101
*
Ed
 0.000325105406807125 1 1 0
1  31 0 1.08666268784404e-16 0.0188871879215781
2  49 25 0 1.08666268784404e-16 0.0188871879215781
2  50 23 0 1.08666268784404e-16 0.0188871879215781
4 C0 25 0 23 0
6  61 23 0
6  62 25 0
0

0101000
+502 0 -501 0 *
Ve
1e-07
-57.5 70 20
0 0

0101101
*
Ed
 1e-07 1 1 0
1  32 0 -60 -45.1280299542782
2  51 25 0 -60 -45.1280299542782
2  52 26 0 -60 -45.1280299542782
4 CN 25 0 26 0
6  63 25 0
6  64 26 0
0

0101000
+499 0 -501 0 *
Ed
 1e-07 1 1 0
1  33 0 0 0.927295218001543
2  53 25 0 0 0.927295218001543
4 C0 25 0 10 0
6  65 25 0
6  66 10 0
0

0101000
+499 0 -502 0 *
Wi

0101100
+500 0 -498 0 +497 0 *
Fa
0  1e-07 25 0
2  25
0101000
+496 0 *
Ve
0.00026561906206548
-79.9999999999995 -62.4999999999993 19.9999999999991
0 0

0101101
*
Ve
0.00026561906206548
-66.3402782314476 -58.0477434525198 39.6927222732582
0 0

0101101
*
Ed
 0.00026561906206548 1 1 0
1  34 0 1.08666268784404e-16 0.0249597960082415
2  54 27 0 1.08666268784404e-16 0.0249597960082415
2  55 28 0 1.08666268784404e-16 0.0249597960082415
4 C0 27 0 28 0
6  67 28 0
6  68 27 0
0

0101000
+494 0 -493 0 *
Ve
0.00016025747117309
-58.0477434525192 -66.3402782314495 39.6927222732549
0 0

0101101
*
Ed
 0.00016025747117309 1 1 0
1  35 0 2.89942825523417e-16 0.0145523246744809
2  56 27 0 2.89942825523417e-16 0.0145523246744809
2  57 29 0 2.89942825523417e-16 0.0145523246744809
4 C0 27 0 29 0
6  69 29 0
6  70 27 0
0

0101000
+493 0 -491 0 *
Ve
0.000562729241923043
-57.5 -70.0000000000003 34.8719168418887
0 0

0101101
*
Ed
 0.00011641524463856 1 1 0
1  36 0 3.71804298769198e-15 0.0060648014361695
2  58 27 0 3.71804298769198e-15 0.0060648014361695
2  59 30 0 3.71804298769198e-15 0.0060648014361695
4 C0 27 0 30 0
6  71 30 0
6  72 27 0
0

0101000
+491 0 -489 0 *
Ve
1e-07
-57.5 -70 20
0 0

0101101
*
Ed
 1e-07 1 1 0
1  37 0 -60 -45.1280831581113
2  60 27 0 -60 -45.1280831581113
2  61 31 0 -60 -45.1280831581113
4 CN 27 0 31 0
6  73 27 0
6  74 31 0
0

0101000
+487 0 -489 0 *
Ed
 1e-07 1 1 0
1  38 0 0 2.49809154479644
2  62 27 0 0 2.49809154479644
4 C0 27 0 13 0
6  75 27 0
6  76 13 0
0

0101000
+487 0 -494 0 *
Wi

0101100
+492 0 +490 0 +488 0 -486 0 +485 0 *
Fa
0  1e-07 27 0
2  27
0101000
+484 0 *
Ve
1e-07
27.5 0 67.2
0 0

0101101
*
Ve
1e-07
27.5 0 72.2
0 0

0101101
*
Ed
 1e-07 1 1 0
1  39 0 -5 0
2  63 32 0 -5 0
2  64 33 0 -5 0
4 CN 32 0 33 0
6  77 32 0
6  78 33 0
0

0101000
+482 0 -481 0 *
Ve
1e-07
-27.5 3.36777869765522e-15 72.2
0 0

0101101
*
Ed
 1e-07 1 1 0
1  40 0 0 3.14159265358979
2  65 32 0 0 3.14159265358979
4 C0 32 0 34 0
6  79 32 0
6  80 34 0
0

0101000
+481 0 -479 0 *
Ve
1e-07
-27.5 3.36777869765522e-15 67.2
0 0

0101101
*
Ed
 1e-07 1 1 0
1  41 0 -5 0
2  66 32 0 -5 0
2  67 33 0 -5 0
4 CN 32 0 33 0
6  81 32 0
6  82 33 0
0

0101000
+477 0 -479 0 *
Ed
 1e-07 1 1 0
1  42 0 0 3.14159265358979
2  68 32 0 0 3.14159265358979
4 C0 32 0 18 0
6  83 32 0
6  84 18 0
0

0101000
+482 0 -477 0 *
Wi

0101100
+480 0 +478 0 -476 0 -475 0 *
Fa
0  1e-07 32 0
2  32
0101000
+474 0 *
Ve
1e-07
-24.07031021678 -21.92031021678 72.2
0 0

0101101
*
Ve
1e-07
-24.07031021678 -21.92031021678 67.2
0 0

0101101
*
Ed
 1e-07 1 1 0
1  43 0 -5 0
2  69 35 0 -5 0
2  70 36 0 -5 0
4 CN 35 0 36 0
6  85 35 0
6  86 36 0
0

0101000
+472 0 -471 0 *
Ve
1e-07
-19.77031021678 -21.92031021678 67.2
0 0

0101101
*
Ed
 1e-07 1 1 0
1  44 0 3.14159265358979 6.28318530717959
2  71 35 0 3.14159265358979 6.28318530717959
4 C0 35 0 18 0
6  87 35 0
6  88 18 0
0

0101000
+469 0 -471 0 *
Ve
1e-07
-19.77031021678 -21.92031021678 72.2
0 0

0101101
*
Ed
 1e-07 1 1 0
1  45 0 -5 0
2  72 35 0 -5 0
2  73 36 0 -5 0
4 CN 35 0 36 0
6  89 35 0
6  90 36 0
0

0101000
+467 0 -469 0 *
Ed
 1e-07 1 1 0
1  46 0 3.14159265358979 6.28318530717959
2  74 35 0 3.14159265358979 6.28318530717959
4 C0 35 0 34 0
6  91 35 0
6  92 34 0
0

0101000
+467 0 -472 0 *
Wi

0101100
+470 0 -468 0 -466 0 +465 0 *
Fa
0  1e-07 35 0
2  35
0101000
+464 0 *
Ve
1e-07
-2.15 -31 72.2
0 0

0101101
*
Ve
1e-07
-2.15 -31 67.2
0 0

0101101
*
Ed
 1e-07 1 1 0
1  47 0 -5 0
2  75 37 0 -5 0
2  76 38 0 -5 0
4 CN 37 0 38 0
6  93 37 0
6  94 38 0
0

0101000
+462 0 -461 0 *
Ve
1e-07
2.15 -31 67.2
0 0

0101101
*
Ed
 1e-07 1 1 0
1  48 0 3.14159265358979 6.28318530717959
2  77 37 0 3.14159265358979 6.28318530717959
4 C0 37 0 18 0
6  95 37 0
6  96 18 0
0

0101000
+459 0 -461 0 *
Ve
1e-07
2.15 -31 72.2
0 0

0101101
*
Ed
 1e-07 1 1 0
1  49 0 -5 0
2  78 37 0 -5 0
2  79 38 0 -5 0
4 CN 37 0 38 0
6  97 37 0
6  98 38 0
0

0101000
+457 0 -459 0 *
Ed
 1e-07 1 1 0
1  50 0 3.14159265358979 6.28318530717959
2  80 37 0 3.14159265358979 6.28318530717959
4 C0 37 0 34 0
6  99 37 0
6  100 34 0
0

0101000
+457 0 -462 0 *
Wi

0101100
+460 0 -458 0 -456 0 +455 0 *
Fa
0  1e-07 37 0
2  37
0101000
+454 0 *
Ve
1e-07
19.77031021678 -21.92031021678 72.2
0 0

0101101
*
Ve
1e-07
19.77031021678 -21.92031021678 67.2
0 0

0101101
*
Ed
 1e-07 1 1 0
1  51 0 -5 0
2  81 39 0 -5 0
2  82 40 0 -5 0
4 CN 39 0 40 0
6  101 39 0
6  102 40 0
0

0101000
+452 0 -451 0 *
Ve
1e-07
24.07031021678 -21.92031021678 67.2
0 0

0101101
*
Ed
 1e-07 1 1 0
1  52 0 3.14159265358979 6.28318530717959
2  83 39 0 3.14159265358979 6.28318530717959
4 C0 39 0 18 0
6  103 39 0
6  104 18 0
0

0101000
+449 0 -451 0 *
Ve
1e-07
24.07031021678 -21.92031021678 72.2
0 0

0101101
*
Ed
 1e-07 1 1 0
1  53 0 -5 0
2  84 39 0 -5 0
2  85 40 0 -5 0
4 CN 39 0 40 0
6  105 39 0
6  106 40 0
0

0101000
+447 0 -449 0 *
Ed
 1e-07 1 1 0
1  54 0 3.14159265358979 6.28318530717959
2  86 39 0 3.14159265358979 6.28318530717959
4 C0 39 0 34 0
6  107 39 0
6  108 34 0
0

0101000
+447 0 -452 0 *
Wi

0101100
+450 0 -448 0 -446 0 +445 0 *
Fa
0  1e-07 39 0
2  39
0101000
+444 0 *
Ve
1e-07
28.85 0 72.2
0 0

0101101
*
Ve
1e-07
28.85 0 67.2
0 0

0101101
*
Ed
 1e-07 1 1 0
1  55 0 -5 0
2  87 41 0 -5 0
2  88 42 0 -5 0
4 CN 41 0 42 0
6  109 41 0
6  110 42 0
0

0101000
+442 0 -441 0 *
Ve
1e-07
33.15 2.63299061816681e-16 67.2
0 0

0101101
*
Ed
 1e-07 1 1 0
1  56 0 3.14159265358979 6.28318530717959
2  89 41 0 3.14159265358979 6.28318530717959
4 C0 41 0 18 0
6  111 41 0
6  112 18 0
0

0101000
+439 0 -441 0 *
Ve
1e-07
33.15 2.63299061816681e-16 72.2
0 0

0101101
*
Ed
 1e-07 1 1 0
1  57 0 -5 0
2  90 41 0 -5 0
2  91 42 0 -5 0
4 CN 41 0 42 0
6  113 41 0
6  114 42 0
0

0101000
+437 0 -439 0 *
Ed
 1e-07 1 1 0
1  58 0 3.14159265358979 6.28318530717959
2  92 41 0 3.14159265358979 6.28318530717959
4 C0 41 0 34 0
6  115 41 0
6  116 34 0
0

0101000
+437 0 -442 0 *
Wi

0101100
+440 0 -438 0 -436 0 +435 0 *
Fa
0  1e-07 41 0
2  41
0101000
+434 0 *
Ve
1e-07
19.77031021678 21.92031021678 72.2
0 0

0101101
*
Ve
1e-07
19.77031021678 21.92031021678 67.2
0 0

0101101
*
Ed
 1e-07 1 1 0
1  59 0 -5 0
2  93 43 0 -5 0
2  94 44 0 -5 0
4 CN 43 0 44 0
6  117 43 0
6  118 44 0
0

0101000
+432 0 -431 0 *
Ve
1e-07
24.07031021678 21.92031021678 67.2
0 0

0101101
*
Ed
 1e-07 1 1 0
1  60 0 3.14159265358979 6.28318530717959
2  95 43 0 3.14159265358979 6.28318530717959
4 C0 43 0 18 0
6  119 43 0
6  120 18 0
0

0101000
+429 0 -431 0 *
Ve
1e-07
24.07031021678 21.92031021678 72.2
0 0

0101101
*
Ed
 1e-07 1 1 0
1  61 0 -5 0
2  96 43 0 -5 0
2  97 44 0 -5 0
4 CN 43 0 44 0
6  121 43 0
6  122 44 0
0

0101000
+427 0 -429 0 *
Ed
 1e-07 1 1 0
1  62 0 3.14159265358979 6.28318530717959
2  98 43 0 3.14159265358979 6.28318530717959
4 C0 43 0 34 0
6  123 43 0
6  124 34 0
0

0101000
+427 0 -432 0 *
Wi

0101100
+430 0 -428 0 -426 0 +425 0 *
Fa
0  1e-07 43 0
2  43
0101000
+424 0 *
Ve
1e-07
-2.15 31 72.2
0 0

0101101
*
Ve
1e-07
-2.15 31 67.2
0 0

0101101
*
Ed
 1e-07 1 1 0
1  63 0 -5 0
2  99 45 0 -5 0
2  100 46 0 -5 0
4 CN 45 0 46 0
6  125 45 0
6  126 46 0
0

0101000
+422 0 -421 0 *
Ve
1e-07
2.15 31 67.2
0 0

0101101
*
Ed
 1e-07 1 1 0
1  64 0 3.14159265358979 6.28318530717959
2  101 45 0 3.14159265358979 6.28318530717959
4 C0 45 0 18 0
6  127 45 0
6  128 18 0
0

0101000
+419 0 -421 0 *
Ve
1e-07
2.15 31 72.2
0 0

0101101
*
Ed
 1e-07 1 1 0
1  65 0 -5 0
2  102 45 0 -5 0
2  103 46 0 -5 0
4 CN 45 0 46 0
6  129 45 0
6  130 46 0
0

0101000
+417 0 -419 0 *
Ed
 1e-07 1 1 0
1  66 0 3.14159265358979 6.28318530717959
2  104 45 0 3.14159265358979 6.28318530717959
4 C0 45 0 34 0
6  131 45 0
6  132 34 0
0

0101000
+417 0 -422 0 *
Wi

0101100
+420 0 -418 0 -416 0 +415 0 *
Fa
0  1e-07 45 0
2  45
0101000
+414 0 *
Ve
1e-07
-24.07031021678 21.92031021678 72.2
0 0

0101101
*
Ve
1e-07
-24.07031021678 21.92031021678 67.2
0 0

0101101
*
Ed
 1e-07 1 1 0
1  67 0 -5 0
2  105 47 0 -5 0
2  106 48 0 -5 0
4 CN 47 0 48 0
6  133 47 0
6  134 48 0
0

0101000
+412 0 -411 0 *
Ve
1e-07
-19.77031021678 21.92031021678 67.2
0 0

0101101
*
Ed
 1e-07 1 1 0
1  68 0 3.14159265358979 6.28318530717959
2  107 47 0 3.14159265358979 6.28318530717959
4 C0 47 0 18 0
6  135 47 0
6  136 18 0
0

0101000
+409 0 -411 0 *
Ve
1e-07
-19.77031021678 21.92031021678 72.2
0 0

0101101
*
Ed
 1e-07 1 1 0
1  69 0 -5 0
2  108 47 0 -5 0
2  109 48 0 -5 0
4 CN 47 0 48 0
6  137 47 0
6  138 48 0
0

0101000
+407 0 -409 0 *
Ed
 1e-07 1 1 0
1  70 0 3.14159265358979 6.28318530717959
2  110 47 0 3.14159265358979 6.28318530717959
4 C0 47 0 34 0
6  139 47 0
6  140 34 0
0

0101000
+407 0 -412 0 *
Wi

0101100
+410 0 -408 0 -406 0 +405 0 *
Fa
0  1e-07 47 0
2  47
0101000
+404 0 *
Ve
1e-07
-33.15 0 72.2
0 0

0101101
*
Ve
1e-07
-33.15 0 67.2
0 0

0101101
*
Ed
 1e-07 1 1 0
1  71 0 -5 0
2  111 49 0 -5 0
2  112 50 0 -5 0
4 CN 49 0 50 0
6  141 49 0
6  142 50 0
0

0101000
+402 0 -401 0 *
Ve
1e-07
-28.85 2.63299061816681e-16 67.2
0 0

0101101
*
Ed
 1e-07 1 1 0
1  72 0 3.14159265358979 6.28318530717959
2  113 49 0 3.14159265358979 6.28318530717959
4 C0 49 0 18 0
6  143 49 0
6  144 18 0
0

0101000
+399 0 -401 0 *
Ve
1e-07
-28.85 2.63299061816681e-16 72.2
0 0

0101101
*
Ed
 1e-07 1 1 0
1  73 0 -5 0
2  114 49 0 -5 0
2  115 50 0 -5 0
4 CN 49 0 50 0
6  145 49 0
6  146 50 0
0

0101000
+397 0 -399 0 *
Ed
 1e-07 1 1 0
1  74 0 3.14159265358979 6.28318530717959
2  116 49 0 3.14159265358979 6.28318530717959
4 C0 49 0 34 0
6  147 49 0
6  148 34 0
0

0101000
+397 0 -402 0 *
Wi

0101100
+400 0 -398 0 -396 0 +395 0 *
Fa
0  1e-07 49 0
2  49
0101000
+394 0 *
Ve
1e-07
34.5 -2.95822839457879e-28 79.5
0 0

0101101
*
Ve
1e-07
35 2.84494650060196e-13 80
0 0

0101101
*
Ed
 1e-07 1 1 0
1  75 0 -0.707106781186542 0
2  117 51 0 -0.707106781186542 0
2  118 52 0 -0.707106781186542 0
4 CN 51 0 52 0
6  149 51 0
6  150 52 0
0

0101000
+392 0 -391 0 *
Ve
1e-07
-35 2.88780913857212e-13 80
0 0

0101101
*
Ed
 1e-07 1 1 0
1  76 0 0 3.14159265358979
2  119 51 0 0 3.14159265358979
4 C0 51 0 53 0
6  151 51 0
6  152 53 0
0

0101000
+391 0 -389 0 *
Ve
1e-07
-34.5 4.22503145705807e-15 79.5
0 0

0101101
*
Ed
 1e-07 1 1 0
1  77 0 -0.707106781186542 0
2  120 51 0 -0.707106781186542 0
2  121 52 0 -0.707106781186542 0
4 CN 51 0 52 0
6  153 51 0
6  154 52 0
0

0101000
+387 0 -389 0 *
Ed
 1e-07 1 1 0
1  78 0 4.7123889803847 7.85398163397447
2  122 51 0 4.7123889803847 7.85398163397447
2  123 54 0 4.7123889803847 7.85398163397447
4 C0 51 0 54 0
6  155 51 0
6  156 54 0
0

0101000
+387 0 -392 0 *
Wi

0101100
+390 0 +388 0 -386 0 +385 0 *
Fa
0  1e-07 51 0
2  51
0101000
+384 0 *
Ve
1e-07
34.5 0 72.2
0 0

0101101
*
Ed
 1e-07 1 1 0
1  79 0 -7.8 -0.500000000000043
2  124 54 0 -7.8 -0.500000000000043
2  125 55 0 -7.8 -0.500000000000043
4 CN 54 0 55 0
6  157 54 0
6  158 55 0
0

0101000
+382 0 -392 0 *
Ve
1e-07
-34.5 4.22503145705837e-15 72.2
0 0

0101101
*
Ed
 1e-07 1 1 0
1  80 0 -7.8 -0.500000000000043
2  126 54 0 -7.8 -0.500000000000043
2  127 55 0 -7.8 -0.500000000000043
4 CN 54 0 55 0
6  159 54 0
6  160 55 0
0

0101000
+380 0 -387 0 *
Ed
 1e-07 1 1 0
1  81 0 3.14159265358979 6.28318530717959
2  128 54 0 3.14159265358979 6.28318530717959
4 C0 54 0 34 0
6  161 54 0
6  162 34 0
0

0101000
+380 0 -382 0 *
Wi

0101100
+381 0 -385 0 -379 0 +378 0 *
Fa
0  1e-07 54 0
2  54
0101000
+377 0 *
Ed
 1e-07 1 1 0
1  82 0 0 3.14159265358979
2  129 2 0 0 3.14159265358979
4 C0 3 0 2 0
6  163 2 0
6  164 3 0
0

0101000
+576 0 -574 0 *
Wi

0101100
-375 0 -573 0 *
Ed
 1e-07 1 1 0
1  83 0 0 3.14159265358979
2  130 6 0 0 3.14159265358979
4 C0 3 0 6 0
6  165 6 0
6  166 3 0
0

0101000
+566 0 -564 0 *
Wi

0101100
-373 0 -563 0 *
Ed
 1e-07 1 1 0
1  84 0 0 3.14159265358979
2  131 9 0 0 3.14159265358979
4 C0 3 0 9 0
6  167 9 0
6  168 3 0
0

0101000
+556 0 -554 0 *
Wi

0101100
-371 0 -553 0 *
Ed
 1e-07 1 1 0
1  85 0 0 3.14159265358979
2  132 12 0 0 3.14159265358979
4 C0 3 0 12 0
6  169 12 0
6  170 3 0
0

0101000
+546 0 -544 0 *
Wi

0101100
-369 0 -543 0 *
Ed
 1e-07 1 1 0
1  86 0 0 3.14159265358979
2  133 15 0 0 3.14159265358979
4 C0 3 0 15 0
6  171 15 0
6  172 3 0
0

0101000
+536 0 -534 0 *
Wi

0101100
-367 0 -533 0 *
Ve
1e-07
-70 80 0
0 0

0101101
*
Ve
1e-07
-80 70 0
0 0

0101101
*
Ed
 1e-07 1 1 0
1  87 0 4.71238898038469 6.28318530717959
2  134 56 0 4.71238898038469 6.28318530717959
4 C0 3 0 56 0
6  173 56 0
6  174 3 0
0

0101000
+365 0 -364 0 *
Ve
1e-07
70 80 0
0 0

0101101
*
Ed
 1e-07 1 1 0
1  88 0 -70 70
4 C0 3 0 21 0
6  175 3 0
6  176 21 0
0

0101000
+362 0 -365 0 *
Ve
1e-07
80 70 0
0 0

0101101
*
Ed
 1e-07 1 1 0
1  89 0 3.14159265358979 4.71238898038469
2  135 57 0 3.14159265358979 4.71238898038469
4 C0 3 0 57 0
6  177 57 0
6  178 3 0
0

0101000
+360 0 -362 0 *
Ve
1e-07
80 -70 0
0 0

0101101
*
Ed
 1e-07 1 1 0
1  90 0 -70 70
4 C0 3 0 58 0
6  179 3 0
6  180 58 0
0

0101000
+358 0 -360 0 *
Ve
1e-07
70 -80 0
0 0

0101101
*
Ed
 1e-07 1 1 0
1  91 0 1.5707963267949 3.14159265358979
2  136 59 0 1.5707963267949 3.14159265358979
4 C0 3 0 59 0
6  181 59 0
6  182 3 0
0

0101000
+356 0 -358 0 *
Ve
1e-07
-70 -80 0
0 0

0101101
*
Ed
 1e-07 1 1 0
1  92 0 -70 70
4 C0 3 0 60 0
6  183 3 0
6  184 60 0
0

0101000
+354 0 -356 0 *
Ve
1e-07
-80 -70 0
0 0

0101101
*
Ed
 1e-07 1 1 0
1  93 0 0 1.5707963267949
2  137 61 0 0 1.5707963267949
4 C0 3 0 61 0
6  185 61 0
6  186 3 0
0

0101000
+352 0 -354 0 *
Ed
 1e-07 1 1 0
1  94 0 -70 70
4 C0 3 0 62 0
6  187 3 0
6  188 62 0
0

0101000
+364 0 -352 0 *
Wi

0101100
-363 0 -361 0 -359 0 -357 0 -355 0 -353 0 -351 0 -350 0 *
Fa
0  1e-07 3 0
2  3
0101000
-374 0 -372 0 -370 0 -368 0 -366 0 -349 0 *
Ed
 1e-07 1 1 0
1  95 0 0 3.14159265358979
2  138 2 0 0 3.14159265358979
2  139 17 0 0 3.14159265358979
4 C0 2 0 17 0
6  189 17 0
6  190 2 0
0

0101000
+577 0 -572 0 *
Wi

0101100
-375 0 -575 0 +347 0 +571 0 *
Ed
 0.000138058156840413 1 1 0
1  96 0 0.0188108225529643 0.0564129014426884
2  140 2 0 0.0188108225529643 0.0564129014426884
2  141 20 0 0.0188108225529643 0.0564129014426884
4 C0 2 0 20 0
6  191 2 0
6  192 20 0
0

0101000
+515 0 -520 0 *
Wi

0101100
+345 0 +513 0 *
Fa
0  1e-07 2 0
2  2
0101000
+346 0 +344 0 *
Ed
 1e-07 1 1 0
1  97 0 0 3.14159265358979
2  142 6 0 0 3.14159265358979
4 C0 6 0 7 0
6  193 6 0
6  194 7 0
0

0101000
+567 0 -562 0 *
Wi

0101100
-373 0 -565 0 +342 0 +561 0 *
Fa
0  1e-07 6 0
2  6
0101000
+341 0 *
Ed
 1e-07 1 1 0
1  98 0 0 3.14159265358979
2  143 9 0 0 3.14159265358979
4 C0 9 0 10 0
6  195 9 0
6  196 10 0
0

0101000
+557 0 -552 0 *
Wi

0101100
-371 0 -555 0 +339 0 +551 0 *
Fa
0  1e-07 9 0
2  9
0101000
+338 0 *
Ed
 1e-07 1 1 0
1  99 0 0 3.14159265358979
2  144 12 0 0 3.14159265358979
4 C0 12 0 13 0
6  197 12 0
6  198 13 0
0

0101000
+547 0 -542 0 *
Wi

0101100
-369 0 -545 0 +336 0 +541 0 *
Fa
0  1e-07 12 0
2  12
0101000
+335 0 *
Ed
 1e-07 1 1 0
1  100 0 0 3.14159265358979
2  145 15 0 0 3.14159265358979
4 C0 15 0 16 0
6  199 15 0
6  200 16 0
0

0101000
+537 0 -532 0 *
Wi

0101100
-367 0 -535 0 +333 0 +531 0 *
Fa
0  1e-07 15 0
2  15
0101000
+332 0 *
Ve
0.000240273717119966
-79.9999999999994 62.4999999999992 19.9999999999989
0 0

0101101
*
Ed
 1e-07 1 1 0
1  101 0 -142.499999999999 -17.5000000000008
2  146 28 0 -142.499999999999 -17.5000000000008
4 C0 62 0 28 0
6  201 28 0
6  202 62 0
0

0101000
+494 0 -330 0 *
Ve
1e-07
-80 70 20
0 0

0101101
*
Ed
 1e-07 1 1 0
1  102 0 -17.5000000000008 -10
4 C0 62 0 10 0
6  203 62 0
6  204 10 0
0

0101000
+330 0 -328 0 *
Ed
 1e-07 1 1 0
1  103 0 -20 -0
2  147 56 0 -20 -0
4 G1 62 0 56 0
6  205 56 0
6  206 62 0
0

0101000
+328 0 -364 0 *
Ve
1e-07
-80 -70 20
0 0

0101101
*
Ed
 1e-07 1 1 0
1  104 0 0 20
2  148 61 0 0 20
4 G1 62 0 61 0
6  207 61 0
6  208 62 0
0

0101000
+352 0 -325 0 *
Ed
 1e-07 1 1 0
1  105 0 -150 -142.499999999999
4 C0 62 0 13 0
6  209 62 0
6  210 13 0
0

0101000
+325 0 -494 0 *
Wi

0101100
+329 0 +327 0 +326 0 +350 0 +324 0 +323 0 *
Fa
0  1e-07 62 0
2  62
0101000
+322 0 *
Ve
1e-07
-70 80 20
0 0

0101101
*
Ed
 1e-07 1 1 0
1  106 0 0 1.5707963267949
2  149 56 0 0 1.5707963267949
4 C0 56 0 10 0
6  211 56 0
6  212 10 0
0

0101000
+328 0 -320 0 *
Ed
 1e-07 1 1 0
1  107 0 26.072 46.072
2  150 56 0 26.072 46.072
4 G1 56 0 21 0
6  213 56 0
6  214 21 0
0

0101000
+320 0 -365 0 *
Wi

0101100
-326 0 +319 0 +318 0 +363 0 *
Fa
0  1e-07 56 0
2  56
0101000
+317 0 *
Ed
 1e-07 1 1 0
1  108 0 3.14159265358979 6.28318530717959
2  151 20 0 3.14159265358979 6.28318530717959
4 C0 21 0 20 0
6  215 20 0
6  216 21 0
0

0101000
+517 0 -519 0 *
Wi

0101100
+516 0 +315 0 *
Ve
0.000268620221250819
20 80.0000000000001 20.0000000000001
0 0

0101101
*
Ed
 1e-07 1 1 0
1  109 0 0 1.57079632679489
2  152 24 0 0 1.57079632679489
4 C0 21 0 24 0
6  217 24 0
6  218 21 0
0

0101000
+507 0 -313 0 *
Ve
0.000240273717140006
62.4999999999992 79.9999999999994 19.9999999999989
0 0

0101101
*
Ed
 1e-07 1 1 0
1  110 0 -60 -17.5000000000008
2  153 23 0 -60 -17.5000000000008
4 C0 21 0 23 0
6  219 23 0
6  220 21 0
0

0101000
+313 0 -311 0 *
Ve
1e-07
70 80 20
0 0

0101101
*
Ed
 1e-07 1 1 0
1  111 0 -17.5000000000008 -10
4 C0 21 0 7 0
6  221 21 0
6  222 7 0
0

0101000
+311 0 -309 0 *
Ed
 1e-07 1 1 0
1  112 0 -20 0
2  154 57 0 -20 0
4 G1 21 0 57 0
6  223 57 0
6  224 21 0
0

0101000
+309 0 -362 0 *
Ed
 1e-07 1 1 0
1  113 0 -150 -142.499999999999
4 C0 21 0 10 0
6  225 21 0
6  226 10 0
0

0101000
+320 0 -502 0 *
Ed
 1e-07 1 1 0
1  114 0 -142.499999999999 -100
2  155 23 0 -142.499999999999 -100
4 C0 21 0 23 0
6  227 23 0
6  228 21 0
0

0101000
+502 0 -509 0 *
Wi

0101100
+505 0 +312 0 +310 0 +308 0 +307 0 +361 0 -318 0 +306 0 +305 0 *
Fa
0  1e-07 21 0
2  21
0101000
+314 0 +304 0 *
Ve
1e-07
80 70 20
0 0

0101101
*
Ed
 1e-07 1 1 0
1  115 0 1.5707963267949 3.14159265358979
2  156 57 0 1.5707963267949 3.14159265358979
4 C0 57 0 7 0
6  229 57 0
6  230 7 0
0

0101000
+309 0 -302 0 *
Ed
 1e-07 1 1 0
1  116 0 26.072 46.072
2  157 57 0 26.072 46.072
4 G1 57 0 58 0
6  231 57 0
6  232 58 0
0

0101000
+302 0 -360 0 *
Wi

0101100
-307 0 +301 0 +300 0 +359 0 *
Fa
0  1e-07 57 0
2  57
0101000
+299 0 *
Ve
0.000265619062074739
79.9999999999995 62.4999999999993 19.9999999999991
0 0

0101101
*
Ve
0.000240273717078368
79.9999999999994 -62.4999999999992 19.9999999999989
0 0

0101101
*
Ed
 1e-07 1 1 0
1  117 0 -142.499999999999 -17.5000000000008
2  158 63 0 -142.499999999999 -17.5000000000008
4 C0 58 0 63 0
6  233 63 0
6  234 58 0
0

0101000
+297 0 -296 0 *
Ve
1e-07
80 -70 20
0 0

0101101
*
Ed
 1e-07 1 1 0
1  118 0 -17.5000000000008 -10
4 C0 58 0 16 0
6  235 58 0
6  236 16 0
0

0101000
+296 0 -294 0 *
Ed
 1e-07 1 1 0
1  119 0 -20 0
2  159 59 0 -20 0
4 G1 58 0 59 0
6  237 59 0
6  238 58 0
0

0101000
+294 0 -358 0 *
Ed
 1e-07 1 1 0
1  120 0 -150 -142.499999999999
4 C0 58 0 7 0
6  239 58 0
6  240 7 0
0

0101000
+302 0 -297 0 *
Wi

0101100
+295 0 +293 0 +292 0 +357 0 -300 0 +291 0 *
Fa
0  1e-07 58 0
2  58
0101000
+290 0 *
Ve
1e-07
70 -80 20
0 0

0101101
*
Ed
 1e-07 1 1 0
1  121 0 3.14159265358979 4.71238898038469
2  160 59 0 3.14159265358979 4.71238898038469
4 C0 59 0 16 0
6  241 59 0
6  242 16 0
0

0101000
+294 0 -288 0 *
Ed
 1e-07 1 1 0
1  122 0 26.072 46.072
2  161 59 0 26.072 46.072
4 G1 59 0 60 0
6  243 59 0
6  244 60 0
0

0101000
+288 0 -356 0 *
Wi

0101100
-292 0 +287 0 +286 0 +355 0 *
Fa
0  1e-07 59 0
2  59
0101000
+285 0 *
Ve
0.000265619062063958
62.4999999999993 -79.9999999999995 19.9999999999991
0 0

0101101
*
Ve
0.000562729241923043
-62.4999999999992 -79.9999999999994 19.9999999999989
0 0

0101101
*
Ed
 1e-07 1 1 0
1  123 0 -142.499999999999 -17.5000000000008
2  162 30 0 -142.499999999999 -17.5000000000008
4 C0 60 0 30 0
6  245 30 0
6  246 60 0
0

0101000
+283 0 -282 0 *
Ve
1e-07
-70 -80 20
0 0

0101101
*
Ed
 1e-07 1 1 0
1  124 0 -17.5000000000008 -10
4 C0 60 0 13 0
6  247 60 0
6  248 13 0
0

0101000
+282 0 -280 0 *
Ed
 1e-07 1 1 0
1  125 0 -20 0
2  163 61 0 -20 0
4 G1 60 0 61 0
6  249 61 0
6  250 60 0
0

0101000
+280 0 -354 0 *
Ed
 1e-07 1 1 0
1  126 0 -150 -142.499999999999
4 C0 60 0 16 0
6  251 60 0
6  252 16 0
0

0101000
+288 0 -283 0 *
Wi

0101100
+281 0 +279 0 +278 0 +353 0 -286 0 +277 0 *
Fa
0  1e-07 60 0
2  60
0101000
+276 0 *
Ed
 1e-07 1 1 0
1  127 0 4.71238898038469 6.28318530717959
2  164 61 0 4.71238898038469 6.28318530717959
4 C0 61 0 13 0
6  253 61 0
6  254 13 0
0

0101000
+280 0 -325 0 *
Wi

0101100
-278 0 +274 0 -324 0 +351 0 *
Fa
0  1e-07 61 0
2  61
0101000
+273 0 *
Ed
 1e-07 1 1 0
1  128 0 0 3.14159265358979
2  165 17 0 0 3.14159265358979
4 C0 17 0 18 0
6  255 17 0
6  256 18 0
0

0101000
+527 0 -525 0 *
Wi

0101100
-347 0 -526 0 +271 0 +524 0 *
Fa
0  1e-07 17 0
2  17
0101000
+270 0 *
Wi

0101100
+315 0 -518 0 -345 0 +514 0 *
Fa
0  1e-07 20 0
2  20
0101000
+268 0 *
Wi

0101100
+342 0 +560 0 *
Ed
 1e-07 1 1 0
1  129 0 2.21429743558826 5.63968419838623
2  166 64 0 2.21429743558826 5.63968419838623
4 C0 7 0 64 0
6  257 64 0
6  258 7 0
0

0101000
+311 0 -297 0 *
Wi

0101100
+265 0 -291 0 -301 0 -308 0 *
Fa
0  1e-07 7 0
2  7
0101000
+266 0 +264 0 *
Wi

0101100
+339 0 +550 0 *
Ed
 1e-07 1 1 0
1  130 0 3.78509376238316 6.28318530717959
2  167 26 0 3.78509376238316 6.28318530717959
4 C0 10 0 26 0
6  259 26 0
6  260 10 0
0

0101000
+330 0 -499 0 *
Wi

0101100
-319 0 -327 0 +261 0 +497 0 -306 0 *
Fa
0  1e-07 10 0
2  10
0101000
+262 0 +260 0 *
Wi

0101100
+336 0 +540 0 *
Ed
 1e-07 1 1 0
1  131 0 5.35589008917806 6.28318530717959
2  168 31 0 5.35589008917806 6.28318530717959
4 C0 13 0 31 0
6  261 31 0
6  262 13 0
0

0101000
+282 0 -487 0 *
Wi

0101100
+257 0 +485 0 -323 0 -274 0 -279 0 *
Fa
0  1e-07 13 0
2  13
0101000
+258 0 +256 0 *
Wi

0101100
+333 0 +530 0 *
Ed
 1e-07 1 1 0
1  132 0 0.643501108793365 4.06888787159134
2  169 65 0 0.643501108793365 4.06888787159134
4 C0 16 0 65 0
6  263 65 0
6  264 16 0
0

0101000
+296 0 -283 0 *
Wi

0101100
+253 0 -277 0 -287 0 -293 0 *
Fa
0  1e-07 16 0
2  16
0101000
+254 0 +252 0 *
Ve
1e-07
-38.381411430051 33.5837350012909 80
0 0

0101101
*
Ve
0.000240273717119966
-66.3402782314495 58.0477434525192 39.6927222732549
0 0

0101101
*
Ed
 1e-07 1 1 0
1  133 0 -40.7990541281611 14.0175727295823
2  170 28 0 -40.7990541281611 14.0175727295823
2  171 66 0 -40.7990541281611 14.0175727295823
4 G1 28 0 66 0
6  265 28 0
6  266 66 0
0

0101000
+250 0 -249 0 *
Ed
 0.000240273717119966 1 1 0
1  134 0 3.7292149082512e-15 0.0248554293521556
2  172 28 0 3.7292149082512e-15 0.0248554293521556
2  173 26 0 3.7292149082512e-15 0.0248554293521556
4 C0 28 0 26 0
6  267 28 0
6  268 26 0
0

0101000
+249 0 -330 0 *
Ve
1e-07
-38.3814114300554 -33.5837350012931 80
0 0

0101101
*
Ed
 1e-07 1 1 0
1  135 0 -14.0175727295757 40.7990541281614
2  174 28 0 -14.0175727295757 40.7990541281614
2  175 29 0 -14.0175727295757 40.7990541281614
4 G1 28 0 29 0
6  269 28 0
6  270 29 0
0

0101000
+493 0 -246 0 *
Ed
 1e-07 1 1 0
1  136 0 3.46944695195361e-17 0.0729364383032785
2  176 28 0 3.46944695195361e-17 0.0729364383032785
4 C0 28 0 53 0
6  271 28 0
6  272 53 0
0

0101000
+246 0 -250 0 *
Wi

0101100
+248 0 +247 0 -329 0 +492 0 +245 0 +244 0 *
Fa
0  1e-07 28 0
2  28
0101000
+243 0 *
Ed
 0.000268620221250819 1 1 0
1  137 0 0 0.033057544488111
2  177 23 0 0 0.033057544488111
2  178 24 0 0 0.033057544488111
4 C0 23 0 24 0
6  273 23 0
6  274 24 0
0

0101000
+313 0 -510 0 *
Ve
0.00016025747117309
-58.0477434525198 66.3402782314476 39.6927222732582
0 0

0101101
*
Ed
 0.000107054902377972 1 1 0
1  138 0 0.0188871879215781 0.0249597960082415
2  179 23 0 0.0188871879215781 0.0249597960082415
2  180 26 0 0.0188871879215781 0.0249597960082415
4 C0 23 0 26 0
6  275 23 0
6  276 26 0
0

0101000
+501 0 -240 0 *
Ve
1e-07
-33.5837350012931 38.3814114300554 80
0 0

0101101
*
Ed
 1e-07 1 1 0
1  139 0 -14.0175727295757 40.7990541281614
2  181 23 0 -14.0175727295757 40.7990541281614
2  182 66 0 -14.0175727295757 40.7990541281614
4 G1 23 0 66 0
6  277 23 0
6  278 66 0
0

0101000
+240 0 -238 0 *
Ve
1e-07
33.5837350012909 38.381411430051 80
0 0

0101101
*
Ed
 1e-07 1 1 0
1  140 0 1.55158384577955e-17 0.0729364383032785
2  183 23 0 1.55158384577955e-17 0.0729364383032785
4 C0 23 0 53 0
6  279 23 0
6  280 53 0
0

0101000
+238 0 -236 0 *
Ve
0.000240273717140006
58.0477434525192 66.3402782314495 39.6927222732549
0 0

0101101
*
Ed
 1e-07 1 1 0
1  141 0 -40.7990541281611 14.0175727295823
2  184 23 0 -40.7990541281611 14.0175727295823
2  185 67 0 -40.7990541281611 14.0175727295823
4 G1 23 0 67 0
6  281 23 0
6  282 67 0
0

0101000
+236 0 -234 0 *
Ed
 0.000240273717140006 1 1 0
1  142 0 3.72362667259698e-15 0.0248554293521555
2  186 23 0 3.72362667259698e-15 0.0248554293521555
2  187 64 0 3.72362667259698e-15 0.0248554293521555
4 C0 23 0 64 0
6  283 23 0
6  284 64 0
0

0101000
+234 0 -311 0 *
Wi

0101100
-310 0 +241 0 +508 0 -305 0 +500 0 +239 0 +237 0 +235 0 +233 0 +232 0 
*
Fa
0  1e-07 23 0
2  23
0101000
+231 0 *
Wi

0101100
-506 0 -241 0 -312 0 *
Fa
0  1e-07 24 0
2  24
0101000
+229 0 *
Ve
1e-07
38.381411430051 -33.5837350012909 80
0 0

0101101
*
Ve
0.000240273717078368
66.3402782314495 -58.0477434525192 39.6927222732549
0 0

0101101
*
Ed
 1e-07 1 1 0
1  143 0 -40.7990541281611 14.0175727295823
2  188 63 0 -40.7990541281611 14.0175727295823
2  189 68 0 -40.7990541281611 14.0175727295823
4 G1 63 0 68 0
6  285 63 0
6  286 68 0
0

0101000
+227 0 -226 0 *
Ed
 0.000240273717078368 1 1 0
1  144 0 3.74302358110306e-15 0.0248554293521556
2  190 63 0 3.74302358110306e-15 0.0248554293521556
2  191 65 0 3.74302358110306e-15 0.0248554293521556
4 C0 63 0 65 0
6  287 63 0
6  288 65 0
0

0101000
+226 0 -296 0 *
Ve
0.000265619062074739
66.3402782314477 58.0477434525198 39.6927222732582
0 0

0101101
*
Ed
 0.000265619062074739 1 1 0
1  145 0 1.08666268784404e-16 0.0249597960082415
2  192 63 0 1.08666268784404e-16 0.0249597960082415
2  193 64 0 1.08666268784404e-16 0.0249597960082415
4 C0 63 0 64 0
6  289 63 0
6  290 64 0
0

0101000
+297 0 -223 0 *
Ve
1e-07
38.3814114300554 33.5837350012931 80
0 0

0101101
*
Ed
 1e-07 1 1 0
1  146 0 -14.0175727295757 40.7990541281614
2  194 63 0 -14.0175727295757 40.7990541281614
2  195 67 0 -14.0175727295757 40.7990541281614
4 G1 63 0 67 0
6  291 63 0
6  292 67 0
0

0101000
+223 0 -221 0 *
Ed
 1e-07 1 1 0
1  147 0 1.55158384577955e-17 0.0729364383032785
2  196 63 0 1.55158384577955e-17 0.0729364383032785
4 C0 63 0 53 0
6  293 63 0
6  294 53 0
0

0101000
+221 0 -227 0 *
Wi

0101100
+225 0 +224 0 -295 0 +222 0 +220 0 +219 0 *
Fa
0  1e-07 63 0
2  63
0101000
+218 0 *
Ve
1e-07
-33.5837350012917 -38.3814114300503 80
0 0

0101101
*
Ed
 1e-07 1 1 0
1  148 0 -40.7990541281611 14.0175727295823
2  197 30 0 -40.7990541281611 14.0175727295823
2  198 29 0 -40.7990541281611 14.0175727295823
4 G1 30 0 29 0
6  295 30 0
6  296 29 0
0

0101000
+216 0 -491 0 *
Ed
 0.000562729241923043 1 1 0
1  149 0 0.0060648014361695 0.0248554293521555
2  199 30 0 0.0060648014361695 0.0248554293521555
2  200 31 0 0.0060648014361695 0.0248554293521555
4 C0 30 0 31 0
6  297 30 0
6  298 31 0
0

0101000
+489 0 -282 0 *
Ve
0.000265619062063958
58.0477434525198 -66.3402782314476 39.6927222732582
0 0

0101101
*
Ed
 0.000265619062063958 1 1 0
1  150 0 1.08666268784404e-16 0.0249597960082415
2  201 30 0 1.08666268784404e-16 0.0249597960082415
2  202 65 0 1.08666268784404e-16 0.0249597960082415
4 C0 30 0 65 0
6  299 30 0
6  300 65 0
0

0101000
+283 0 -213 0 *
Ve
1e-07
33.5837350012931 -38.3814114300554 80
0 0

0101101
*
Ed
 1e-07 1 1 0
1  151 0 -14.0175727295757 40.7990541281614
2  203 30 0 -14.0175727295757 40.7990541281614
2  204 68 0 -14.0175727295757 40.7990541281614
4 G1 30 0 68 0
6  301 30 0
6  302 68 0
0

0101000
+213 0 -211 0 *
Ed
 1e-07 1 1 0
1  152 0 1.55158384577955e-17 0.0729364383032796
2  205 30 0 1.55158384577955e-17 0.0729364383032796
4 C0 30 0 53 0
6  303 30 0
6  304 53 0
0

0101000
+211 0 -216 0 *
Wi

0101100
+215 0 +488 0 +214 0 -281 0 +212 0 +210 0 +209 0 *
Fa
0  1e-07 30 0
2  30
0101000
+208 0 *
Ed
 1e-07 1 1 0
1  153 0 3.14159265358979 6.28318530717959
2  206 33 0 3.14159265358979 6.28318530717959
4 C0 18 0 33 0
6  305 33 0
6  306 18 0
0

0101000
+477 0 -482 0 *
Wi

0101100
-475 0 -206 0 *
Ed
 1e-07 1 1 0
1  154 0 0 3.14159265358979
2  207 36 0 0 3.14159265358979
4 C0 18 0 36 0
6  307 36 0
6  308 18 0
0

0101000
+471 0 -469 0 *
Wi

0101100
-204 0 -468 0 *
Ed
 1e-07 1 1 0
1  155 0 0 3.14159265358979
2  208 38 0 0 3.14159265358979
4 C0 18 0 38 0
6  309 38 0
6  310 18 0
0

0101000
+461 0 -459 0 *
Wi

0101100
-202 0 -458 0 *
Ed
 1e-07 1 1 0
1  156 0 0 3.14159265358979
2  209 40 0 0 3.14159265358979
4 C0 18 0 40 0
6  311 40 0
6  312 18 0
0

0101000
+451 0 -449 0 *
Wi

0101100
-200 0 -448 0 *
Ed
 1e-07 1 1 0
1  157 0 0 3.14159265358979
2  210 42 0 0 3.14159265358979
4 C0 18 0 42 0
6  313 42 0
6  314 18 0
0

0101000
+441 0 -439 0 *
Wi

0101100
-198 0 -438 0 *
Ed
 1e-07 1 1 0
1  158 0 0 3.14159265358979
2  211 44 0 0 3.14159265358979
4 C0 18 0 44 0
6  315 44 0
6  316 18 0
0

0101000
+431 0 -429 0 *
Wi

0101100
-196 0 -428 0 *
Ed
 1e-07 1 1 0
1  159 0 0 3.14159265358979
2  212 46 0 0 3.14159265358979
4 C0 18 0 46 0
6  317 46 0
6  318 18 0
0

0101000
+421 0 -419 0 *
Wi

0101100
-194 0 -418 0 *
Ed
 1e-07 1 1 0
1  160 0 0 3.14159265358979
2  213 48 0 0 3.14159265358979
4 C0 18 0 48 0
6  319 48 0
6  320 18 0
0

0101000
+411 0 -409 0 *
Wi

0101100
-192 0 -408 0 *
Ed
 1e-07 1 1 0
1  161 0 0 3.14159265358979
2  214 50 0 0 3.14159265358979
4 C0 18 0 50 0
6  321 50 0
6  322 18 0
0

0101000
+401 0 -399 0 *
Wi

0101100
-190 0 -398 0 *
Wi

0101100
+271 0 +523 0 *
Fa
0  1e-07 18 0
2  18
0101000
-205 0 -203 0 -201 0 -199 0 -197 0 -195 0 -193 0 -191 0 -189 0 -188 0 
*
Ed
 0.000160257471162972 1 1 0
1  162 0 2.966732183034e-16 0.0145523246744809
2  215 64 0 2.966732183034e-16 0.0145523246744809
2  216 67 0 2.966732183034e-16 0.0145523246744809
4 C0 64 0 67 0
6  323 67 0
6  324 64 0
0

0101000
+223 0 -234 0 *
Wi

0101100
+186 0 +232 0 +265 0 +222 0 *
Fa
0  1e-07 64 0
2  64
0101000
+185 0 *
Ed
 0.00016025747117309 1 1 0
1  163 0 2.89942825523417e-16 0.0145523246744809
2  217 26 0 2.89942825523417e-16 0.0145523246744809
2  218 66 0 2.89942825523417e-16 0.0145523246744809
4 C0 26 0 66 0
6  325 66 0
6  326 26 0
0

0101000
+240 0 -249 0 *
Wi

0101100
+239 0 +183 0 +247 0 +261 0 +498 0 *
Fa
0  1e-07 26 0
2  26
0101000
+182 0 *
Wi

0101100
+214 0 +257 0 +486 0 *
Fa
0  1e-07 31 0
2  31
0101000
+180 0 *
Ed
 0.00016025747117309 1 1 0
1  164 0 2.89942825523417e-16 0.0145523246744809
2  219 65 0 2.89942825523417e-16 0.0145523246744809
2  220 68 0 2.89942825523417e-16 0.0145523246744809
4 C0 65 0 68 0
6  327 68 0
6  328 65 0
0

0101000
+213 0 -226 0 *
Wi

0101100
+178 0 +224 0 +253 0 +212 0 *
Fa
0  1e-07 65 0
2  65
0101000
+177 0 *
Ed
 1e-07 1 1 0
1  165 0 3.92523114670944e-17 0.00678920442760756
2  221 66 0 3.92523114670944e-17 0.00678920442760756
4 C0 66 0 53 0
6  329 66 0
6  330 53 0
0

0101000
+250 0 -238 0 *
Wi

0101100
-237 0 +183 0 -248 0 +175 0 *
Fa
0  1e-07 66 0
2  66
0101000
+174 0 *
Ed
 1e-07 1 1 0
1  166 0 3.14159265358979 6.28318530717959
2  222 52 0 3.14159265358979 6.28318530717959
4 C0 53 0 52 0
6  331 52 0
6  332 53 0
0

0101000
+389 0 -391 0 *
Wi

0101100
+388 0 +172 0 *
Ed
 1e-07 1 1 0
1  167 0 7.07154657808422e-16 0.00678920442760595
2  223 29 0 7.07154657808422e-16 0.00678920442760595
4 C0 53 0 29 0
6  333 29 0
6  334 53 0
0

0101000
+246 0 -216 0 *
Ed
 1e-07 1 1 0
1  168 0 7.07154657808421e-16 0.00678920442760706
2  224 68 0 7.07154657808421e-16 0.00678920442760706
4 C0 53 0 68 0
6  335 68 0
6  336 53 0
0

0101000
+211 0 -227 0 *
Ed
 1e-07 1 1 0
1  169 0 7.07154657808421e-16 0.00678920442760706
2  225 67 0 7.07154657808421e-16 0.00678920442760706
4 C0 53 0 67 0
6  337 67 0
6  338 53 0
0

0101000
+221 0 -236 0 *
Wi

0101100
-244 0 +170 0 -209 0 +169 0 -219 0 +168 0 -235 0 -175 0 *
Fa
0  1e-07 53 0
2  53
0101000
+171 0 +167 0 *
Wi

0101100
-245 0 +490 0 -215 0 -170 0 *
Fa
0  1e-07 29 0
2  29
0101000
+165 0 *
Wi

0101100
-220 0 +186 0 -233 0 -168 0 *
Fa
0  1e-07 67 0
2  67
0101000
+163 0 *
Wi

0101100
-210 0 +178 0 -225 0 -169 0 *
Fa
0  1e-07 68 0
2  68
0101000
+161 0 *
Ed
 1e-07 1 1 0
1  170 0 3.14159265358979 6.28318530717959
2  226 33 0 3.14159265358979 6.28318530717959
4 C0 33 0 34 0
6  339 33 0
6  340 34 0
0

0101000
+479 0 -481 0 *
Wi

0101100
+159 0 -480 0 -206 0 +476 0 *
Fa
0  1e-07 33 0
2  33
0101000
+158 0 *
Ed
 1e-07 1 1 0
1  171 0 0 3.14159265358979
2  227 36 0 0 3.14159265358979
4 C0 36 0 34 0
6  341 36 0
6  342 34 0
0

0101000
+472 0 -467 0 *
Wi

0101100
-204 0 -470 0 +156 0 +466 0 *
Fa
0  1e-07 36 0
2  36
0101000
+155 0 *
Ed
 1e-07 1 1 0
1  172 0 0 3.14159265358979
2  228 38 0 0 3.14159265358979
4 C0 38 0 34 0
6  343 38 0
6  344 34 0
0

0101000
+462 0 -457 0 *
Wi

0101100
-202 0 -460 0 +153 0 +456 0 *
Fa
0  1e-07 38 0
2  38
0101000
+152 0 *
Ed
 1e-07 1 1 0
1  173 0 0 3.14159265358979
2  229 40 0 0 3.14159265358979
4 C0 40 0 34 0
6  345 40 0
6  346 34 0
0

0101000
+452 0 -447 0 *
Wi

0101100
-200 0 -450 0 +150 0 +446 0 *
Fa
0  1e-07 40 0
2  40
0101000
+149 0 *
Ed
 1e-07 1 1 0
1  174 0 0 3.14159265358979
2  230 42 0 0 3.14159265358979
4 C0 42 0 34 0
6  347 42 0
6  348 34 0
0

0101000
+442 0 -437 0 *
Wi

0101100
-198 0 -440 0 +147 0 +436 0 *
Fa
0  1e-07 42 0
2  42
0101000
+146 0 *
Ed
 1e-07 1 1 0
1  175 0 0 3.14159265358979
2  231 44 0 0 3.14159265358979
4 C0 44 0 34 0
6  349 44 0
6  350 34 0
0

0101000
+432 0 -427 0 *
Wi

0101100
-196 0 -430 0 +144 0 +426 0 *
Fa
0  1e-07 44 0
2  44
0101000
+143 0 *
Ed
 1e-07 1 1 0
1  176 0 0 3.14159265358979
2  232 46 0 0 3.14159265358979
4 C0 46 0 34 0
6  351 46 0
6  352 34 0
0

0101000
+422 0 -417 0 *
Wi

0101100
-194 0 -420 0 +141 0 +416 0 *
Fa
0  1e-07 46 0
2  46
0101000
+140 0 *
Ed
 1e-07 1 1 0
1  177 0 0 3.14159265358979
2  233 48 0 0 3.14159265358979
4 C0 48 0 34 0
6  353 48 0
6  354 34 0
0

0101000
+412 0 -407 0 *
Wi

0101100
-192 0 -410 0 +138 0 +406 0 *
Fa
0  1e-07 48 0
2  48
0101000
+137 0 *
Ed
 1e-07 1 1 0
1  178 0 0 3.14159265358979
2  234 50 0 0 3.14159265358979
4 C0 50 0 34 0
6  355 50 0
6  356 34 0
0

0101000
+402 0 -397 0 *
Wi

0101100
-190 0 -400 0 +135 0 +396 0 *
Fa
0  1e-07 50 0
2  50
0101000
+134 0 *
Ed
 1e-07 1 1 0
1  179 0 1.57079632679489 4.7123889803847
2  235 52 0 1.57079632679489 4.7123889803847
2  236 55 0 1.57079632679489 4.7123889803847
4 C0 52 0 55 0
6  357 52 0
6  358 55 0
0

0101000
+392 0 -387 0 *
Wi

0101100
+172 0 -390 0 +132 0 +386 0 *
Fa
0  1e-07 52 0
2  52
0101000
+131 0 *
Wi

0101100
+156 0 +465 0 *
Wi

0101100
+153 0 +455 0 *
Wi

0101100
+150 0 +445 0 *
Wi

0101100
+147 0 +435 0 *
Wi

0101100
+144 0 +425 0 *
Wi

0101100
+141 0 +415 0 *
Wi

0101100
+138 0 +405 0 *
Wi

0101100
+135 0 +395 0 *
Wi

0101100
+478 0 +159 0 *
Ed
 1e-07 1 1 0
1  180 0 0 3.14159265358979
2  237 55 0 0 3.14159265358979
4 C0 34 0 55 0
6  359 55 0
6  360 34 0
0

0101000
+382 0 -380 0 *
Wi

0101100
+120 0 +378 0 *
Fa
0  1e-07 34 0
2  34
0101000
+129 0 +128 0 +127 0 +126 0 +125 0 +124 0 +123 0 +122 0 +121 0 +119 0 
*
Wi

0101100
-132 0 -381 0 +120 0 +379 0 *
Fa
0  1e-07 55 0
2  55
0101000
+117 0 *
Sh

0101100
-568 0 -558 0 -548 0 -538 0 -528 0 -521 0 -511 0 +503 0 -495 0 -483 0 
-473 0 -463 0 -453 0 -443 0 -433 0 -423 0 -413 0 -403 0 -393 0 -383 0 
-376 0 -348 0 -343 0 -340 0 -337 0 -334 0 -331 0 +321 0 +316 0 +303 0 
+298 0 +289 0 +284 0 +275 0 +272 0 -269 0 -267 0 +263 0 +259 0 +255 0 
+251 0 +242 0 +230 0 +228 0 +217 0 +207 0 -187 0 -184 0 -181 0 -179 0 
-176 0 +173 0 +166 0 +164 0 +162 0 +160 0 -157 0 -154 0 -151 0 -148 0 
-145 0 -142 0 -139 0 -136 0 -133 0 -130 0 +118 0 -116 0 *
So

0100000
+115 0 *
Ve
1.54191619051445e-06
-4.14707330975705e-16 3.3 -4
0 0

0101101
*
Ve
1e-07
-0.024857889078021 3.29990799424969 -4
0 0

0101101
*
Ed
 1e-07 1 1 0
1  181 0 0 0.00239775240083478
2  238 69 0 0 0.00239775240083478
4 C0 69 0 70 0
6  361 69 0
6  362 70 0
0

0101000
+113 0 -112 0 *
Ve
1e-07
-0.0263644157531725 3.4999007011031 -3.8
0 0

0101101
*
Ed
 1e-07 1 1 0
1  182 0 4.71239707520272 6.28318530717959
2  239 69 0 4.71239707520272 6.28318530717959
2  240 71 0 4.71239707520272 6.28318530717959
4 G2 69 0 71 0
6  363 69 0
6  364 71 0
0

0101000
+112 0 -110 0 *
Ve
1e-07
3.5 4.28626379701574e-16 -3.8
0 0

0101101
*
Ed
 1e-07 1 1 0
1  183 0 3.14159265358979 4.71992174183763
2  241 69 0 3.14159265358979 4.71992174183763
2  242 72 0 3.14159265358979 4.71992174183763
4 G1 69 0 72 0
6  365 69 0
6  366 72 0
0

0101000
+108 0 -110 0 *
Ve
1e-07
0.026364415753172 -3.4999007011031 -3.8
0 0

0101101
*
Ed
 1e-07 1 1 0
1  184 0 1.57832908824783 3.14159265358979
2  243 69 0 1.57832908824783 3.14159265358979
2  244 73 0 1.57832908824783 3.14159265358979
4 G1 69 0 73 0
6  367 69 0
6  368 73 0
0

0101000
+106 0 -108 0 *
Ve
6.92244927328405e-06
0.024864824359683 -3.29990956278122 -3.99999999998688
0 0

0101101
*
Ed
 1e-07 1 1 0
1  185 0 4.7124051788445 6.28318530717959
2  245 69 0 4.7124051788445 6.28318530717959
2  246 71 0 4.7124051788445 6.28318530717959
4 G2 69 0 71 0
6  369 69 0
6  370 71 0
0

0101000
+104 0 -106 0 *
Ed
 1e-07 1 1 1
2  247 69 0 0 1.04885277205239e-06
6  371 69 0
0

0101000
+104 0 -104 0 *
Ed
 1.54191619051445e-06 1 1 0
1  186 0 0.00247229803427533 1
2  248 69 0 0.00247229803427533 1
4 C0 69 0 70 0
6  372 69 0
6  373 70 0
0

0101000
+104 0 -113 0 *
Wi

0101100
+111 0 +109 0 -107 0 -105 0 -103 0 +102 0 +101 0 *
Fa
0  1e-07 69 0
2  69
0101000
+100 0 *
Ve
1e-07
2 0 0
0 0

0101101
*
Ve
1e-07
-2 2.44929359829471e-16 0
0 0

0101101
*
Ed
 1e-07 1 1 0
1  187 0 0 3.14159265358979
2  249 74 0 0 3.14159265358979
4 C0 74 0 75 0
6  374 74 0
6  375 75 0
0

0101000
+98 0 -97 0 *
Ve
1e-07
-1.99999999993697 0 9.8
0 0

0101101
*
Ed
 1e-07 1 1 0
1  188 0 0 9.8
2  250 74 0 0 9.8
2  251 76 0 0 9.8
4 CN 74 0 76 0
6  376 74 0
6  377 76 0
0

0101000
+97 0 -95 0 *
Ve
1e-07
1.99999999993697 2.44929359821752e-16 9.8
0 0

0101101
*
Ed
 1e-07 1 1 0
1  189 0 3.14159265358979 6.28318530717959
2  252 74 0 3.14159265358979 6.28318530717959
2  253 77 0 3.14159265358979 6.28318530717959
4 C0 74 0 77 0
6  378 77 0
6  379 74 0
0

0101000
+95 0 -93 0 *
Ed
 1e-07 1 1 0
1  190 0 0 9.8
2  254 74 0 0 9.8
2  255 76 0 0 9.8
4 CN 74 0 76 0
6  380 74 0
6  381 76 0
0

0101000
+98 0 -93 0 *
Wi

0101100
+96 0 +94 0 +92 0 -91 0 *
Fa
0  1e-07 74 0
2  74
0101000
+90 0 *
Ve
1e-07
-1.80000000000291 0 9.9999999999909
0 0

0101101
*
Ve
1e-07
1.80000000000291 2.32682891834316e-16 9.9999999999909
0 0

0101101
*
Ed
 1e-07 1 1 0
1  191 0 0 3.14159265358979
2  256 77 0 0 3.14159265358979
4 C0 77 0 78 0
6  382 77 0
6  383 78 0
0

0101000
+88 0 -87 0 *
Ed
 1e-07 1 1 0
1  192 0 -0.282842712524202 -1.02641968320026e-10
2  257 77 0 -0.282842712524202 -1.02641968320026e-10
2  258 79 0 -0.282842712524202 -1.02641968320026e-10
4 CN 77 0 79 0
6  384 77 0
6  385 79 0
0

0101000
+87 0 -93 0 *
Ed
 1e-07 1 1 0
1  193 0 -0.282842712524202 -1.02641968320026e-10
2  259 77 0 -0.282842712524202 -1.02641968320026e-10
2  260 79 0 -0.282842712524202 -1.02641968320026e-10
4 CN 77 0 79 0
6  386 77 0
6  387 79 0
0

0101000
+88 0 -95 0 *
Wi

0101100
+86 0 +85 0 -92 0 -84 0 *
Fa
0  1e-07 77 0
2  77
0101000
+83 0 *
Ve
1e-07
-3.5 0 0
0 0

0101101
*
Ve
1e-07
3.5 4.28626379701574e-16 0
0 0

0101101
*
Ed
 1e-07 1 1 0
1  194 0 0 3.14159265358979
2  261 72 0 0 3.14159265358979
4 C0 72 0 75 0
6  388 72 0
6  389 75 0
0

0101000
+81 0 -80 0 *
Ed
 1e-07 1 1 0
1  195 0 0 3.8
2  262 72 0 0 3.8
2  263 73 0 0 3.8
4 CN 72 0 73 0
6  390 72 0
6  391 73 0
0

0101000
+80 0 -108 0 *
Ve
1e-07
-3.5 0 -3.8
0 0

0101101
*
Ed
 1e-07 1 1 0
1  196 0 4.71992174183763 6.28318530717959
2  264 72 0 4.71992174183763 6.28318530717959
2  265 71 0 4.71992174183763 6.28318530717959
4 G1 72 0 71 0
6  392 71 0
6  393 72 0
0

0101000
+110 0 -77 0 *
Ed
 1e-07 1 1 0
1  197 0 0 3.8
2  266 72 0 0 3.8
2  267 73 0 0 3.8
4 CN 72 0 73 0
6  394 72 0
6  395 73 0
0

0101000
+81 0 -77 0 *
Wi

0101100
+79 0 +78 0 +107 0 +76 0 -75 0 *
Fa
0  1e-07 72 0
2  72
0101000
+74 0 *
Ed
 1e-07 1 1 0
1  198 0 3.14159265358979 6.28318530717959
2  268 76 0 3.14159265358979 6.28318530717959
4 C0 76 0 75 0
6  396 76 0
6  397 75 0
0

0101000
+97 0 -98 0 *
Ed
 1e-07 1 1 0
1  199 0 0 3.14159265358979
2  269 76 0 0 3.14159265358979
2  270 79 0 0 3.14159265358979
4 C0 76 0 79 0
6  398 79 0
6  399 76 0
0

0101000
+93 0 -95 0 *
Wi

0101100
-94 0 +72 0 +91 0 +71 0 *
Fa
0  1e-07 76 0
2  76
0101000
+70 0 *
Ed
 1e-07 1 1 0
1  200 0 3.14159265358979 6.28318530717959
2  271 79 0 3.14159265358979 6.28318530717959
4 C0 79 0 78 0
6  400 79 0
6  401 78 0
0

0101000
+87 0 -88 0 *
Wi

0101100
-85 0 +68 0 +84 0 -71 0 *
Fa
0  1e-07 79 0
2  79
0101000
+67 0 *
Wi

0101100
-96 0 -72 0 *
Ed
 1e-07 1 1 0
1  201 0 3.14159265358979 6.28318530717959
2  272 73 0 3.14159265358979 6.28318530717959
4 C0 75 0 73 0
6  402 73 0
6  403 75 0
0

0101000
+80 0 -81 0 *
Wi

0101100
-79 0 -64 0 *
Fa
0  1e-07 75 0
2  75
0101000
-65 0 -63 0 *
Wi

0101100
-86 0 -68 0 *
Fa
0  1e-07 78 0
2  78
0101000
+61 0 *
Ed
 1e-07 1 1 0
1  202 0 0 1.57832908824783
2  273 73 0 0 1.57832908824783
2  274 71 0 0 1.57832908824783
4 G1 73 0 71 0
6  404 71 0
6  405 73 0
0

0101000
+77 0 -106 0 *
Wi

0101100
-78 0 +64 0 +75 0 +59 0 +105 0 *
Fa
0  1e-07 73 0
2  73
0101000
+58 0 *
Ve
1e-07
3.55076211489003e-16 -3.3 -4
0 0

0101101
*
Ed
 1e-07 1 1 0
1  203 0 0.00239775240083478 1
2  275 71 0 0.00239775240083478 1
4 G1 71 0 70 0
6  406 71 0
6  407 70 0
0

0101000
+112 0 -56 0 *
Ed
 1e-07 1 1 0
1  204 0 0 0.00247229803427533
2  276 71 0 0 0.00247229803427533
4 C0 71 0 70 0
6  408 71 0
6  409 70 0
0

0101000
+56 0 -104 0 *
Wi

0101100
-109 0 +55 0 +54 0 +103 0 -59 0 -76 0 *
Fa
0  1e-07 71 0
2  71
0101000
+53 0 *
Ve
1e-07
-1.73205080756898 1.33627917758838e-14 -4
0 0

0101101
*
Ve
1e-07
-0.8660254037844 -1.5 -4
0 0

0101101
*
Ed
 1e-07 1 1 0
1  205 0 -1.73205080756896 0
4 C0 70 0 80 0
6  410 70 0
6  411 80 0
0

0101000
+51 0 -50 0 *
Ve
1e-07
0.866025403784446 -1.50000000000003 -4
0 0

0101101
*
Ed
 1e-07 1 1 0
1  206 0 -0.8660254037844 0.866025403784446
4 C0 70 0 81 0
6  412 70 0
6  413 81 0
0

0101000
+50 0 -48 0 *
Ve
1e-07
1.73205080756898 -1.33627917758838e-14 -4
0 0

0101101
*
Ed
 1e-07 1 1 0
1  207 0 -1.73205080756896 -2.31188365994991e-14
4 C0 70 0 82 0
6  414 70 0
6  415 82 0
0

0101000
+48 0 -46 0 *
Ve
1e-07
0.8660254037844 1.5 -4
0 0

0101101
*
Ed
 1e-07 1 1 0
1  208 0 -1.73205080756896 0
4 C0 70 0 83 0
6  416 70 0
6  417 83 0
0

0101000
+46 0 -44 0 *
Ve
1e-07
-0.866025403784423 1.50000000000001 -4
0 0

0101101
*
Ed
 1e-07 1 1 0
1  209 0 -1.7320508075688 2.30926389122033e-14
4 C0 70 0 84 0
6  418 70 0
6  419 84 0
0

0101000
+44 0 -42 0 *
Ed
 1e-07 1 1 0
1  210 0 -1.73205080756896 -2.31188365994991e-14
4 C0 70 0 85 0
6  420 70 0
6  421 85 0
0

0101000
+42 0 -51 0 *
Wi

0101100
+49 0 +47 0 +45 0 +43 0 +41 0 +40 0 *
Wi

0101100
-111 0 -101 0 -54 0 -55 0 *
Fa
0  1e-07 70 0
2  70
0101000
+39 0 +38 0 *
Ve
1e-07
0.866025403784446 -1.50000000000003 -1.4
0 0

0101101
*
Ve
1e-07
-0.8660254037844 -1.5 -1.4
0 0

0101101
*
Ed
 1e-07 1 1 0
1  211 0 -4.59632332194815e-14 1.7320508075688
4 C0 81 0 86 0
6  422 81 0
6  423 86 0
0

0101000
+36 0 -35 0 *
Ed
 1e-07 1 1 0
1  212 0 0 2.6
4 C0 81 0 82 0
6  424 81 0
6  425 82 0
0

0101000
+48 0 -36 0 *
Ed
 1e-07 1 1 0
1  213 0 -2.6 0
4 C0 81 0 80 0
6  426 81 0
6  427 80 0
0

0101000
+35 0 -50 0 *
Wi

0101100
-34 0 -33 0 -47 0 -32 0 *
Fa
0  1e-07 81 0
2  81
0101000
-31 0 *
Ve
1e-07
-1.73205080756898 1.33627917758838e-14 -1.4
0 0

0101101
*
Ed
 1e-07 1 1 0
1  214 0 0 1.73205080756896
4 C0 80 0 86 0
6  428 80 0
6  429 86 0
0

0101000
+35 0 -29 0 *
Ed
 1e-07 1 1 0
1  215 0 -2.6 0
4 C0 80 0 85 0
6  430 80 0
6  431 85 0
0

0101000
+29 0 -51 0 *
Wi

0101100
-28 0 +32 0 -49 0 -27 0 *
Fa
0  1e-07 80 0
2  80
0101000
-26 0 *
Ve
1e-07
1.73205080756895 -2.67255835517677e-14 -1.4
0 0

0101101
*
Ed
 1e-07 1 1 0
1  216 0 4.61266508965372e-14 1.73205080756896
4 C0 86 0 82 0
6  432 86 0
6  433 82 0
0

0101000
+24 0 -36 0 *
Ve
1e-07
-0.866025403784423 1.50000000000001 -1.4
0 0

0101101
*
Ed
 1e-07 1 1 0
1  217 0 2.31188365994999e-14 1.73205080756896
4 C0 86 0 85 0
6  434 86 0
6  435 85 0
0

0101000
+29 0 -22 0 *
Ve
1e-07
0.8660254037844 1.5 -1.4
0 0

0101101
*
Ed
 1e-07 1 1 0
1  218 0 -2.30926389122033e-14 1.7320508075688
4 C0 86 0 84 0
6  436 86 0
6  437 84 0
0

0101000
+22 0 -20 0 *
Ed
 1e-07 1 1 0
1  219 0 0 1.73205080756896
4 C0 86 0 83 0
6  438 86 0
6  439 83 0
0

0101000
+20 0 -24 0 *
Wi

0101100
+23 0 +34 0 +28 0 +21 0 +19 0 +18 0 *
Fa
0  1e-07 86 0
2  86
0101000
+17 0 *
Ed
 1e-07 1 1 0
1  220 0 0 2.6
4 C0 82 0 83 0
6  440 82 0
6  441 83 0
0

0101000
+46 0 -24 0 *
Wi

0101100
-23 0 -15 0 -45 0 +33 0 *
Fa
0  1e-07 82 0
2  82
0101000
-14 0 *
Ed
 1e-07 1 1 0
1  221 0 -2.6 0
4 C0 85 0 84 0
6  442 85 0
6  443 84 0
0

0101000
+22 0 -42 0 *
Wi

0101100
-21 0 +27 0 -40 0 -12 0 *
Fa
0  1e-07 85 0
2  85
0101000
-11 0 *
Ed
 1e-07 1 1 0
1  222 0 0 2.6
4 C0 83 0 84 0
6  444 83 0
6  445 84 0
0

0101000
+44 0 -20 0 *
Wi

0101100
-18 0 -9 0 -43 0 +15 0 *
Fa
0  1e-07 83 0
2  83
0101000
-8 0 *
Wi

0101100
-19 0 +12 0 -41 0 +9 0 *
Fa
0  1e-07 84 0
2  84
0101000
-6 0 *
Sh

0101100
+99 0 +89 0 +82 0 +73 0 +69 0 +66 0 -62 0 +60 0 +57 0 +52 0 
+37 0 -30 0 -25 0 +16 0 -13 0 -10 0 -7 0 -5 0 *
So

0100000
+4 0 *
Co

0100000
+114 2 +3 3 *
Co

1100000
+2 1 *

+1 0 